location,time,T_amb,wind_speed,wind_dir,humidity,irradiance,cloud_cover,pressure,pv_height,pitch,roll,yaw,T_operating,eta
 -87.63  41.88  181.0, 0 11 202  7 2024,    285.4564,      2.7317,     45.4628,      0.1801,   1183.5163,      0.7446,  86277.3655,      2.7697,     37.0770,    -34.6418,    -12.0289,  291.3366,0.205451
 151.21 -33.87   39.0, 0 16 299 10 2024,    256.9509,     19.1919,     95.2597,      0.3093,   1010.3074,      0.1995,  89344.5051,      3.7577,     12.2636,      3.6985,     32.1496,  260.3905,0.230208
-112.07  33.45  331.0, 0  6  15  1 2024,    246.5151,      3.3496,     23.2943,      0.2302,    208.4667,      0.8030,  79184.1790,      0.7215,     22.3443,    -35.3708,    -13.8477,  246.7016,0.241159
  -0.13  51.51   11.0, 0 16 299 10 2024,    312.4408,      7.5477,      2.0997,      0.8248,   1221.7945,      0.9076,  85890.4216,      4.5020,     72.3645,     40.0327,    179.7034,  312.4408,0.188567
  55.30  25.20    5.0, 0 12  75  3 2024,    253.0313,     24.1028,    192.9929,      0.4434,   1267.3647,      0.8952,  88777.3965,      3.7390,     86.5933,    -38.1796,     53.1460,  253.2272,0.235938
 151.21 -33.87   39.0, 0  9  46  2 2024,    317.8999,      4.7565,    283.9615,      0.8384,   1115.1542,      0.9774,  60623.8924,      1.6848,     39.1307,      4.4354,    -33.6109,  318.3090,0.183873
 139.69  35.69   40.0, 0 12  75  3 2024,    316.8352,     16.8694,    136.9689,      0.1603,    335.5302,      0.9287,  63432.6044,      2.0723,     65.5881,    -26.2625,   -155.8717,  316.8352,0.185052
 -87.63  41.88  181.0, 0  9  46  2 2024,    240.1273,     11.8346,    169.3511,      0.8071,    766.4977,      0.0959,  91710.3225,      2.1385,     85.5513,     18.6975,    155.6029,  240.1273,0.246418
 139.69  35.69   40.0, 0 12 355 12 2024,    315.3969,     21.2258,    118.8954,      0.7341,    168.6248,      0.8830,  82351.3950,      2.1371,     78.2113,      2.9917,    -48.1136,  315.5012,0.186119
  -0.13  51.51   11.0, 0  8 325 11 2024,    285.2700,      7.7253,     28.1566,      0.6745,    529.8081,      0.2760,  72790.7166,      4.5535,     85.2317,     25.9332,    -92.1428,  289.3856,0.207011
-112.07  33.45  331.0, 0 15 105  4 2024,    295.7410,     18.9792,    323.4829,      0.4881,    642.2844,      0.2553,  60341.3113,      0.7013,     60.8677,     19.9255,    -51.9605,  295.7410,0.201927
  28.05 -26.20 1753.0, 0 11 202  7 2024,    254.3556,     21.9193,     26.0287,      0.4369,    229.7457,      0.2505,  67634.2088,      4.4129,     50.3721,      5.1201,    102.5685,  254.7362,0.234731
 151.21 -33.87   39.0, 0 12  75  3 2024,    317.6316,      4.7525,    200.4460,      0.9444,    232.4226,      0.6412,  69527.3092,      4.8060,     48.2334,     10.1139,    107.2637,  318.7869,0.183491
  28.05 -26.20 1753.0, 0 12  75  3 2024,    237.7385,     20.8591,    112.2102,      0.1054,    708.5799,      0.2712,  62585.9085,      1.4972,     82.5781,     26.8451,    -39.6902,  237.7385,0.248329
  -0.13  51.51   11.0, 0 11 202  7 2024,    256.6530,     11.9677,    353.2131,      0.5710,   1213.0793,      0.1446,  86611.8753,      3.9334,     44.0049,     11.4661,    -74.9823,  265.9288,0.225777
  28.05 -26.20 1753.0, 0  6  15  1 2024,    313.2875,     12.2859,    287.8249,      0.7088,   1239.9228,      0.1428,  93711.0466,      2.6833,     73.3560,     30.8796,   -146.6916,  316.1405,0.185608
 -87.63  41.88  181.0, 0  9 266  9 2024,    314.6616,     21.7249,     25.2534,      0.6641,    789.3552,      0.3966,  99512.5998,      3.9299,     38.1309,    -15.4398,      9.6157,  316.6016,0.185239
-122.00  37.50   25.0, 0 10 135  5 2024,    256.5609,      6.2540,     17.8540,      0.0110,    537.7070,      0.9126,  90069.3654,      2.0798,     72.7446,    -35.6544,   -152.5183,  256.7402,0.233128
 151.21 -33.87   39.0, 0 15 105  4 2024,    243.3193,      3.1921,    184.9728,      0.7807,   1293.1887,      0.3508,  99032.0759,      3.7444,     55.0402,    -16.5567,     22.9361,  245.2228,0.242342
-122.00  37.50   25.0, 0 16 299 10 2024,    249.2017,      8.8730,      7.2266,      0.8757,     16.5138,      0.0192,  92414.4671,      3.8711,     85.7081,    -16.9283,    114.9120,  249.3196,0.239064
  55.30  25.20    5.0, 0 11 202  7 2024,    265.5933,     23.0550,    133.0190,      0.0838,    692.1840,      0.2870,  85319.5451,      2.6409,     83.6718,     31.2125,    -51.6781,  266.4823,0.225334
  55.30  25.20    5.0, 0  9  46  2 2024,    283.3733,      6.8444,    109.3945,      0.7470,    430.3971,      0.8596,  80040.8451,      3.1946,      3.2706,    -31.5602,     52.9719,  283.7997,0.211480
  55.30  25.20    5.0, 0  6  15  1 2024,    295.0483,     22.9525,    269.0607,      0.9552,   1216.9621,      0.7352,  67975.7865,      1.8024,      2.0755,     -4.8396,     67.4379,  295.0483,0.202481
 -46.63 -23.55  760.0, 0 12  75  3 2024,    296.7625,     11.8541,     17.9739,      0.1630,   1155.3431,      0.4588, 100972.7312,      2.5288,     50.9271,     -6.8369,   -114.0797,  301.9242,0.196981
 -87.63  41.88  181.0, 0  8 325 11 2024,    310.0725,     18.5311,    194.3849,      0.7546,    719.6867,      0.8019,  90730.6015,      2.5579,     65.5995,     37.3916,    -49.2719,  310.9470,0.189762
 151.21 -33.87   39.0, 0  6  15  1 2024,    234.2979,     12.6405,    184.6635,      0.4207,   1274.7277,      0.4328,  93405.1648,      4.2906,     63.3448,    -16.8634,    -17.7836,  238.4175,0.247786
 151.21 -33.87   39.0, 0  9 266  9 2024,    313.5159,      4.4983,     37.0831,      0.3072,   1301.1802,      0.0315,  78502.3126,      3.0456,     14.9417,     28.6986,    173.5126,  328.8732,0.175421
  55.30  25.20    5.0, 0 13 172  6 2024,    289.0848,     10.4539,    263.2361,      0.2800,   1083.4495,      0.6798,  89466.4815,      3.4773,     53.9203,      0.5727,    -11.4429,  291.4130,0.205390
  28.05 -26.20 1753.0, 0 11 202  7 2024,    298.5554,      1.0249,    282.8698,      0.8389,    221.4202,      0.9840,  69805.8588,      2.3376,     46.0562,     20.1255,    157.4120,  298.6452,0.199604
 -87.63  41.88  181.0, 0 14 228  8 2024,    321.4529,     12.3511,    214.1157,      0.7006,    303.7158,      0.9142,  84113.5828,      4.3957,     61.3938,     16.4557,    159.8709,  321.5087,0.181313
-122.00  37.50   25.0, 0 12 355 12 2024,    314.0736,      2.3106,    287.3587,      0.8474,   1129.1454,      0.1125, 100616.3893,      1.6891,     22.4029,     10.4291,     28.3347,  335.9253,0.169780
  28.05 -26.20 1753.0, 0  9 266  9 2024,    311.2488,     11.0806,    189.6676,      0.1748,    235.3513,      0.0315,  92348.4991,      0.7966,     16.4451,      3.3280,     45.7742,  312.9842,0.188133
  -0.13  51.51   11.0, 0  6  15  1 2024,    247.7953,     24.7623,    237.3461,      0.1562,    786.3969,      0.5783,  74491.6805,      3.1899,     60.9465,    -19.0512,    -75.8952,  249.3064,0.239075
 139.69  35.69   40.0, 0  9  46  2 2024,    290.2634,     14.3570,    260.3184,      0.6596,    360.4879,      0.1633,  74038.4630,      2.1760,      5.9778,     30.4229,     -0.1268,  291.6214,0.205223
 151.21 -33.87   39.0, 0 11 202  7 2024,    275.2288,     14.5470,    146.6847,      0.4438,   1100.9772,      0.5133,  91632.8240,      1.7897,     65.4782,    -17.9829,    131.6958,  278.4270,0.215778
  -0.13  51.51   11.0, 0 13 172  6 2024,    286.6115,     11.0971,     21.4195,      0.3720,    945.8367,      0.0274,  74863.7297,      0.5615,     11.3546,     17.3360,     79.9187,  301.9230,0.196982
 139.69  35.69   40.0, 0  9  46  2 2024,    239.0839,     16.7182,    260.2125,      0.7621,    222.1204,      0.6260,  98375.8803,      2.4552,      9.3277,     34.8814,     36.6051,  239.3292,0.247057
 151.21 -33.87   39.0, 0  8 325 11 2024,    312.3205,     17.0425,    252.7991,      0.7094,    281.3622,      0.3966,  77007.9167,      2.7501,     25.2197,    -25.2137,    -33.6562,  313.2683,0.187905
  -0.13  51.51   11.0, 0 14 228  8 2024,    257.1924,     21.2666,    310.5600,      0.9536,   1200.6369,      0.7987,  93359.7720,      1.0213,     49.5984,     22.8023,   -163.5710,  257.1924,0.232766
-112.07  33.45  331.0, 0 12  75  3 2024,    287.7751,      1.4687,    128.7508,      0.6027,   1019.5251,      0.8770,  87847.2177,      3.1868,     16.0982,      0.3478,    -84.9307,  290.6072,0.206034
 -87.63  41.88  181.0, 0 16 299 10 2024,    241.4710,      5.0709,     19.5072,      0.2737,    656.3504,      0.7090,  83159.1029,      2.8916,     54.4168,     23.8074,     34.3900,  244.1580,0.243194
-122.00  37.50   25.0, 0 12  75  3 2024,    265.1565,      7.6870,    350.1517,      0.4924,   1320.8138,      0.9983,  69650.0269,      0.9301,      0.8214,    -41.1626,    -29.7521,  265.1840,0.226373
-122.00  37.50   25.0, 0 10 135  5 2024,    243.4919,      6.0004,    236.7981,      0.0194,   1122.8082,      0.2955,  66396.2449,      4.4583,     76.5779,    -14.1209,     15.0689,  247.4264,0.240579
  28.05 -26.20 1753.0, 0 12  75  3 2024,    319.7933,      0.0721,    300.1420,      0.7315,   1341.3712,      0.4262,  90259.2451,      2.6076,     84.1232,     25.3926,     77.5093,  319.9633,0.182549
  28.05 -26.20 1753.0, 0 12  75  3 2024,    297.5425,     24.8087,    214.7404,      0.5178,   1006.5894,      0.2208,  97140.9088,      4.2617,     80.6500,      7.8786,    -97.2834,  298.4448,0.199764
-122.00  37.50   25.0, 0  9 266  9 2024,    285.0963,      7.8036,     85.1393,      0.7986,   1227.5085,      0.4987, 101149.2332,      1.5772,     20.4102,    -24.8024,    -56.5552,  293.5144,0.203709
-112.07  33.45  331.0, 0 12 355 12 2024,    246.4679,     13.2220,    218.3178,      0.6017,    954.4154,      0.2914,  65603.8561,      2.7068,     35.9606,    -38.3654,    -67.0163,  249.7801,0.238696
 -87.63  41.88  181.0, 0 10 135  5 2024,    299.3813,     10.2141,     65.6358,      0.9938,   1125.3778,      0.6086, 101262.4204,      1.6517,     71.1767,     31.9549,   -141.0083,  301.2798,0.197496
-122.00  37.50   25.0, 0 16 299 10 2024,    291.0702,     11.9291,     32.8202,      0.0678,    808.8426,      0.9887,  87772.6822,      3.8977,     42.4823,      4.5510,    -76.3304,  291.0702,0.205664
 151.21 -33.87   39.0, 0  9  46  2 2024,    241.2589,     20.4486,     57.8141,      0.8586,    477.9038,      0.6316,  63604.5028,      1.7492,     12.8957,    -34.9291,    -83.2259,  242.2530,0.244718
 151.21 -33.87   39.0, 0 15 105  4 2024,    249.5420,      6.9517,     44.3131,      0.7411,    549.0148,      0.0463,  97830.9150,      0.9996,      4.6019,     12.1799,    -65.0929,  254.0478,0.235282
 -87.63  41.88  181.0, 0  9 266  9 2024,    307.5376,     11.7867,    177.9866,      0.9261,    464.9471,      0.1126,  94160.0720,      4.6544,     21.5222,      8.4383,    130.8972,  308.3094,0.191872
-112.07  33.45  331.0, 0  6  15  1 2024,    260.7683,     13.6546,    265.4604,      0.9799,   1029.1946,      0.6341,  94327.4127,      0.7195,     41.0056,     17.7289,    -27.6184,  263.3785,0.227817
  -0.13  51.51   11.0, 0 16 299 10 2024,    317.5622,     17.8943,     70.7184,      0.7011,    196.6943,      0.8211,  72817.2466,      4.2743,     13.5412,     30.2670,     40.3618,  317.6450,0.184404
 151.21 -33.87   39.0, 0 10 135  5 2024,    260.2754,     19.3619,    267.8557,      0.4359,    851.3423,      0.5290,  65598.1076,      3.9499,     57.4570,    -31.0553,    -53.3202,  260.8177,0.229866
  28.05 -26.20 1753.0, 0  6  15  1 2024,    286.5235,     11.5084,    194.8318,      0.5834,   1116.2483,      0.1097,  64030.7066,      2.5763,     20.7168,     11.3101,   -153.3087,  288.7717,0.207503
-112.07  33.45  331.0, 0 11 202  7 2024,    243.0687,      4.6277,    332.7050,      0.3719,     61.2881,      0.6583, 100564.2389,      1.7449,      9.0082,    -14.9651,   -129.6460,  243.4884,0.243729
 -46.63 -23.55  760.0, 0 10 135  5 2024,    302.2150,     22.8530,      8.0958,      0.8379,   1354.7696,      0.9102,  87916.0908,      4.0237,     20.8290,     16.2568,     55.6221,  302.4500,0.196560
  -0.13  51.51   11.0, 0 13 172  6 2024,    300.8037,     16.2267,     52.9079,      0.9759,   1138.4849,      0.0497,  77785.8212,      4.3004,     86.4181,    -37.9712,   -108.6410,  300.8037,0.197877
 -87.63  41.88  181.0, 0  6  15  1 2024,    261.1508,     15.8719,     41.8604,      0.6198,    258.5019,      0.8002,  66734.7933,      3.2405,     62.1644,     34.6595,   -126.8499,  261.3405,0.229448
-122.00  37.50   25.0, 0 14 228  8 2024,    300.9144,     18.7191,      2.6720,      0.8342,   1320.6200,      0.2511,  85855.9396,      1.9205,     47.5081,     28.7063,   -127.4532,  301.8375,0.197050
 103.82   1.35   15.0, 0  8 325 11 2024,    255.4527,     21.5475,     69.9039,      0.4061,    713.0252,      0.3797,  85960.9572,      3.9987,     42.3467,    -29.8793,     77.0133,  255.4527,0.234158
-112.07  33.45  331.0, 0 12  75  3 2024,    233.5991,      6.8413,    331.9079,      0.5952,    752.7839,      0.2577,  74792.1984,      4.1644,      0.5007,    -35.9291,     77.7451,  239.2511,0.247119
 -46.63 -23.55  760.0, 0 11 202  7 2024,    311.6607,      6.1857,    155.5369,      0.2958,   1239.2615,      0.3320,  62345.7882,      0.9081,     41.6380,     -7.7861,     -6.8872,  313.3518,0.187839
 -46.63 -23.55  760.0, 0 14 228  8 2024,    299.6066,      0.3735,    350.0781,      0.4717,    924.7545,      0.0267,  68395.1597,      1.5503,     16.7760,      2.4317,     36.0217,  318.8724,0.183422
  55.30  25.20    5.0, 0 14 228  8 2024,    311.6406,     20.0362,    168.3362,      0.5965,    663.4370,      0.4101,  81725.1607,      0.5312,     62.3349,      7.6634,    156.4928,  313.9415,0.187367
 -46.63 -23.55  760.0, 0 14 228  8 2024,    271.4620,     14.9193,    313.6623,      0.5576,    324.8065,      0.5556, 100220.4524,      0.7849,     42.5350,    -42.7359,   -139.6932,  272.3391,0.220649
  -0.13  51.51   11.0, 0 15 105  4 2024,    321.9054,     19.3810,    193.2474,      0.3372,    188.3537,      0.8041,  60270.1826,      2.2600,     34.0280,    -25.3366,     75.3509,  322.1610,0.180791
  55.30  25.20    5.0, 0 13 172  6 2024,    277.4726,     11.0928,    207.4315,      0.5813,    551.9914,      0.7261,  93466.8488,      0.8361,     33.3467,    -20.0308,    -96.3224,  279.1685,0.215185
 -87.63  41.88  181.0, 0  9 266  9 2024,    267.6561,     10.7462,    200.8597,      0.0667,    769.9296,      0.0514, 100447.0679,      4.8271,     23.2635,    -39.0712,    -96.3511,  272.5079,0.220514
-112.07  33.45  331.0, 0  9 266  9 2024,    297.6948,      9.2130,    251.0976,      0.0639,    290.9877,      0.4849,  67270.7092,      0.5629,      7.2150,     26.7262,    167.4149,  299.1357,0.199211
 151.21 -33.87   39.0, 0  8 325 11 2024,    318.7726,     14.1357,    299.3005,      0.5865,    540.0089,      0.0803,  69286.8951,      4.4148,     32.8402,    -25.9344,    -68.5134,  322.7978,0.180282
-122.00  37.50   25.0, 0 11 202  7 2024,    299.5161,     23.7338,     51.4727,      0.5184,   1228.5308,      0.6700,  65890.3858,      4.0519,     30.4900,    -41.9211,    -41.1529,  301.3329,0.197454
-122.00  37.50   25.0, 0  9 266  9 2024,    243.3507,     19.7286,    349.9875,      0.6748,    352.2076,      0.1732,  92809.4636,      1.4919,      5.3331,    -34.1180,     70.9094,  244.4571,0.242954
 151.21 -33.87   39.0, 0  8 325 11 2024,    254.1311,     17.5953,    232.6605,      0.0241,    635.6816,      0.2459,  67962.5380,      4.5526,     55.3965,     -7.2646,      1.7264,  255.3427,0.234246
 151.21 -33.87   39.0, 0  6  15  1 2024,    238.1075,      7.5722,     93.3457,      0.3272,     19.5559,      0.0785,  76270.5605,      1.8221,     78.4341,     42.7430,    115.7276,  238.1075,0.248034
-112.07  33.45  331.0, 0 13 172  6 2024,    258.1028,     12.1878,    121.1668,      0.0924,    871.9153,      0.2230,  90670.1647,      3.9175,     37.1910,     -9.2668,     12.7857,  264.3479,0.227042
 103.82   1.35   15.0, 0 10 135  5 2024,    288.9410,      1.4048,    324.9177,      0.8782,    822.6238,      0.7439,  89069.6679,      0.6050,     39.1846,      9.1595,   -139.6996,  295.8554,0.201836
 151.21 -33.87   39.0, 0 13 172  6 2024,    234.6915,      7.1280,    237.0491,      0.4677,    206.6289,      0.3839,  63528.3309,      3.4709,     39.4750,     30.8252,     26.6934,  234.6915,0.250767
  28.05 -26.20 1753.0, 0  6  15  1 2024,    287.0444,      4.4378,    245.6324,      0.7156,    732.5985,      0.0119,  65324.2708,      1.7112,      6.4471,    -36.6059,    -25.7305,  290.3119,0.206271
 -87.63  41.88  181.0, 0 14 228  8 2024,    319.3347,     16.6503,    337.7567,      0.3835,    411.3459,      0.8665,  74924.2234,      2.6355,     33.9150,     30.3623,    138.9844,  319.6146,0.182828
  28.05 -26.20 1753.0, 0 14 228  8 2024,    276.9591,     11.7267,    313.1262,      0.3562,    848.9030,      0.7801,  87492.0990,      2.0450,     21.2603,    -39.7753,   -153.8252,  278.2827,0.215894
  55.30  25.20    5.0, 0  9  46  2 2024,    321.7262,      7.4355,     21.3280,      0.8953,    705.0581,      0.9497,  89140.6791,      1.0836,     85.5297,     -1.7263,    162.4989,  321.7262,0.181139
 139.69  35.69   40.0, 0  9  46  2 2024,    247.1460,      0.0144,     90.1395,      0.1296,   1012.2887,      0.5664,  99512.3395,      2.8432,     74.3297,     32.8973,    143.5560,  247.1460,0.240803
-122.00  37.50   25.0, 0 13 172  6 2024,    305.7824,     17.8431,    315.4533,      0.9311,   1161.8727,      0.8576,  78872.7221,      3.2425,     17.0509,    -16.9352,     97.1771,  307.0004,0.192920
 139.69  35.69   40.0, 0  9 266  9 2024,    308.6203,     18.8797,    346.5813,      0.5101,     27.4095,      0.8815, 100044.1892,      3.4465,     71.0527,     10.0692,    -42.6467,  308.6429,0.191606
 -87.63  41.88  181.0, 0 15 105  4 2024,    315.9992,     18.6927,    273.0811,      0.0272,    300.6702,      0.1888,  92333.9385,      4.6862,     23.8539,    -18.0166,    129.7119,  317.2607,0.184711
-112.07  33.45  331.0, 0  9 266  9 2024,    265.9205,     12.5526,     12.2563,      0.3669,    339.2231,      0.3513,  91397.9667,      0.9772,     55.6660,     20.8185,     31.6764,  266.8870,0.225010
 151.21 -33.87   39.0, 0 16 299 10 2024,    247.0310,     11.2037,    284.8913,      0.0599,   1115.2352,      0.7742,  69125.8831,      1.1055,      0.5717,     17.4277,    -17.0293,  249.0387,0.239289
 -87.63  41.88  181.0, 0 12 355 12 2024,    321.3966,     16.7324,    258.6993,      0.2775,    468.4262,      0.4679,  70352.5047,      3.2348,     89.3695,    -21.1194,     85.1924,  321.5578,0.181274
 151.21 -33.87   39.0, 0 12 355 12 2024,    243.2714,     21.6932,    195.6327,      0.7061,   1035.5352,      0.4774, 100187.4996,      1.9916,     35.5518,    -31.8366,   -155.2479,  246.3386,0.241449
 -87.63  41.88  181.0, 0 16 299 10 2024,    267.6790,     15.6994,    102.9007,      0.4360,    450.9374,      0.9107,  70728.8676,      0.9809,     14.8103,     28.4513,     25.2143,  267.8680,0.224226
  28.05 -26.20 1753.0, 0 11 202  7 2024,    303.9238,     14.7604,    345.4961,      0.2077,   1201.9946,      0.6785,  66766.7956,      1.4991,     24.2064,     18.3563,     27.1022,  305.2790,0.194297
 139.69  35.69   40.0, 0  8 325 11 2024,    313.1796,      6.2766,    243.2405,      0.5999,   1225.2939,      0.4387,  79282.5134,      1.8160,     81.3207,     43.4572,   -122.1916,  317.4346,0.184572
 139.69  35.69   40.0, 0 16 299 10 2024,    241.6444,     19.4223,    311.1753,      0.7054,   1096.9291,      0.4554,  84723.5669,      3.8252,     11.1220,     37.5998,    -51.3913,  242.2414,0.244727
  55.30  25.20    5.0, 0 15 105  4 2024,    294.9701,      8.2565,    144.1446,      0.2006,    235.6584,      0.6775,  85054.5858,      4.9957,     44.7031,      9.8181,    -97.8205,  294.9701,0.202544
  55.30  25.20    5.0, 0 11 202  7 2024,    299.7826,      6.8831,    265.7156,      0.7899,    149.1829,      0.8140,  66096.8238,      4.3847,     35.1380,     14.3809,    159.7628,  300.0954,0.198444
  28.05 -26.20 1753.0, 0 12  75  3 2024,    241.0505,     12.9656,    348.1666,      0.7095,    352.0941,      0.9112,  60012.1698,      3.9765,     33.2898,     10.6482,   -100.3937,  241.2913,0.245487
-112.07  33.45  331.0, 0  9  46  2 2024,    315.9446,     20.2744,      6.0788,      0.9837,   1104.8468,      0.0035,  96719.6704,      3.6468,     57.5468,    -31.0677,    -28.1296,  322.3421,0.180646
 151.21 -33.87   39.0, 0  6  15  1 2024,    257.9565,      0.6525,    349.0343,      0.4380,    213.9848,      0.7776,  79520.8022,      4.0934,     40.3087,    -32.1499,   -172.9727,  257.9986,0.232121
 -87.63  41.88  181.0, 0 11 202  7 2024,    312.6509,     18.9966,     96.0695,      0.4323,    628.7082,      0.9826,  77076.0131,      0.7623,     24.5400,     23.1635,     62.6997,  312.7536,0.188317
-122.00  37.50   25.0, 0  9  46  2 2024,    263.9343,     21.5851,     13.9026,      0.1603,    816.6087,      0.4015,  95052.9027,      4.6064,     51.4062,    -21.8314,    163.1532,  263.9343,0.227373
  55.30  25.20    5.0, 0 13 172  6 2024,    266.4586,      3.6498,     41.5975,      0.3162,    543.9602,      0.8153,  60308.2387,      4.3740,     57.2347,    -13.9659,   -162.4393,  267.4153,0.224588
 -46.63 -23.55  760.0, 0 12  75  3 2024,    304.9812,     23.4760,    347.1910,      0.4836,   1323.2701,      0.0841,  79500.7546,      1.4326,     47.5463,    -11.8939,     30.4019,  309.0794,0.191256
-122.00  37.50   25.0, 0  8 325 11 2024,    274.7425,      3.1664,    323.0751,      0.8569,    514.3248,      0.2676,  96593.8476,      2.7279,     28.2594,    -43.1395,    108.3533,  274.7425,0.218726
 -87.63  41.88  181.0, 0 11 202  7 2024,    235.5520,     20.0151,    221.6257,      0.1514,   1135.3658,      0.3413,  66952.0119,      0.5708,      4.7256,    -37.1676,   -162.6990,  241.8241,0.245061
  28.05 -26.20 1753.0, 0  9  46  2 2024,    255.8869,     20.2448,    302.6334,      0.0634,    793.6632,      0.7420,  76062.8528,      2.1333,     51.2432,     32.5442,     18.3799,  256.1663,0.233587
 139.69  35.69   40.0, 0 11 202  7 2024,    239.7296,      5.1137,    225.8977,      0.4578,      5.4915,      0.9780,  73412.6575,      0.6367,     40.6755,    -43.2028,   -150.0151,  239.7311,0.246735
 103.82   1.35   15.0, 0 12 355 12 2024,    314.1668,      7.6328,    317.7508,      0.3375,    147.5191,      0.1070,  85630.9548,      4.7355,     65.2808,     43.6721,   -133.5167,  314.3423,0.187046
 -87.63  41.88  181.0, 0  6  15  1 2024,    286.0788,     22.6636,    253.2911,      0.4236,    246.7554,      0.8005,  72498.7554,      0.8506,     38.0173,     31.1631,   -135.6114,  286.2057,0.209555
 -87.63  41.88  181.0, 0 10 135  5 2024,    301.0691,     17.0303,    289.1659,      0.5709,    270.5859,      0.7797,  76094.8595,      1.1278,     32.4858,     33.0244,   -163.0680,  301.4452,0.197364
 -46.63 -23.55  760.0, 0 11 202  7 2024,    248.0561,     24.0719,     97.1254,      0.1349,    256.5627,      0.5331,  88245.6348,      2.1723,     43.9073,    -39.9450,     78.7288,  248.1992,0.239961
  55.30  25.20    5.0, 0  6  15  1 2024,    257.5991,     14.3781,    315.0295,      0.5542,   1358.6313,      0.0858, 100582.0867,      2.3781,     43.1523,     26.3096,   -131.6266,  261.2716,0.229503
-122.00  37.50   25.0, 0  9 266  9 2024,    272.9526,     23.9688,    271.6577,      0.6420,   1205.6708,      0.3163,  74614.3298,      1.5343,     86.5274,    -23.7965,    -89.4902,  277.4035,0.216597
 151.21 -33.87   39.0, 0 14 228  8 2024,    316.0008,     16.2102,    237.2170,      0.3415,    740.2288,      0.0322,  82926.0987,      4.0995,     57.1013,     -5.1855,    -98.1693,  316.0008,0.185719
  28.05 -26.20 1753.0, 0  9 266  9 2024,    302.6920,     19.2285,      3.5026,      0.3120,   1293.1303,      0.7518,  85733.5449,      4.0746,     64.5579,    -33.5164,     71.1677,  302.6920,0.196366
 -46.63 -23.55  760.0, 0  9 266  9 2024,    258.7481,     17.4677,    132.0154,      0.2486,    411.0277,      0.1541,  80352.5518,      3.1471,      9.5473,    -25.5798,   -122.0196,  260.6054,0.230036
-122.00  37.50   25.0, 0  8 325 11 2024,    305.2852,     18.1587,    108.3510,      0.4270,    933.1134,      0.4066,  90200.7609,      1.1067,     17.4425,    -29.3347,   -129.8288,  306.5992,0.193241
 -87.63  41.88  181.0, 0 13 172  6 2024,    276.4315,     23.7947,     64.9088,      0.5126,   1146.3782,      0.8201,  87128.1563,      4.5796,     80.7270,    -20.0187,   -176.7136,  276.4315,0.217375
-122.00  37.50   25.0, 0  9 266  9 2024,    244.8075,     20.5757,     11.0967,      0.6760,    850.1900,      0.6566,  72872.7783,      3.7658,     25.9858,     11.3357,     -3.0139,  246.1249,0.241620
 151.21 -33.87   39.0, 0  9 266  9 2024,    299.1924,     17.4023,    136.9357,      0.7348,    132.1290,      0.5042,  90410.8320,      3.3055,     76.8512,    -15.2277,    -40.6166,  299.3476,0.199042
  28.05 -26.20 1753.0, 0 14 228  8 2024,    279.4045,      4.1224,    228.9794,      0.2298,    517.3407,      0.4518,  79174.0328,      3.5567,     11.7513,    -13.3088,    -87.9792,  282.5175,0.212506
 -87.63  41.88  181.0, 0 14 228  8 2024,    296.4546,     20.2190,    257.8490,      0.6466,    337.5370,      0.9272,  82228.6440,      2.4053,     11.7850,    -35.6646,     49.1026,  296.5910,0.201247
  28.05 -26.20 1753.0, 0  8 325 11 2024,    258.4363,     23.0077,    151.1074,      0.9933,    937.4397,      0.0249,  78271.4911,      4.6646,     23.3736,     -2.2127,     62.2446,  259.8690,0.230625
  55.30  25.20    5.0, 0  9 266  9 2024,    320.4994,     24.6388,     31.5365,      0.0298,    426.8271,      0.7832,  99899.8903,      3.7934,     31.0869,     20.7097,     92.4935,  320.5877,0.182050
  -0.13  51.51   11.0, 0 14 228  8 2024,    282.3585,     20.6458,    175.3081,      0.6588,    561.5648,      0.0470,  69164.9323,      1.4790,     81.7560,    -37.2303,   -138.0963,  282.3585,0.212633
-112.07  33.45  331.0, 0 14 228  8 2024,    249.8717,     15.3486,    303.9205,      0.9815,   1313.9186,      0.1043,  76679.2888,      3.9540,     50.0174,     19.0878,    -57.2721,  253.0340,0.236093
 139.69  35.69   40.0, 0 14 228  8 2024,    248.2073,     11.9500,     35.3275,      0.4162,    911.7856,      0.2968,  69826.4398,      3.7152,     50.0912,    -32.5122,   -175.4362,  249.7133,0.238749
 151.21 -33.87   39.0, 0  8 325 11 2024,    317.7015,     17.5741,      6.9605,      0.8644,    700.6137,      0.4528,  98083.3075,      2.9728,     52.1715,     36.2478,    -49.2153,  319.8782,0.182617
  55.30  25.20    5.0, 0  9 266  9 2024,    319.7910,     24.7513,    133.2891,      0.8148,     17.1552,      0.4076,  93574.3994,      1.2962,     76.6370,     44.0476,    159.7557,  319.7910,0.182687
 139.69  35.69   40.0, 0 12 355 12 2024,    310.0270,     16.0321,     52.9867,      0.4030,    545.9295,      0.2543,  93306.6672,      3.9532,      1.2399,     -6.5862,    175.7549,  311.7899,0.189088
  55.30  25.20    5.0, 0 15 105  4 2024,    322.8088,      4.0788,    228.9659,      0.8338,   1131.5817,      0.5065,  95865.5495,      1.6172,     31.7614,     -9.0223,    100.8561,  336.2720,0.169502
-112.07  33.45  331.0, 0 11 202  7 2024,    283.9614,      5.2096,    247.6756,      0.6669,    758.7024,      0.6925,  62854.1966,      2.2954,     60.7498,    -42.2109,    149.8145,  284.6635,0.210789
  -0.13  51.51   11.0, 0  9 266  9 2024,    249.4066,      9.2117,     85.5579,      0.9302,    747.9003,      0.1368,  84268.5954,      0.9973,     22.9883,     34.6236,    140.7024,  249.8606,0.238631
 -87.63  41.88  181.0, 0 10 135  5 2024,    237.0296,     13.9849,     18.8338,      0.6548,    497.5049,      0.1933,  66924.2966,      2.1296,     51.1771,    -24.2924,      3.3788,  239.8445,0.246644
 -46.63 -23.55  760.0, 0 14 228  8 2024,    260.8007,      2.5162,    285.9760,      0.4646,    930.2998,      0.9022,  87889.2377,      2.4412,     46.8361,     22.3256,    -34.2155,  260.8007,0.229879
 -46.63 -23.55  760.0, 0  9 266  9 2024,    283.4249,     12.0610,    252.7766,      0.0034,   1057.7435,      0.2168,  79860.2237,      3.0498,     12.5193,    -42.9572,     66.7367,  286.5689,0.209265
  55.30  25.20    5.0, 0 14 228  8 2024,    251.7949,      3.5565,     12.1194,      0.8754,    974.9606,      0.3375,  61384.4111,      1.0396,      9.1626,    -43.8366,    -37.2824,  262.0222,0.228902
 -46.63 -23.55  760.0, 0 16 299 10 2024,    250.7348,     11.6810,    355.9963,      0.9757,   1182.1374,      0.9081,  76877.4315,      4.4042,     73.6380,     28.9883,    -42.8587,  250.7348,0.237932
-122.00  37.50   25.0, 0 13 172  6 2024,    246.9773,      0.4883,    272.7926,      0.7967,    201.7163,      0.0842,  74704.4998,      2.7857,     54.3340,     42.6851,   -166.2818,  248.3416,0.239847
  -0.13  51.51   11.0, 0  8 325 11 2024,    254.5524,     15.4861,     89.8445,      0.2000,   1088.1236,      0.0706,  60750.9803,      3.0531,     74.1652,    -12.2265,    103.1500,  254.5524,0.234878
  28.05 -26.20 1753.0, 0 14 228  8 2024,    293.8877,     15.9147,    219.8373,      0.8310,   1070.3170,      0.3027,  80722.4681,      1.8654,     62.3915,     12.1376,     -7.9572,  293.8877,0.203410
 -87.63  41.88  181.0, 0 16 299 10 2024,    296.8716,     19.0044,    198.7989,      0.1901,   1292.5074,      0.6525,  66346.0330,      4.1583,     60.0377,     -1.2554,    -22.5258,  297.6151,0.200428
  55.30  25.20    5.0, 0 12  75  3 2024,    277.4483,     14.8581,    233.6241,      0.1855,    488.1666,      0.4307,  68843.4554,      2.2640,     67.0638,    -30.1624,    -37.6670,  279.1130,0.215230
-112.07  33.45  331.0, 0 12  75  3 2024,    273.0745,      8.8575,     88.1949,      0.0347,    396.1821,      0.3044,  61616.9838,      3.7713,     29.3992,     13.2436,    -58.2948,  276.2004,0.217560
 103.82   1.35   15.0, 0  9 266  9 2024,    304.4942,     24.8100,    193.2582,      0.1378,     65.7081,      0.6315,  68240.0880,      4.4708,     73.6268,    -26.0133,     60.5688,  304.4942,0.194925
  28.05 -26.20 1753.0, 0  9  46  2 2024,    293.0318,      4.5235,    241.9581,      0.1605,   1356.3978,      0.7184,  78177.2772,      2.6306,     60.3819,     17.9814,     -5.5778,  295.5361,0.202091
 103.82   1.35   15.0, 0 12 355 12 2024,    249.7653,      1.1247,     94.8243,      0.1789,    495.5933,      0.3315,  95513.2803,      1.6804,     42.7624,    -14.5658,   -107.0035,  255.4946,0.234124
 139.69  35.69   40.0, 0 13 172  6 2024,    312.8014,      1.6687,    167.8519,      0.2063,    148.9992,      0.5697,  96357.1884,      2.9145,     50.8060,      1.8137,   -175.3753,  313.6017,0.187639
-122.00  37.50   25.0, 0 16 299 10 2024,    287.1880,      3.5616,    169.7988,      0.9498,    135.5257,      0.2876,  78314.2891,      2.1748,     50.4592,    -33.3966,   -122.7587,  287.1880,0.208770
 151.21 -33.87   39.0, 0  9 266  9 2024,    318.7077,     16.0675,    140.7051,      0.6487,    703.7064,      0.1088,  94148.8310,      0.7449,     79.1591,    -41.7175,     86.4909,  318.7077,0.183554
 151.21 -33.87   39.0, 0  6  15  1 2024,    311.2553,      2.3712,     48.3167,      0.7728,    950.8270,      0.3581,  79336.4675,      4.6157,     47.3480,    -43.0777,   -137.8181,  316.3506,0.185440
 103.82   1.35   15.0, 0 11 202  7 2024,    281.0813,      6.5947,     15.0416,      0.2482,   1051.3249,      0.0843,  94608.1041,      4.2611,      0.4477,    -17.1626,    143.7347,  295.1936,0.202365
 -46.63 -23.55  760.0, 0 15 105  4 2024,    283.4145,      7.1333,    113.0379,      0.0476,    625.6721,      0.4350,  72389.8757,      4.9454,     89.0078,    -28.3590,   -153.4531,  283.8168,0.211467
 139.69  35.69   40.0, 0 14 228  8 2024,    238.7101,     18.2516,    115.1891,      0.4470,    489.6100,      0.6422,  78198.1499,      2.0887,     58.5421,    -37.3200,     28.7069,  239.7120,0.246750
 139.69  35.69   40.0, 0 16 299 10 2024,    278.1816,      7.4501,    179.4032,      0.4067,    947.3570,      0.8875,  69535.7113,      1.7033,     10.6553,    -16.0523,    114.0526,  278.8645,0.215428
-112.07  33.45  331.0, 0 11 202  7 2024,    243.3775,     12.4128,    146.9090,      0.6726,    915.3894,      0.2523,  81168.3368,      4.1467,     55.1798,     10.3792,    -91.5112,  248.4150,0.239788
 103.82   1.35   15.0, 0  6  15  1 2024,    273.7240,     21.8087,    153.3729,      0.0523,   1220.7766,      0.2413,  98715.3995,      4.2958,     52.1593,     -3.6266,   -116.2105,  276.8889,0.217009
 -46.63 -23.55  760.0, 0 11 202  7 2024,    259.0466,     16.0881,    343.8098,      0.7746,   1067.1318,      0.6983,  71040.8013,      3.3323,      3.1676,      0.3449,    -16.0251,  260.7985,0.229881
-122.00  37.50   25.0, 0 12  75  3 2024,    301.3421,      7.9211,     56.5416,      0.0700,   1119.4904,      0.3464,  64487.4973,      4.4226,     76.3373,    -38.5477,     -1.0074,  308.3471,0.191842
  55.30  25.20    5.0, 0 12  75  3 2024,    284.2855,     17.2979,     30.2111,      0.9956,    246.4636,      0.3402,  85102.8485,      3.7853,     32.7429,    -30.6840,   -167.3702,  284.8453,0.210644
 103.82   1.35   15.0, 0 16 299 10 2024,    300.0916,      5.5618,    347.2649,      0.1086,    668.0145,      0.0467,  82054.7319,      4.6324,     85.1140,     40.1533,     -8.5325,  301.5165,0.197307
-122.00  37.50   25.0, 0 10 135  5 2024,    276.7969,      6.5830,     75.2944,      0.8801,    795.5055,      0.9516,  67376.5460,      2.7050,     50.2931,    -23.4954,     83.6113,  276.9150,0.216988
-122.00  37.50   25.0, 0 13 172  6 2024,    270.0667,     21.6497,    294.0356,      0.1595,    377.2158,      0.1890,  81929.0315,      0.8577,     17.1688,    -35.2868,      9.9801,  272.6523,0.220398
 -87.63  41.88  181.0, 0  9 266  9 2024,    310.9483,      8.3055,    106.4338,      0.4740,    539.6959,      0.8343,  73457.9144,      2.9141,      9.6732,     -4.3534,    163.7883,  311.4711,0.189343
 -46.63 -23.55  760.0, 0  8 325 11 2024,    320.6577,      0.3912,      4.1713,      0.0001,   1173.8686,      0.0910,  89180.9728,      0.7284,     33.9888,    -31.8000,     34.3067,  330.1053,0.174436
  28.05 -26.20 1753.0, 0  6  15  1 2024,    277.3106,     22.0578,     41.9766,      0.1679,    588.5003,      0.1518,  80853.5223,      0.5728,      1.8170,    -41.4433,     91.0017,  277.8715,0.216223
-112.07  33.45  331.0, 0 16 299 10 2024,    313.4394,     21.9589,    188.0769,      0.7376,    172.2136,      0.3630,  70491.3228,      1.1393,     52.0590,     31.8783,     21.0475,  314.1399,0.187208
  28.05 -26.20 1753.0, 0 15 105  4 2024,    243.8616,      6.7070,    313.6033,      0.4774,    479.0796,      0.8858,  85699.5090,      3.6857,     88.9667,     37.6783,   -125.8573,  243.8616,0.243431
 103.82   1.35   15.0, 0  6  15  1 2024,    288.0871,     17.9749,     33.6678,      0.6170,   1283.2218,      0.1092,  76617.5635,      4.7583,     56.0934,     37.0357,      5.1473,  289.7202,0.206744
 139.69  35.69   40.0, 0 12  75  3 2024,    241.8984,     11.1910,    258.2070,      0.2713,    579.4868,      0.1230,  80375.8297,      1.3821,      6.4001,     16.9382,    150.4201,  247.0765,0.240859
-122.00  37.50   25.0, 0 13 172  6 2024,    299.6334,      1.4541,      1.3466,      0.5823,   1210.2398,      0.1163,  78362.5147,      3.6246,      6.0174,      0.5739,     54.6911,  330.3501,0.174240
  55.30  25.20    5.0, 0 15 105  4 2024,    318.3625,     24.8252,    323.0615,      0.3914,    694.0713,      0.9139,  81766.0253,      4.5552,      0.4576,     14.3074,      1.0383,  318.6050,0.183636
-112.07  33.45  331.0, 0 12 355 12 2024,    238.2838,      9.2443,    222.9011,      0.8879,   1307.8442,      0.9650,  89091.8049,      2.8462,     63.1060,     17.3444,   -134.3000,  238.2838,0.247893
 151.21 -33.87   39.0, 0 16 299 10 2024,    244.2205,      4.2462,    119.3495,      0.7212,      2.2268,      0.6973,  94047.5384,      4.5716,     74.5164,    -44.7320,    -32.9706,  244.2205,0.243144
 -46.63 -23.55  760.0, 0 12  75  3 2024,    295.1453,      0.0832,      1.7529,      0.8354,    198.8998,      0.3663,  77483.9683,      4.6573,     33.5818,      3.5216,    159.7499,  299.2765,0.199099
-122.00  37.50   25.0, 0 15 105  4 2024,    275.3215,     22.9905,    229.3691,      0.2892,    776.4513,      0.8649,  88237.9606,      3.9819,     31.2188,    -19.7453,   -140.1988,  275.4477,0.218162
 139.69  35.69   40.0, 0 15 105  4 2024,    306.8829,      4.9402,    169.9684,      0.0821,   1316.6883,      0.1873,  81584.2886,      3.3214,     43.2704,    -27.0115,     22.5895,  323.0587,0.180073
-112.07  33.45  331.0, 0 12  75  3 2024,    249.2848,     17.3327,     16.0612,      0.0711,    768.8958,      0.4170,  98572.0015,      2.7776,     56.6827,     17.5024,    -60.8115,  251.5382,0.237289
 151.21 -33.87   39.0, 0 12  75  3 2024,    303.6865,     11.1682,    355.6609,      0.0551,    103.0818,      0.7412,  92792.0099,      4.7284,     25.9909,    -29.3241,    110.6155,  303.9194,0.195385
  -0.13  51.51   11.0, 0 10 135  5 2024,    322.4522,      4.4444,    324.2547,      0.6250,    406.0103,      0.8925,  71815.3180,      3.0897,     78.6473,     32.3120,    -34.2748,  323.0574,0.180074
 151.21 -33.87   39.0, 0 14 228  8 2024,    238.9894,     14.3128,    287.9038,      0.0306,    237.3126,      0.5663, 100060.4758,      3.9844,     88.5671,     -2.1181,    -72.2071,  238.9894,0.247328
  -0.13  51.51   11.0, 0 12 355 12 2024,    292.9455,     12.9398,    274.0132,      0.7666,    105.6297,      0.2266,  71192.7904,      4.8914,     87.0233,    -24.1297,    -74.6886,  293.1528,0.203998
 151.21 -33.87   39.0, 0  9  46  2 2024,    298.2856,      1.1557,    177.0558,      0.2426,   1016.9426,      0.5517,  79195.4288,      0.5847,     54.3297,     38.9878,    114.5205,  298.2856,0.199891
 151.21 -33.87   39.0, 0 13 172  6 2024,    279.8749,     21.8713,     18.6940,      0.7871,   1003.6637,      0.2944,  63801.4332,      2.0163,     16.4659,      0.1714,    -65.6936,  281.6957,0.213163
  -0.13  51.51   11.0, 0  6  15  1 2024,    273.0932,     16.8187,    351.3255,      0.4255,    752.8603,      0.5678,  78288.5127,      4.6000,     31.3203,     29.6298,     61.6019,  273.0932,0.220045
 -87.63  41.88  181.0, 0 16 299 10 2024,    290.3238,     24.7235,    112.1486,      0.6206,    588.3308,      0.4278,  79492.4978,      3.8751,     73.8153,    -26.4029,   -116.2205,  290.3238,0.206261
  55.30  25.20    5.0, 0 12  75  3 2024,    264.4692,      7.5511,    318.6514,      0.2031,    284.3031,      0.7235,  90293.2619,      2.8317,      4.1640,    -31.8692,    174.1598,  265.3177,0.226266
-112.07  33.45  331.0, 0 12 355 12 2024,    313.6466,      9.4937,    109.6151,      0.7247,    690.0204,      0.3995,  97932.6850,      4.6730,     81.1826,    -35.6931,    -60.8865,  315.8631,0.185829
  55.30  25.20    5.0, 0  6  15  1 2024,    299.2632,     16.3406,    331.3289,      0.4664,     77.6149,      0.2664,  74758.0718,      3.5100,      5.6769,    -13.3626,     91.9368,  299.2632,0.199109
 139.69  35.69   40.0, 0 12  75  3 2024,    269.2726,     24.7563,    189.1982,      0.6573,    801.7824,      0.8201,  67939.4540,      4.8064,     72.1829,      1.7421,     84.5874,  269.5139,0.222909
 -87.63  41.88  181.0, 0 15 105  4 2024,    322.0809,      4.9933,     26.6135,      0.2566,    221.0455,      0.6984,  72500.2877,      3.9637,     79.8191,     38.5532,    -21.2981,  322.2673,0.180706
 103.82   1.35   15.0, 0  9 266  9 2024,    295.4281,      7.3906,    226.6001,      0.4383,    821.9674,      0.9476,  69548.4127,      3.9505,     58.5521,     17.4525,   -145.2154,  295.8726,0.201822
  28.05 -26.20 1753.0, 0 14 228  8 2024,    285.3159,      0.1251,    321.4371,      0.9424,   1350.0187,      0.3978,  84989.6070,      2.7105,     73.1526,    -28.5858,   -119.5067,  286.7037,0.209157
  -0.13  51.51   11.0, 0 12  75  3 2024,    299.1801,      4.8011,    299.3347,      0.7425,    904.7609,      0.8541,  93459.9004,      2.4974,     69.5248,     17.6452,     -1.6007,  301.7124,0.197150
 -87.63  41.88  181.0, 0 14 228  8 2024,    290.6595,     21.0288,    330.6196,      0.4789,    293.9815,      0.6877,  80509.2670,      4.4211,     64.1505,     16.9636,   -135.5024,  290.6595,0.205992
-112.07  33.45  331.0, 0  9 266  9 2024,    305.7812,     13.4372,    340.7567,      0.1020,   1317.9963,      0.1933,  81820.2719,      4.4678,     76.5468,      5.9374,    -86.6816,  314.9701,0.186544
  55.30  25.20    5.0, 0  6  15  1 2024,    301.3712,     18.5683,    104.3933,      0.7793,   1132.6241,      0.8167,  72795.4961,      2.6506,     21.7981,      8.5760,   -169.7419,  301.3712,0.197423
  55.30  25.20    5.0, 0 16 299 10 2024,    264.8449,     21.9377,     13.4023,      0.3019,   1137.1435,      0.8608,  95972.8568,      1.1184,     27.0534,     31.4440,    110.3281,  265.6150,0.226028
 139.69  35.69   40.0, 0  6  15  1 2024,    268.3644,     17.5023,    284.3302,      0.9535,    960.0985,      0.4768,  78744.6229,      4.5045,     52.6427,      0.9672,   -138.6126,  269.6187,0.222825
 103.82   1.35   15.0, 0 10 135  5 2024,    240.0765,     18.3544,    251.2896,      0.7712,    458.9774,      0.1208,  61637.4291,      2.7042,     53.6359,      6.9742,     29.8223,  240.3392,0.246249
 -87.63  41.88  181.0, 0 11 202  7 2024,    247.2242,      8.9861,    105.0724,      0.2897,    955.1157,      0.6621,  77560.3326,      1.9272,     16.9328,     17.7908,    -61.8873,  251.8225,0.237062
 -87.63  41.88  181.0, 0  9  46  2 2024,    250.0506,     15.3392,     56.9162,      0.7556,    623.9447,      0.6754,  68253.8425,      3.7681,     50.5279,    -44.1566,     50.6202,  250.2073,0.238354
 103.82   1.35   15.0, 0 16 299 10 2024,    261.2591,      7.4550,    142.2974,      0.0261,    813.5319,      0.4272,  78386.4409,      1.3239,     50.4130,    -39.7539,    156.0430,  264.0267,0.227299
 139.69  35.69   40.0, 0  6  15  1 2024,    297.8458,      8.9349,     78.0812,      0.8150,    120.2021,      0.6204,  89031.6970,      4.3726,     49.4038,     27.0890,    110.1090,  297.8458,0.200243
 151.21 -33.87   39.0, 0 12  75  3 2024,    301.4966,      0.4329,     37.5590,      0.4030,   1317.9500,      0.3002,  60363.0897,      1.3965,     28.4604,     11.4885,    107.1746,  328.1126,0.176030
 151.21 -33.87   39.0, 0 13 172  6 2024,    299.8985,      9.2721,     13.1958,      0.5981,    578.7026,      0.3656,  91550.2067,      4.2163,     80.3682,     39.0167,    144.9463,  303.3284,0.195857
-112.07  33.45  331.0, 0  9  46  2 2024,    272.7994,      3.5699,    199.2028,      0.6827,    352.2705,      0.4952,  75324.5999,      0.7932,     38.9765,     29.8197,    148.0772,  272.7994,0.220281
 151.21 -33.87   39.0, 0 10 135  5 2024,    282.4046,     24.8303,    201.7424,      0.9698,   1203.9213,      0.6583,  73052.2609,      3.0499,      0.2290,    -16.2527,    164.8100,  283.5436,0.211685
-122.00  37.50   25.0, 0 11 202  7 2024,    268.8739,      5.7586,     90.4437,      0.0953,   1114.0571,      0.4285,  81841.8846,      4.8432,     75.0145,     13.5337,    101.8022,  268.8739,0.223421
-112.07  33.45  331.0, 0  9  46  2 2024,    320.0774,     15.4260,    143.2013,      0.8456,    828.1215,      0.7133,  97129.7862,      4.2019,     34.0909,    -36.6490,    148.6142,  320.0774,0.182458
 151.21 -33.87   39.0, 0 16 299 10 2024,    251.9603,     22.1476,     62.2671,      0.5395,    115.3901,      0.1417,  99662.9425,      2.1507,     13.2015,     -3.9801,    -31.7163,  252.2425,0.236726
 -87.63  41.88  181.0, 0 13 172  6 2024,    267.7741,     10.9026,    139.7262,      0.3528,    602.7874,      0.9503,  77242.2923,      4.6168,     36.8240,     -7.4932,    104.7308,  268.0600,0.224072
  28.05 -26.20 1753.0, 0  8 325 11 2024,    310.8582,     17.4077,    106.3207,      0.7606,   1171.4653,      0.8069,  76125.9579,      3.0079,     71.0206,     16.1005,    126.4168,  310.8582,0.189833
 139.69  35.69   40.0, 0 10 135  5 2024,    244.7122,     14.9233,     50.5491,      0.0574,    832.4709,      0.2249,  63603.4158,      0.7523,     72.3281,    -13.8676,    -95.8879,  250.8336,0.237853
  -0.13  51.51   11.0, 0 10 135  5 2024,    242.6335,      8.6124,    118.9586,      0.2792,    957.6807,      0.5184,  91928.9952,      0.6144,     48.8847,    -13.0495,    124.8043,  242.8049,0.244276
 -46.63 -23.55  760.0, 0 10 135  5 2024,    309.8139,     11.2368,    312.2059,      0.0430,    250.1159,      0.8035,  82387.5185,      4.3678,     55.1065,    -34.0339,    -72.9626,  310.0925,0.190446
 151.21 -33.87   39.0, 0 12 355 12 2024,    278.7743,     23.7568,    247.8583,      0.2973,    732.7215,      0.0046,  67307.0687,      2.3517,     31.3143,     36.2605,     74.9113,  281.9247,0.212980
  55.30  25.20    5.0, 0 11 202  7 2024,    249.7291,     24.7213,    124.5819,      0.1159,   1128.5714,      0.4228,  81501.5680,      2.8870,     72.9571,    -10.7200,     95.8687,  249.8924,0.238606
  55.30  25.20    5.0, 0  6  15  1 2024,    245.0928,      1.0044,     23.1035,      0.8580,    350.3605,      0.2689,  73772.1218,      0.6422,     36.9198,    -36.0308,   -163.5584,  245.0928,0.242446
-122.00  37.50   25.0, 0 13 172  6 2024,    308.8528,     22.9157,    315.5918,      0.6412,    749.4502,      0.5286,  86415.2664,      1.4418,     75.6808,     -5.6680,     -8.7504,  310.1329,0.190414
 -87.63  41.88  181.0, 0  6  15  1 2024,    304.8704,      5.7071,     48.8329,      0.6747,    749.4980,      0.5416,  82180.2082,      1.8466,     44.3746,     -6.4644,     77.5323,  304.8704,0.194624
  -0.13  51.51   11.0, 0  8 325 11 2024,    265.9632,     18.9688,    344.3839,      0.1751,    386.4376,      0.5599,  85659.6665,      1.8914,     78.4390,    -20.6626,    -51.4984,  267.3428,0.224646
 139.69  35.69   40.0, 0 12  75  3 2024,    255.7360,     14.5787,    196.1451,      0.0620,   1116.2980,      0.0580,  86193.2953,      4.3007,     73.9763,      1.3403,     52.6787,  261.2113,0.229551
  28.05 -26.20 1753.0, 0 12 355 12 2024,    320.5482,     13.5067,     29.7539,      0.1372,    966.5483,      0.3924,  79135.6475,      3.7761,     11.2190,    -35.5183,    100.9536,  325.4143,0.178189
  28.05 -26.20 1753.0, 0 15 105  4 2024,    241.9681,     10.6811,     31.6893,      0.0208,   1102.8172,      0.3446,  93877.6003,      1.1317,     77.2586,    -13.9472,    -43.0310,  241.9681,0.244946
  55.30  25.20    5.0, 0 13 172  6 2024,    285.3323,      2.4105,    152.5930,      0.9877,    972.0521,      0.7214,  81578.2390,      0.9482,     11.0124,     44.3259,    109.9340,  291.2038,0.205557
 103.82   1.35   15.0, 0 13 172  6 2024,    306.4097,      6.5728,     18.4358,      0.6903,      9.3936,      0.4282,  73376.4878,      2.8170,     41.3349,     35.3406,     57.4537,  306.4599,0.193352
  28.05 -26.20 1753.0, 0 15 105  4 2024,    257.6509,      9.5811,    166.0033,      0.2302,   1247.9084,      0.1359,  75639.7616,      1.9039,     26.1030,    -17.8732,   -166.6540,  267.2166,0.224747
 151.21 -33.87   39.0, 0 16 299 10 2024,    296.1716,      2.6590,    130.7941,      0.6229,   1282.5422,      0.0905,  77060.8321,      2.6804,      6.0369,     -3.0704,    -13.5412,  311.1381,0.189610
  55.30  25.20    5.0, 0 16 299 10 2024,    293.3961,      1.6334,     14.1490,      0.8724,    907.0556,      0.4546,  98011.8675,      1.0070,     61.9425,     35.3947,     45.0064,  305.8374,0.193850
-122.00  37.50   25.0, 0 10 135  5 2024,    263.5810,      0.4191,      8.6030,      0.4353,    604.6688,      0.6776,  85486.7223,      3.8807,     69.1821,    -10.3484,   -167.8174,  264.6152,0.226828
 103.82   1.35   15.0, 0  6  15  1 2024,    255.5361,     18.8111,    264.5474,      0.4888,   1068.0183,      0.1436,  99520.2418,      3.3993,     80.2495,    -13.4040,     64.8954,  255.5361,0.234091
-122.00  37.50   25.0, 0 16 299 10 2024,    301.3851,     24.3560,    108.0850,      0.0916,    824.2412,      0.1423,  66359.3627,      4.3937,      3.7987,    -15.7095,   -100.3122,  302.1272,0.196818
-112.07  33.45  331.0, 0 12  75  3 2024,    311.7163,      3.8181,    290.2014,      0.2055,    776.8803,      0.9801,  81969.3267,      4.0864,     17.0877,     -0.9352,   -173.7309,  311.9260,0.188979
 -87.63  41.88  181.0, 0 15 105  4 2024,    265.0893,      4.8750,    141.2810,      0.4147,    712.9615,      0.6134,  89850.2998,      3.6724,      1.6330,     25.7993,    -95.2532,  267.9799,0.224136
 151.21 -33.87   39.0, 0  9 266  9 2024,    286.5112,     19.1267,    277.5763,      0.6556,   1353.3977,      0.2725,  81447.8540,      4.2190,      2.6815,     35.7927,    -53.8155,  290.1047,0.206436
  28.05 -26.20 1753.0, 0 13 172  6 2024,    317.8252,      8.1762,    306.1070,      0.5431,    730.7612,      0.3796,  92835.8462,      2.8145,     28.2453,     21.3738,   -106.3970,  321.2586,0.181513
 -87.63  41.88  181.0, 0  8 325 11 2024,    278.9537,     17.8037,    341.3301,      0.4556,    458.5875,      0.3567, 101096.7184,      2.9877,     56.4070,    -40.1828,    112.0882,  278.9537,0.215357
-112.07  33.45  331.0, 0  9 266  9 2024,    252.9828,      5.1749,    201.0908,      0.9198,    845.6583,      0.1821,  84640.3079,      4.2348,     12.5624,    -16.6160,   -163.4427,  259.3983,0.231001
-122.00  37.50   25.0, 0 14 228  8 2024,    248.3936,     24.3553,    326.5350,      0.4515,    351.4087,      0.7176,  82553.1761,      4.2455,     18.3023,     -1.2786,   -174.2134,  248.7551,0.239516
  -0.13  51.51   11.0, 0  8 325 11 2024,    302.0176,      0.0704,    282.3730,      0.0230,    950.3876,      0.8281, 101319.2085,      4.4037,     25.6224,     19.3013,    -29.3275,  304.1808,0.195175
-112.07  33.45  331.0, 0 15 105  4 2024,    302.2117,      6.1873,     75.0936,      0.1912,    792.1271,      0.7689,  86041.5528,      2.3177,      9.9808,      5.6251,    134.2685,  304.6965,0.194763
-112.07  33.45  331.0, 0 12 355 12 2024,    299.7531,     18.2839,     23.7511,      0.4947,    188.3579,      0.0453,  69129.5525,      3.7855,     45.7778,      1.5884,   -102.0655,  300.1085,0.198433
 -87.63  41.88  181.0, 0 15 105  4 2024,    287.6994,     18.9926,     17.9682,      0.1222,    169.6565,      0.7841,  94844.4135,      2.7555,     85.7000,      1.3679,    119.0167,  287.8327,0.208254
 -87.63  41.88  181.0, 0 15 105  4 2024,    277.8060,     19.1413,    283.4031,      0.7715,    743.3018,      0.0593,  78333.0993,      4.3214,     72.3887,     10.5604,   -105.8059,  277.8060,0.216275
 151.21 -33.87   39.0, 0  8 325 11 2024,    236.0400,      1.9295,    318.4626,      0.6102,    477.3854,      0.8188, 100528.6833,      2.4790,     51.6939,     20.6290,    -41.1270,  237.7209,0.248343
  -0.13  51.51   11.0, 0  8 325 11 2024,    291.1316,      9.7112,    304.9872,      0.2327,   1070.2467,      0.5728,  73050.4606,      0.6075,     28.7736,    -20.6851,    103.4214,  291.1316,0.205615
 151.21 -33.87   39.0, 0 12  75  3 2024,    312.2499,     11.8250,    202.0912,      0.5169,    934.1874,      0.5754,  64596.5386,      1.9217,      0.5046,     23.4917,     54.0453,  316.4746,0.185340
  28.05 -26.20 1753.0, 0 16 299 10 2024,    304.8285,      5.1104,    316.1631,      0.4058,     38.1748,      0.1315,  60016.7820,      3.9151,     62.8828,    -23.2803,   -103.8108,  304.8285,0.194657
 103.82   1.35   15.0, 0  9 266  9 2024,    291.7953,      2.2944,    168.8283,      0.7058,    633.7938,      0.4334,  88295.1352,      0.7391,      9.2592,    -24.8694,      2.2885,  298.9875,0.199330
  28.05 -26.20 1753.0, 0 14 228  8 2024,    238.5247,      8.2319,     99.4868,      0.5352,   1117.3303,      0.0857,  69500.4603,      2.6852,     13.3130,      9.6511,    126.1060,  249.9563,0.238555
  -0.13  51.51   11.0, 0 13 172  6 2024,    283.5025,     10.0755,     68.3389,      0.5816,    991.5972,      0.3211,  65068.5713,      3.5675,     71.7665,     23.6837,   -116.4503,  283.5025,0.211718
 -87.63  41.88  181.0, 0 12 355 12 2024,    283.4820,      5.2455,    158.9595,      0.5679,    360.6413,      0.8189,  85366.8594,      1.6254,     10.2007,    -42.3132,     86.8568,  283.9338,0.211373
 139.69  35.69   40.0, 0 16 299 10 2024,    248.3397,      3.5426,    247.5555,      0.3522,    950.3847,      0.3233,  82393.3909,      2.0438,     80.0313,      5.3903,    137.7891,  252.2120,0.236750
 151.21 -33.87   39.0, 0 14 228  8 2024,    238.7883,     20.0943,    102.5124,      0.2876,   1057.4223,      0.0950,  90099.1580,      1.1625,     56.3269,     -8.9488,    160.7076,  247.9180,0.240186
  28.05 -26.20 1753.0, 0  8 325 11 2024,    320.7303,     13.1054,    134.3134,      0.6712,    600.1375,      0.1750,  69845.7597,      2.0780,      5.7011,    -23.5746,   -135.1212,  324.1992,0.179161
 -87.63  41.88  181.0, 0 12  75  3 2024,    303.4148,     22.2826,    323.6718,      0.1644,    225.4842,      0.6213,  88520.8617,      3.3842,     77.1215,     41.7221,    -83.0776,  303.5146,0.195708
 103.82   1.35   15.0, 0 14 228  8 2024,    298.3967,     24.1628,    191.1773,      0.8536,   1027.7806,      0.1417,  72651.0243,      0.7867,     28.0323,      2.9158,    142.8027,  307.0995,0.192840
 103.82   1.35   15.0, 0 15 105  4 2024,    299.4232,      1.8514,    308.6899,      0.0197,    861.7782,      0.4937,  61860.9489,      1.7318,     71.8877,    -12.6592,      0.1081,  300.4411,0.198167
  28.05 -26.20 1753.0, 0 11 202  7 2024,    306.6057,     10.6454,    238.8927,      0.2225,    751.3084,      0.6051,  95320.4134,      2.2567,     58.7281,     43.4317,     27.6150,  306.6057,0.193235
  -0.13  51.51   11.0, 0 12 355 12 2024,    278.8721,     23.9505,     56.7843,      0.8411,    911.6800,      0.5225,  77315.7756,      4.8444,      5.7902,     31.6740,    -47.3826,  279.5804,0.214856
 103.82   1.35   15.0, 0 14 228  8 2024,    241.9406,     13.7511,    323.3302,      0.0875,    113.5783,      0.6259,  94056.7395,      4.6303,     53.2386,     35.2169,     53.9392,  242.1730,0.244782
  55.30  25.20    5.0, 0 13 172  6 2024,    294.5307,      7.1243,     83.1213,      0.2541,    712.6212,      0.3662,  65422.6293,      1.0090,     14.9189,    -15.4265,     71.6672,  304.0932,0.195245
  55.30  25.20    5.0, 0 14 228  8 2024,    290.3885,     12.3861,    273.0378,      0.7172,   1341.6311,      0.3312,  87876.6278,      3.5227,      6.5981,     -7.2159,     -1.0315,  298.7731,0.199502
-122.00  37.50   25.0, 0 10 135  5 2024,    296.7830,     14.0257,    295.2386,      0.8782,     91.8979,      0.1414,  61376.8065,      2.2183,     34.4084,     27.9036,   -103.0485,  297.4930,0.200526
  28.05 -26.20 1753.0, 0 11 202  7 2024,    264.8905,      3.7751,    244.1411,      0.2764,    271.2273,      0.5556, 101093.5054,      3.2855,     71.3764,    -13.4149,   -164.0564,  267.2088,0.224753
  -0.13  51.51   11.0, 0 10 135  5 2024,    250.2680,     22.7324,    237.4654,      0.6961,    586.6490,      0.8849,  84698.6425,      2.6518,     87.6532,     19.9189,     74.6411,  250.2680,0.238306
 151.21 -33.87   39.0, 0 11 202  7 2024,    322.1084,     15.6827,     87.0291,      0.9761,    519.1522,      0.4459,  72905.3059,      1.0012,      5.5309,     15.3141,   -122.3348,  324.4860,0.178931
 151.21 -33.87   39.0, 0 13 172  6 2024,    267.5628,     22.9081,     44.9239,      0.5958,   1296.2351,      0.8314,  91068.1493,      3.0924,     48.6351,     -0.4403,    128.3581,  268.7081,0.223554
 -87.63  41.88  181.0, 0  8 325 11 2024,    258.6784,      3.2533,      2.3951,      0.2491,    383.1317,      0.8213,  73360.7081,      4.0050,     57.0740,    -28.9007,    -87.8922,  259.7033,0.230757
 -87.63  41.88  181.0, 0  8 325 11 2024,    248.4021,     19.0987,    137.9101,      0.5871,    224.8902,      0.8553,  66774.6973,      3.6051,     68.9093,     43.3414,   -118.8195,  248.4763,0.239739
 -87.63  41.88  181.0, 0  9  46  2 2024,    252.1152,      4.7915,     91.8681,      0.6751,   1109.2763,      0.3589,  69775.2175,      2.5815,     20.0223,     16.1369,    -95.4852,  259.5188,0.230905
  28.05 -26.20 1753.0, 0  6  15  1 2024,    300.0719,     20.3858,     82.4102,      0.2580,    584.7698,      0.6398,  78823.0037,      1.8224,     12.9140,    -16.8203,     42.7835,  300.1920,0.198366
  55.30  25.20    5.0, 0 11 202  7 2024,    317.2775,      0.0700,    294.3866,      0.6828,    842.0093,      0.7237,  91535.0074,      4.4911,     60.5791,      1.2353,     70.4420,  319.6878,0.182770
  -0.13  51.51   11.0, 0 12  75  3 2024,    301.7829,     23.9051,     43.6536,      0.9223,    820.1295,      0.7888,  62533.5144,      0.6181,     86.7332,     15.3714,     76.2465,  302.1924,0.196766
 -46.63 -23.55  760.0, 0 11 202  7 2024,    287.6921,      1.2992,    227.8425,      0.5544,    712.5250,      0.2189,  68778.9918,      4.2396,     13.6419,     36.3219,     -9.9765,  294.5151,0.202908
  -0.13  51.51   11.0, 0 12 355 12 2024,    261.3094,     24.4973,    216.2136,      0.1852,   1334.5545,      0.2722,  71648.1901,      0.7780,     85.3924,    -18.4196,    -88.4505,  261.7248,0.229140
 -87.63  41.88  181.0, 0 12  75  3 2024,    298.0216,     22.2200,    315.9741,      0.3228,    742.4226,      0.6915,  92690.4426,      4.2117,     17.1054,    -33.4642,     57.7780,  299.0022,0.199318
  -0.13  51.51   11.0, 0 12  75  3 2024,    245.2578,      1.9039,    209.3179,      0.5018,   1347.2888,      0.5914,  66234.4854,      1.4428,     39.6471,     26.1896,   -147.5802,  245.5142,0.242109
  55.30  25.20    5.0, 0  8 325 11 2024,    272.9060,     18.3560,    287.2996,      0.3282,   1248.4738,      0.8856,  82475.2219,      4.7842,     61.1828,     -0.6769,     77.6403,  272.9060,0.220195
 -87.63  41.88  181.0, 0 15 105  4 2024,    277.0097,     20.7218,    299.6939,      0.3463,   1340.2737,      0.0298,  68931.9161,      2.7192,     87.3167,    -18.0111,    -44.8302,  277.0097,0.216912
  28.05 -26.20 1753.0, 0 12 355 12 2024,    297.2800,     17.1090,    329.0337,      0.2934,    127.7139,      0.1194,  85252.9330,      1.9347,     11.3487,    -24.3415,     43.0995,  298.2674,0.199906
  -0.13  51.51   11.0, 0 14 228  8 2024,    290.9230,      7.3651,     87.0673,      0.7270,   1218.7473,      0.9527,  81165.9483,      1.0016,     66.1113,     21.3022,    -55.3173,  291.1398,0.205608
 103.82   1.35   15.0, 0 15 105  4 2024,    305.7520,      0.5183,    257.3866,      0.9623,    899.8750,      0.3627,  88044.9661,      1.4246,     89.6934,     39.1958,    159.8201,  311.7270,0.189138
  28.05 -26.20 1753.0, 0 16 299 10 2024,    234.9634,      4.5656,    204.6500,      0.8453,    532.2344,      0.7737,  94990.6644,      4.8403,     72.9648,     20.4910,    116.0510,  236.8629,0.249030
  -0.13  51.51   11.0, 0 12  75  3 2024,    275.7238,      2.1731,    219.7256,      0.5701,     36.5087,      0.6314,  85694.7057,      2.0123,     12.8965,    -34.0436,    110.7170,  275.8813,0.217815
 103.82   1.35   15.0, 0  9 266  9 2024,    322.6556,      2.7918,    303.5649,      0.9600,    975.7685,      0.3616,  64658.0991,      0.6166,     73.9057,    -38.3415,    115.4639,  322.6556,0.180395
  28.05 -26.20 1753.0, 0  9 266  9 2024,    285.6893,      2.1198,      2.0894,      0.3903,     34.5784,      0.7624,  97919.7263,      3.0779,     79.5723,     28.6736,   -130.0608,  285.8477,0.209842
 139.69  35.69   40.0, 0 15 105  4 2024,    245.8757,     24.4818,    300.8543,      0.1693,   1013.6195,      0.3375,  82075.6657,      2.1037,     50.1833,      4.6898,    -45.4219,  246.7010,0.241159
 -46.63 -23.55  760.0, 0 10 135  5 2024,    274.6982,     20.3168,    155.1379,      0.1165,    949.4926,      0.4033,  61076.0962,      4.8624,     33.0472,     21.9167,    -15.1465,  275.6387,0.218009
  28.05 -26.20 1753.0, 0  9  46  2 2024,    302.8423,     21.4045,     66.0455,      0.0672,    259.5434,      0.0924, 100428.5293,      4.9158,     86.4501,    -19.4153,    -67.1744,  303.7993,0.195481
 151.21 -33.87   39.0, 0 16 299 10 2024,    296.3013,      9.4426,    254.9893,      0.3116,   1081.3162,      0.4982,  64197.5205,      1.3823,     71.7683,     39.5502,   -103.1561,  296.3013,0.201479
  55.30  25.20    5.0, 0 15 105  4 2024,    248.2891,     11.2456,      5.1528,      0.8976,    405.8893,      0.5123,  81063.0005,      2.0636,      5.2312,     -9.2996,     88.6111,  250.1855,0.238372
 151.21 -33.87   39.0, 0 12 355 12 2024,    258.3818,     16.6493,     83.4771,      0.2097,   1226.9794,      0.8925,  80599.4947,      1.6779,     38.1433,     13.3143,    100.0886,  259.4317,0.230975
-112.07  33.45  331.0, 0 10 135  5 2024,    264.1078,      1.8893,    112.0767,      0.9532,    907.8109,      0.4986,  79074.1880,      3.1479,     22.5602,     13.4983,     24.6399,  273.2992,0.219881
  28.05 -26.20 1753.0, 0 12 355 12 2024,    280.0209,     10.7836,    350.9663,      0.1611,   1102.8797,      0.9813,  81223.1785,      2.2933,     84.7735,    -30.8221,    -22.4518,  280.0317,0.214495
-112.07  33.45  331.0, 0 10 135  5 2024,    248.4322,     16.9838,    178.7063,      0.6064,    848.7786,      0.4076,  85797.8193,      2.2510,     36.8118,     30.8917,    -52.4337,  252.1515,0.236799
-112.07  33.45  331.0, 0  9  46  2 2024,    275.0933,     13.9579,    245.6632,      0.2868,   1040.0105,      0.7756,  66970.5161,      3.3481,     77.7531,    -15.7041,    -57.6863,  277.1570,0.216794
 103.82   1.35   15.0, 0 12  75  3 2024,    261.7429,     16.7876,    144.0711,      0.4755,    436.5929,      0.7127,  69107.8322,      2.5430,     54.6015,     10.3547,     20.7173,  262.3964,0.228603
-122.00  37.50   25.0, 0 13 172  6 2024,    290.1835,     14.3238,    265.8023,      0.1442,    941.4165,      0.4383,  84691.6262,      2.1552,     88.2360,    -13.8143,   -158.0696,  290.1835,0.206373
  28.05 -26.20 1753.0, 0  9 266  9 2024,    290.4312,      9.9406,    282.4078,      0.0253,     68.5630,      0.6459,  93464.0215,      3.9646,     16.3780,      1.1038,    -20.9603,  290.6193,0.206025
-122.00  37.50   25.0, 0 15 105  4 2024,    315.0655,      2.5097,    319.5683,      0.9203,    406.2278,      0.8376,  96759.5515,      2.3410,     40.7035,     22.4258,    138.6509,  316.1445,0.185604
  55.30  25.20    5.0, 0  6  15  1 2024,    237.7739,     13.5312,    201.2152,      0.9133,   1065.9731,      0.7965,  94011.0467,      1.3560,     57.4304,     34.0394,   -153.6557,  238.0088,0.248113
  55.30  25.20    5.0, 0 12 355 12 2024,    281.5101,      3.7257,     86.1349,      0.4934,    784.4747,      0.8874,  62839.9439,      2.0772,     61.6475,      9.6245,   -145.7715,  281.5101,0.213312
-122.00  37.50   25.0, 0  8 325 11 2024,    288.0294,     10.8010,    337.9537,      0.0532,   1328.7650,      0.5505,  81389.8973,      3.0831,     28.9143,    -12.8326,    136.5268,  288.0294,0.208096
 151.21 -33.87   39.0, 0 10 135  5 2024,    322.0321,     15.5880,    355.9833,      0.0221,    581.5310,      0.6606,  66312.6137,      3.8235,      2.2182,     24.3269,    -95.6102,  322.8908,0.180207
  55.30  25.20    5.0, 0  8 325 11 2024,    278.4506,      7.6908,    300.8108,      0.0506,    163.1109,      0.9547,  72322.4538,      1.5381,     29.3392,      4.7266,     59.7538,  278.4539,0.215757
  -0.13  51.51   11.0, 0 16 299 10 2024,    250.1847,     21.2439,     67.9525,      0.8634,    703.0019,      0.6643,  72377.0747,      1.8679,     74.3280,     15.1164,     -6.2368,  250.9871,0.237730
 103.82   1.35   15.0, 0  6  15  1 2024,    247.4968,      3.2436,    307.1056,      0.2201,   1293.3011,      0.4600,  76390.7104,      3.1124,     16.1437,     19.6980,   -115.9274,  250.2563,0.238315
  28.05 -26.20 1753.0, 0 12 355 12 2024,    310.7209,     23.3671,    311.0884,      0.9100,   1104.8884,      0.1551,  73780.9568,      3.9472,     87.8344,      1.3819,    177.2051,  311.2211,0.189543
 103.82   1.35   15.0, 0  9 266  9 2024,    277.0125,      1.4171,    148.1629,      0.5125,    698.9909,      0.0820,  94659.5331,      2.8103,     32.8980,     -6.2064,   -124.5736,  293.3945,0.203804
  -0.13  51.51   11.0, 0  6  15  1 2024,    319.2534,      3.1001,     18.5934,      0.3876,    275.4992,      0.8467,  83505.3186,      2.6289,     20.7914,     36.1958,    108.7637,  319.2534,0.183117
-122.00  37.50   25.0, 0  9 266  9 2024,    298.8510,     12.2372,     63.8102,      0.6110,    216.1067,      0.4743, 101123.7663,      3.3626,     50.7477,     41.5685,     -2.2924,  299.5142,0.198909
  -0.13  51.51   11.0, 0 12  75  3 2024,    321.6027,     20.3256,    144.2644,      0.3560,   1228.3822,      0.9224,  85504.6620,      2.2881,     61.0529,    -30.7133,   -175.2847,  321.6027,0.181238
 151.21 -33.87   39.0, 0 11 202  7 2024,    245.2995,     16.7986,    223.4883,      0.6402,    406.5673,      0.4549,  87898.1966,      3.3238,     65.9076,     34.3356,      1.4721,  245.2995,0.242280
-112.07  33.45  331.0, 0  9 266  9 2024,    256.2282,      6.7999,    349.5481,      0.5695,     58.1218,      0.0581,  94813.7594,      3.8983,     51.2645,     16.0685,   -172.5698,  256.3292,0.233457
 -87.63  41.88  181.0, 0  6  15  1 2024,    274.8079,     14.0425,    310.6340,      0.5043,    960.0316,      0.2346,  64294.9080,      0.8073,     78.2421,    -24.5075,    118.1253,  274.8079,0.218674
 -46.63 -23.55  760.0, 0  9 266  9 2024,    278.9782,     24.5181,    141.8484,      0.7525,    749.7163,      0.4965,  73611.3910,      0.5783,      4.8858,     -2.0812,    117.0564,  281.4005,0.213400
 151.21 -33.87   39.0, 0  9 266  9 2024,    252.9590,      1.0128,    312.9323,      0.1293,    279.6329,      0.4916,  82809.4631,      3.5095,     57.6852,    -18.4683,    134.2507,  253.4051,0.235796
  28.05 -26.20 1753.0, 0  9  46  2 2024,    309.6268,      6.4398,     46.0930,      0.7693,    505.3944,      0.4462,  63440.6765,      1.0882,     82.0507,     21.2650,    175.4827,  310.4769,0.190139
  55.30  25.20    5.0, 0  8 325 11 2024,    250.1336,     20.3363,    172.4945,      0.5851,    352.9890,      0.2361,  74738.8325,      1.2458,      6.6161,      3.7468,    117.1471,  250.5574,0.238074
 -46.63 -23.55  760.0, 0 13 172  6 2024,    267.6117,     14.2400,    293.3624,      0.8802,    287.7302,      0.5256,  64478.9379,      3.3674,     48.5454,     16.2816,    -68.7941,  267.6990,0.224361
 -87.63  41.88  181.0, 0  9  46  2 2024,    236.1242,      3.6880,    261.0989,      0.0099,    612.7389,      0.4119,  97715.1208,      4.4189,     79.2156,    -42.3282,    -73.4423,  241.0975,0.245642
 -46.63 -23.55  760.0, 0 12 355 12 2024,    288.8523,     10.0680,    155.8612,      0.6267,    689.6094,      0.1289,  97985.0153,      3.2564,     48.8323,     11.0776,     23.0036,  293.7479,0.203522
 103.82   1.35   15.0, 0  8 325 11 2024,    247.1703,     21.6381,    144.9208,      0.5363,    973.8996,      0.1770,  67153.3401,      4.9464,     30.5794,     12.4661,   -132.0594,  250.0106,0.238512
 151.21 -33.87   39.0, 0 15 105  4 2024,    238.9419,      1.3844,    352.2526,      0.6792,    333.6837,      0.6835,  74050.6956,      3.7059,     40.1122,     -6.5649,    155.0029,  241.4169,0.245386
 -87.63  41.88  181.0, 0 12  75  3 2024,    311.1083,     15.2704,     19.7458,      0.3491,    672.2319,      0.7102,  66823.6517,      2.1890,     26.2808,    -32.6092,     17.0567,  312.7183,0.188345
 151.21 -33.87   39.0, 0 13 172  6 2024,    237.8975,      7.3337,     22.0653,      0.0107,    392.6464,      0.2790,  78009.6127,      2.7056,     18.0679,     38.9350,     71.8311,  239.4779,0.246938
  -0.13  51.51   11.0, 0  6  15  1 2024,    311.3197,     18.8263,    356.8976,      0.5940,     65.9120,      0.7141,  79660.4931,      2.4776,     80.4473,      9.3684,     77.0811,  311.3197,0.189464
  -0.13  51.51   11.0, 0 16 299 10 2024,    280.9535,     12.5128,     99.3185,      0.4520,    256.0960,      0.7355,  83103.4689,      1.9036,     66.9440,      0.8495,   -161.9224,  280.9535,0.213757
-112.07  33.45  331.0, 0 13 172  6 2024,    262.5884,      9.2720,    334.5857,      0.5855,    325.1366,      0.4867,  97772.8393,      2.5447,     31.3316,     21.8033,    -28.6049,  264.3373,0.227050
 103.82   1.35   15.0, 0 12  75  3 2024,    300.9632,      6.6991,     70.6514,      0.7475,    140.4856,      0.0758,  87359.8653,      4.8770,     75.7996,    -14.4530,   -177.2146,  301.3458,0.197443
 103.82   1.35   15.0, 0  9  46  2 2024,    266.0660,     24.1755,    353.6249,      0.4326,    875.2774,      0.0035,  75465.1972,      4.1697,     30.8473,     -2.0734,     29.9397,  268.6782,0.223577
 151.21 -33.87   39.0, 0 14 228  8 2024,    237.2256,      0.6501,    239.7236,      0.5365,   1273.8287,      0.1634,  69032.6160,      4.8200,     27.3756,     -9.1115,     37.6492,  249.8111,0.238671
-112.07  33.45  331.0, 0 16 299 10 2024,    244.7176,      8.2811,    187.2714,      0.6039,    820.3724,      0.0895,  72563.4435,      1.1084,     72.6510,     -3.9846,     68.2209,  258.7596,0.231512
 -87.63  41.88  181.0, 0 10 135  5 2024,    275.1244,     10.7005,     11.2460,      0.3904,    802.4980,      0.2103,  96851.7814,      2.3038,     47.9763,    -27.2275,   -102.4211,  281.3584,0.213433
 103.82   1.35   15.0, 0  6  15  1 2024,    321.6967,     15.3444,      8.3370,      0.4043,    700.9217,      0.7854,  90668.4437,      4.8702,     77.0021,     19.4846,    149.9083,  321.6967,0.181163
  -0.13  51.51   11.0, 0  6  15  1 2024,    260.3592,     18.3201,     11.1422,      0.1237,    501.7015,      0.5276,  92696.7046,      4.0909,     84.6113,     -2.7587,    -27.2163,  261.4977,0.229322
  28.05 -26.20 1753.0, 0  9 266  9 2024,    286.1595,      7.7713,    260.6577,      0.7009,    806.5203,      0.4306,  79046.0144,      2.3194,     51.8955,     15.0886,    -98.6020,  293.2973,0.203882
 103.82   1.35   15.0, 0 10 135  5 2024,    275.5920,     17.9228,    132.7532,      0.5155,    430.9895,      0.8909,  72289.3555,      3.0840,      0.9634,    -16.5947,    -14.4238,  275.8767,0.217819
-112.07  33.45  331.0, 0 10 135  5 2024,    262.3984,      9.9963,    356.2031,      0.7585,    955.6541,      0.2989,  95553.2763,      3.4680,     53.2031,    -17.8955,    -19.2135,  268.5278,0.223698
-112.07  33.45  331.0, 0 14 228  8 2024,    287.0129,     13.1519,    105.9812,      0.6479,    758.1882,      0.6104,  90385.6065,      1.5463,     32.3497,     37.2370,     32.0001,  290.0274,0.206498
  55.30  25.20    5.0, 0 13 172  6 2024,    276.4483,     15.5082,     50.7171,      0.6270,    230.8092,      0.6020,  68198.0763,      3.8205,     65.8750,    -16.0341,    126.4413,  276.8811,0.217015
  -0.13  51.51   11.0, 0 13 172  6 2024,    250.6269,      1.2975,     86.5555,      0.0131,    927.6367,      0.7869,  62200.4873,      1.2547,     52.3761,     -1.5779,   -124.8189,  251.6732,0.237181
 -87.63  41.88  181.0, 0 12  75  3 2024,    267.2101,     22.1887,     46.4001,      0.5639,    789.5695,      0.4644,  62469.3498,      2.7731,     22.7376,      9.7240,   -165.5650,  268.2543,0.223917
 103.82   1.35   15.0, 0  9  46  2 2024,    299.5808,      9.8825,    277.5052,      0.5589,    247.7065,      0.4716,  98545.3266,      2.2029,     63.5834,     -4.5185,   -130.4840,  300.7663,0.197907
  55.30  25.20    5.0, 0 15 105  4 2024,    308.5281,     14.7387,    353.6991,      0.2883,    896.2010,      0.2922,  70040.9504,      4.7584,     58.9075,    -19.2128,    104.9320,  313.6879,0.187570
 139.69  35.69   40.0, 0  9 266  9 2024,    262.4240,     21.0179,    125.0525,      0.4399,   1007.4957,      0.3638,  94373.9646,      3.9856,     88.8454,    -11.0001,    171.5378,  262.4240,0.228581
 151.21 -33.87   39.0, 0 15 105  4 2024,    279.7871,     19.9463,    291.0589,      0.9847,    765.6324,      0.6881,  65851.9852,      4.3342,     14.3391,    -17.8017,   -162.3392,  280.6525,0.213998
 151.21 -33.87   39.0, 0  9 266  9 2024,    235.5735,      3.7933,     23.4358,      0.9422,    397.0116,      0.0881,  94276.6941,      2.2177,     50.8174,    -19.9585,     19.0754,  235.5735,0.250061
-112.07  33.45  331.0, 0 12 355 12 2024,    296.3230,     22.1551,    153.6303,      0.6183,    519.5256,      0.4417,  61807.6154,      3.9860,     64.7765,    -25.6735,    149.6698,  296.3230,0.201462
 -46.63 -23.55  760.0, 0 12 355 12 2024,    314.7025,      3.4214,    228.0849,      0.6107,     20.3095,      0.8748,  92441.5078,      1.4078,     69.5751,      4.2278,    -28.6137,  314.7268,0.186739
 -46.63 -23.55  760.0, 0 14 228  8 2024,    314.4609,     16.8914,    187.5064,      0.5235,   1041.0302,      0.9524,  75619.3831,      3.2245,     77.9468,     28.3652,    -34.3879,  314.4609,0.186951
 151.21 -33.87   39.0, 0 10 135  5 2024,    314.2121,      4.2953,    303.7777,      0.9785,     11.3563,      0.7290,  76406.1217,      1.2897,     55.2782,    -29.0660,    -59.5294,  314.2345,0.187132
-122.00  37.50   25.0, 0 14 228  8 2024,    257.0788,     18.8743,    123.7422,      0.1110,    323.9776,      0.5473,  88585.0146,      0.5068,     38.7661,     20.0530,    168.8451,  257.9552,0.232156
  28.05 -26.20 1753.0, 0 10 135  5 2024,    319.7684,      2.8938,    287.2463,      0.0568,    742.5120,      0.3052,  68414.3377,      2.9283,      8.0975,     16.0129,    160.6984,  327.9147,0.176188
  28.05 -26.20 1753.0, 0  9  46  2 2024,    271.9416,     19.4224,    166.7721,      0.1202,    491.5294,      0.2747,  73584.0862,      4.8475,     15.9325,    -15.6060,     96.8018,  273.1783,0.219977
 103.82   1.35   15.0, 0 13 172  6 2024,    290.5294,      2.8166,    296.6503,      0.5128,    460.0980,      0.1891,  65934.0655,      2.8136,     10.7869,    -35.1034,      4.2628,  296.6169,0.201226
 103.82   1.35   15.0, 0  9  46  2 2024,    294.9669,     17.1884,    277.5133,      0.4173,    853.5183,      0.0218,  81166.2280,      3.2374,     12.9917,    -20.5647,    -28.3388,  300.0010,0.198519
  55.30  25.20    5.0, 0  8 325 11 2024,    265.3970,      1.9704,    156.3649,      0.2733,   1048.8522,      0.1118,  76138.8676,      3.3128,      4.0740,     20.6247,    -77.3830,  273.1536,0.219997
 103.82   1.35   15.0, 0 13 172  6 2024,    243.1946,     12.5090,    154.6923,      0.8947,    489.6698,      0.9219,  97600.4340,      4.0276,     76.2389,    -18.8354,   -172.9800,  243.3940,0.243805
  -0.13  51.51   11.0, 0 13 172  6 2024,    307.2945,     16.1744,    178.8766,      0.8772,   1336.1647,      0.0153,  99748.8943,      4.5506,     27.0068,     44.0625,   -112.2155,  312.1978,0.188762
 -87.63  41.88  181.0, 0  9  46  2 2024,    254.8457,      8.1740,    323.2494,      0.3909,    623.0410,      0.3579,  60047.5697,      2.8585,     34.3502,    -42.2517,   -112.4405,  257.0059,0.232915
 103.82   1.35   15.0, 0 14 228  8 2024,    311.3288,      0.8621,    329.5453,      0.4861,   1248.4484,      0.4974,  76346.3172,      2.8392,     50.1585,     -5.6426,    -96.6364,  315.0833,0.186453
  28.05 -26.20 1753.0, 0 12 355 12 2024,    280.7588,      2.6877,    238.1163,      0.2864,   1094.5247,      0.2425,  85821.8354,      4.8479,     73.9455,     21.0741,    -13.1297,  285.1598,0.210392
 -46.63 -23.55  760.0, 0 12 355 12 2024,    257.8125,     23.6943,    115.2675,      0.3927,   1161.8479,      0.9186,  88209.9696,      2.7702,     58.5719,     17.0973,   -167.4891,  258.0888,0.232049
 103.82   1.35   15.0, 0 14 228  8 2024,    288.5030,     22.9784,    337.0327,      0.4106,     36.6695,      0.6049,  79089.1646,      2.5049,     42.7353,    -16.5746,     -8.2739,  288.5426,0.207686
  55.30  25.20    5.0, 0 10 135  5 2024,    283.7553,     12.1784,    355.8949,      0.4001,   1037.9964,      0.5319,  88777.9912,      1.4219,     79.8953,     23.6460,    -14.6120,  285.8548,0.209836
-112.07  33.45  331.0, 0 12  75  3 2024,    313.7889,     22.3112,    318.7356,      0.5168,   1273.9885,      0.4641,  73160.9873,      3.9161,     46.9350,     38.4607,     -8.3943,  317.2240,0.184741
  -0.13  51.51   11.0, 0  8 325 11 2024,    269.9393,      4.4197,    108.7871,      0.1690,    275.9729,      0.3732,  89899.5533,      3.4993,     24.4501,      8.1577,    143.4125,  269.9393,0.222569
 -46.63 -23.55  760.0, 0 12  75  3 2024,    315.5683,      9.3034,    179.7886,      0.7385,    775.3206,      0.5017,  84396.4861,      1.1077,     28.6996,     39.2738,     48.2232,  319.5936,0.182845
  -0.13  51.51   11.0, 0  6  15  1 2024,    291.7466,     23.5348,     37.4178,      0.6351,   1162.4687,      0.7725,  60499.2055,      3.2072,     23.9838,     11.7578,     95.0171,  291.7466,0.205123
 -87.63  41.88  181.0, 0 11 202  7 2024,    249.9932,      2.9464,    169.2124,      0.7810,   1147.5941,      0.7576,  81258.0437,      2.1914,     84.1840,      8.6530,    168.2627,  249.9932,0.238525
 -46.63 -23.55  760.0, 0 11 202  7 2024,    273.8848,     11.2051,    121.6136,      0.9444,   1149.9158,      0.5453,  61872.9444,      3.2547,     30.5556,      8.5668,   -101.9404,  278.5377,0.215690
 103.82   1.35   15.0, 0  8 325 11 2024,    271.3021,     15.1875,    195.1181,      0.6672,    908.5298,      0.6208,  75033.9765,      1.1329,     51.3724,    -27.7397,    109.2132,  271.3021,0.221478
 151.21 -33.87   39.0, 0 12  75  3 2024,    299.9764,      0.2992,    307.1456,      0.7012,    292.3288,      0.4299,  85224.9882,      3.0295,     21.0055,      4.3978,   -125.0837,  304.9850,0.194532
  28.05 -26.20 1753.0, 0  9 266  9 2024,    320.8631,     23.1515,     74.9244,      0.3344,   1061.3056,      0.2624,  67378.8234,      2.6768,     62.9350,     21.5548,    -29.6366,  322.6501,0.180400
 151.21 -33.87   39.0, 0  8 325 11 2024,    315.8776,     21.9140,    119.8324,      0.0214,    306.2694,      0.2615,  67676.8580,      2.7021,     54.2513,     -3.6087,     -9.7870,  316.6106,0.185232
 139.69  35.69   40.0, 0 16 299 10 2024,    265.0563,     21.2507,    259.5439,      0.3946,    263.3954,      0.1397,  74530.0929,      3.5651,     22.4315,     43.9201,    169.3312,  265.1851,0.226372
 -87.63  41.88  181.0, 0 15 105  4 2024,    261.2780,     22.0266,     68.9776,      0.8897,   1090.3633,      0.2579,  86203.0040,      3.8635,      2.2742,     -7.4333,    175.6574,  264.3764,0.227019
 -46.63 -23.55  760.0, 0  9 266  9 2024,    286.4327,     17.5767,    140.7209,      0.1422,    729.5496,      0.9874,  90386.9878,      3.4996,     12.1529,     -5.0966,   -100.3105,  286.4902,0.209328
 -87.63  41.88  181.0, 0 12 355 12 2024,    310.5606,      0.9643,    316.5400,      0.7730,    681.3026,      0.2520,  73198.1472,      0.8535,      1.9930,      4.8015,     44.8673,  318.4337,0.183773
 103.82   1.35   15.0, 0 14 228  8 2024,    317.5499,      2.9306,    203.2268,      0.7541,    309.4802,      0.6519,  64339.1487,      2.7423,     19.5093,     42.1291,    -18.8041,  318.9092,0.183393
-122.00  37.50   25.0, 0  9 266  9 2024,    320.6855,     12.3823,    217.5867,      0.1287,    428.5669,      0.9109,  78564.4222,      1.2456,     89.3933,    -23.7181,     12.9911,  320.8371,0.181850
  28.05 -26.20 1753.0, 0 10 135  5 2024,    266.7768,     18.5842,     92.1996,      0.1481,    399.2243,      0.5313,  81147.0837,      1.3263,     28.1291,    -43.1854,    -24.4667,  267.2542,0.224717
  28.05 -26.20 1753.0, 0 14 228  8 2024,    287.7047,     24.5186,    328.8755,      0.8949,    715.5497,      0.8092,  61209.6807,      4.5247,     45.2814,     -1.8987,    143.4956,  288.4977,0.207722
  28.05 -26.20 1753.0, 0  6  15  1 2024,    257.7762,      2.9253,    157.8728,      0.9762,     55.4349,      0.8019,  63333.0776,      1.4543,      8.1835,     37.2623,    162.1609,  257.7934,0.232285
-112.07  33.45  331.0, 0  9  46  2 2024,    272.9161,     15.2265,     69.8373,      0.9353,    615.0449,      0.5711,  86547.4189,      4.3739,     41.9389,    -29.0655,   -141.6094,  273.5661,0.219667
  55.30  25.20    5.0, 0 10 135  5 2024,    322.1886,     10.4966,    315.7489,      0.5561,    511.4439,      0.8105,  80023.5575,      2.2034,     49.4105,     -5.0624,   -170.1703,  322.9965,0.180123
 103.82   1.35   15.0, 0  9 266  9 2024,    299.5492,     21.1979,     21.5756,      0.2936,   1014.7829,      0.1280,  77790.2528,      0.6275,     35.9441,     24.4577,     67.5274,  301.4420,0.197366
  -0.13  51.51   11.0, 0 10 135  5 2024,    249.9050,      8.8347,    337.6888,      0.9600,   1266.4676,      0.5453,  61908.3394,      1.1077,     35.8812,    -22.9790,   -120.7990,  256.9337,0.232973
-122.00  37.50   25.0, 0 11 202  7 2024,    277.2519,     23.3757,     65.6385,      0.4876,     65.7321,      0.3662,  63780.9248,      2.9675,     52.9960,     -9.3360,    104.3499,  277.3306,0.216656
-112.07  33.45  331.0, 0 12 355 12 2024,    266.4594,      3.4206,    217.9414,      0.8208,    656.6066,      0.7511,  79471.4685,      2.8653,     31.1344,      9.7191,   -146.8236,  266.8354,0.225052
  55.30  25.20    5.0, 0 12  75  3 2024,    254.1587,     19.4243,    197.1482,      0.0915,    759.7698,      0.0301,  70582.0186,      3.2852,     56.6937,    -20.1159,     69.8892,  257.1475,0.232802
 151.21 -33.87   39.0, 0  6  15  1 2024,    285.6951,     22.0451,     35.5967,      0.5659,    598.0823,      0.3169,  66493.7460,      4.8647,     45.9073,    -10.0891,    151.6010,  285.6951,0.209964
  55.30  25.20    5.0, 0 11 202  7 2024,    283.5821,      7.8589,    193.8039,      0.4343,   1346.7299,      0.1606,  85359.5113,      0.6342,     34.7923,     -2.0203,   -114.3318,  306.6827,0.193174
 151.21 -33.87   39.0, 0  8 325 11 2024,    307.3495,     23.7810,     74.1704,      0.5340,    602.0869,      0.2024,  73582.6548,      0.5373,     11.6927,     16.2794,    -44.9477,  310.9699,0.189744
 151.21 -33.87   39.0, 0  6  15  1 2024,    233.3254,     14.4527,      1.6161,      0.9538,    302.2866,      0.3110,  88157.3836,      1.3174,     79.2256,    -32.6023,    -96.9605,  235.2886,0.250289
-122.00  37.50   25.0, 0 11 202  7 2024,    244.7059,     23.3617,    132.1479,      0.4048,   1353.3177,      0.7545,  80476.9764,      1.8026,     75.1870,     -4.9068,     94.3508,  244.7059,0.242755
  -0.13  51.51   11.0, 0 12 355 12 2024,    312.9224,     17.2358,    277.5553,      0.2112,    255.2785,      0.7985,  63048.5919,      2.9398,     40.0663,    -15.7592,   -111.3324,  312.9224,0.188182
 103.82   1.35   15.0, 0 15 105  4 2024,    248.7580,      4.5045,    165.8261,      0.1951,    971.5454,      0.8253, 101181.6516,      1.1336,     85.0585,    -10.8046,    121.9965,  251.7125,0.237150
-112.07  33.45  331.0, 0 15 105  4 2024,    305.8613,      2.0888,    264.0729,      0.7202,   1052.5884,      0.4476,  84000.3161,      4.3783,     58.9808,    -38.7789,    162.1514,  309.8771,0.190618
-122.00  37.50   25.0, 0 13 172  6 2024,    307.0469,     12.8158,     90.0344,      0.0218,    499.6760,      0.8406,  69454.2307,      0.8807,     34.3598,     18.4118,   -134.7973,  307.7834,0.192293
-122.00  37.50   25.0, 0 16 299 10 2024,    321.3611,      4.7956,    180.5986,      0.0326,   1288.2990,      0.8936,  79719.9591,      2.4335,     12.2141,     24.0575,    137.9585,  322.1245,0.180820
 151.21 -33.87   39.0, 0 13 172  6 2024,    290.3323,     24.8501,    180.0026,      0.0662,   1040.5588,      0.3755,  69630.8052,      3.8095,     73.2894,     38.4017,   -124.6970,  291.5392,0.205289
  -0.13  51.51   11.0, 0 13 172  6 2024,    241.9099,     21.3771,    200.2206,      0.6291,    604.9179,      0.4244,  88842.4247,      3.8864,     28.8897,     18.7444,    102.8005,  243.6073,0.243634
 139.69  35.69   40.0, 0  9  46  2 2024,    295.0578,      1.8994,    100.5775,      0.0415,    971.0675,      0.7136,  89321.8495,      4.8247,     19.9017,    -18.1764,   -127.0527,  298.4196,0.199784
 -46.63 -23.55  760.0, 0 16 299 10 2024,    236.1775,     12.2857,     17.1959,      0.8640,   1123.6889,      0.3035,  79214.7848,      2.4098,     58.1975,     36.9723,   -128.5177,  236.1775,0.249578
 151.21 -33.87   39.0, 0  9 266  9 2024,    319.7200,     24.6083,    354.1280,      0.5821,    503.4408,      0.2489,  98314.0840,      2.0499,     68.5323,    -35.0311,    172.1980,  320.7775,0.181898
 -46.63 -23.55  760.0, 0 12  75  3 2024,    267.8292,      1.3291,    160.9146,      0.4706,    941.7990,      0.5470,  84036.4571,      4.2512,     13.7788,    -15.1051,    111.4910,  278.8160,0.215467
  28.05 -26.20 1753.0, 0  9  46  2 2024,    278.3630,     10.5869,    236.5149,      0.8883,    361.9666,      0.5968,  75606.3412,      2.3924,      9.7800,     16.0777,    -75.9178,  279.8456,0.214644
 -46.63 -23.55  760.0, 0 16 299 10 2024,    246.7275,     19.1166,    233.2601,      0.7825,    444.3627,      0.6622,  70787.3534,      1.1966,     43.0398,      8.4921,    -35.1733,  246.8392,0.241049
 151.21 -33.87   39.0, 0 12 355 12 2024,    292.0192,      1.6379,     59.7677,      0.8286,    726.8518,      0.8785,  93544.0435,      3.8498,     23.1190,     18.9688,    123.2317,  294.2278,0.203138
-122.00  37.50   25.0, 0 11 202  7 2024,    300.8338,     15.9386,    268.7789,      0.3044,    414.3558,      0.8609,  99129.5774,      3.5830,     63.6863,     20.9543,     37.6591,  301.0574,0.197674
 -46.63 -23.55  760.0, 0 14 228  8 2024,    241.1195,     18.3758,    266.1551,      0.4526,    149.4463,      0.9966,  86087.7590,      2.6498,     41.2211,    -44.8018,    -65.2328,  241.1197,0.245624
 103.82   1.35   15.0, 0 15 105  4 2024,    245.3795,     23.0571,    107.1962,      0.8381,    231.6420,      0.5588,  87526.7553,      4.4721,      4.4203,    -30.3984,     81.0786,  245.7678,0.241906
 -87.63  41.88  181.0, 0 11 202  7 2024,    258.4668,     24.5721,    327.1051,      0.3258,   1077.4330,      0.3123,  68420.1771,      2.7099,     57.7949,     13.4403,    -23.9505,  261.9160,0.228987
  28.05 -26.20 1753.0, 0 10 135  5 2024,    236.8280,     18.7318,    148.3199,      0.9638,   1292.1214,      0.9183,  75800.5305,      3.0141,      4.3569,    -14.9390,    -12.1025,  237.2232,0.248741
 -87.63  41.88  181.0, 0 12  75  3 2024,    299.8226,     18.9626,    305.1210,      0.4438,    262.6000,      0.9015,  71004.3539,      2.7995,     47.9332,    -14.6942,    -47.2023,  299.9785,0.198537
-122.00  37.50   25.0, 0 12  75  3 2024,    247.8919,      5.8329,    215.3184,      0.3624,    778.0374,      0.2837,  96615.7826,      2.3991,     80.0684,     -6.7502,   -166.7007,  247.8919,0.240206
  -0.13  51.51   11.0, 0 15 105  4 2024,    249.0297,     18.3925,     88.7915,      0.9091,    492.8418,      0.2192,  95905.7093,      1.3379,     29.9329,     42.4022,     56.1575,  251.6544,0.237196
 139.69  35.69   40.0, 0  9  46  2 2024,    246.7924,     21.9055,    348.5127,      0.8512,    252.0508,      0.1876,  93157.9612,      3.7801,     41.0521,    -42.0041,     47.4223,  247.0259,0.240899
 103.82   1.35   15.0, 0 15 105  4 2024,    267.6680,      6.0045,     70.6608,      0.3346,    465.3138,      0.6818,  85383.2179,      2.5738,     20.3745,     -9.1030,    107.1041,  270.0260,0.222499
  28.05 -26.20 1753.0, 0 12  75  3 2024,    306.5856,      5.2701,     62.7218,      0.0864,    344.6906,      0.9495,  78605.2299,      2.3860,     71.2490,    -25.4713,    118.2110,  306.7380,0.193130
 -46.63 -23.55  760.0, 0  8 325 11 2024,    292.0447,     24.1865,    108.5843,      0.0457,    919.0774,      0.9217,  65558.2374,      4.6810,     40.3835,     16.9935,     96.4620,  292.0447,0.204884
-122.00  37.50   25.0, 0 12  75  3 2024,    270.2170,     15.0200,    314.9158,      0.2997,    989.1035,      0.0148,  99238.0043,      0.8083,     78.1222,     18.5924,     -8.8307,  280.5931,0.214046
  28.05 -26.20 1753.0, 0  9 266  9 2024,    239.3340,      9.7239,     62.2133,      0.0562,    425.8166,      0.0974,  81395.1858,      2.3333,     40.2957,     36.2453,      4.5577,  240.4127,0.246190
 -46.63 -23.55  760.0, 0 15 105  4 2024,    280.9230,     18.1907,    156.1094,      0.6786,    370.9412,      0.7375,  89058.2779,      4.9852,     48.4889,    -26.6006,    105.7841,  281.5664,0.213267
 139.69  35.69   40.0, 0  9 266  9 2024,    276.4089,      1.1971,    199.2979,      0.2637,    423.5118,      0.0176,  75899.2318,      2.2692,      1.9689,      1.9849,   -150.1270,  283.4742,0.211741
 -87.63  41.88  181.0, 0 14 228  8 2024,    258.1584,     11.2761,    226.9024,      0.5737,     29.1844,      0.0410,  97513.9702,      1.4153,     13.2245,    -17.9489,   -152.7492,  258.4069,0.231794
 103.82   1.35   15.0, 0 16 299 10 2024,    320.9377,     24.0977,    174.5432,      0.7999,   1199.6453,      0.4307,  68307.6652,      2.8242,     58.0276,    -27.5560,    -45.7871,  320.9377,0.181770
  55.30  25.20    5.0, 0 13 172  6 2024,    317.8996,     14.2998,    347.6530,      0.9536,    554.9061,      0.8203,  72426.1058,      3.8875,     66.2325,     19.7028,    -73.7458,  318.0720,0.184062
 139.69  35.69   40.0, 0  8 325 11 2024,    286.6537,      5.8227,    158.2881,      0.7431,    813.0962,      0.7979,  85853.0263,      1.2368,     79.1839,    -41.6833,    159.7964,  286.6537,0.209197
  28.05 -26.20 1753.0, 0 14 228  8 2024,    267.4944,     22.7887,    350.2870,      0.6566,    811.1285,      0.8571,  80875.1246,      4.1956,     32.7268,     36.0947,     95.0205,  267.9732,0.224141
 -87.63  41.88  181.0, 0  6  15  1 2024,    254.6955,     11.0052,    207.2913,      0.7850,    303.8378,      0.6201,  81780.8756,      2.9217,     20.1608,     15.7055,    -86.7304,  255.1170,0.234426
  55.30  25.20    5.0, 0 13 172  6 2024,    297.5359,     15.0497,    244.1920,      0.1462,   1209.6370,      0.8427,  78167.6016,      0.5210,     60.1233,    -15.8808,    123.2734,  299.4375,0.198970
  55.30  25.20    5.0, 0 10 135  5 2024,    319.1519,     17.4668,     83.2965,      0.7873,    162.5533,      0.7732,  96861.1296,      4.9535,     24.1350,    -32.0860,    178.4964,  319.3510,0.183039
  55.30  25.20    5.0, 0 10 135  5 2024,    258.5233,     15.7298,      2.5886,      0.9683,   1059.2330,      0.9134,  84181.5303,      2.0796,     86.1431,      7.6142,      7.4481,  258.5723,0.231662
 -46.63 -23.55  760.0, 0 16 299 10 2024,    272.1260,      2.7401,    298.4378,      0.2096,   1091.1345,      0.7505,  63688.3680,      4.4626,     33.3882,     -3.1195,    133.3265,  277.2592,0.216713
-122.00  37.50   25.0, 0  8 325 11 2024,    268.9424,     16.3475,    165.8139,      0.7695,    529.2262,      0.5311,  81178.3936,      2.0137,     43.7871,     36.4643,   -132.3723,  269.4645,0.222948
  28.05 -26.20 1753.0, 0  9 266  9 2024,    275.1629,     15.4167,     93.8581,      0.6282,   1300.0609,      0.8060,  68933.3441,      1.9271,     73.7072,    -17.1526,     40.2632,  275.1629,0.218390
 -46.63 -23.55  760.0, 0  9 266  9 2024,    248.2084,      0.1915,    117.4649,      0.4890,    901.1445,      0.2459,  70282.4423,      0.7164,     78.9533,     38.7421,     35.8474,  248.2084,0.239953
 139.69  35.69   40.0, 0  8 325 11 2024,    318.0972,      0.1081,     54.7592,      0.4734,    688.4140,      0.0428,  72661.8753,      2.4717,     67.7050,    -32.8373,   -153.9763,  318.0972,0.184042
 103.82   1.35   15.0, 0 12 355 12 2024,    294.0453,      9.0316,    250.1698,      0.5943,    899.7409,      0.9861,  96605.7716,      3.9932,     27.2459,     27.3846,    145.7642,  294.1440,0.203205
 -87.63  41.88  181.0, 0 10 135  5 2024,    255.7264,      0.2651,    137.8775,      0.5006,   1104.4872,      0.2411,  95448.9560,      3.2023,     64.2208,    -31.5763,     36.3834,  263.2130,0.227950
  55.30  25.20    5.0, 0 14 228  8 2024,    235.5249,     13.7515,    264.3076,      0.1654,    451.0757,      0.9060,  73558.4918,      4.3272,      7.2242,    -16.7483,    -41.1770,  235.8344,0.249853
  55.30  25.20    5.0, 0 14 228  8 2024,    273.4721,     10.1385,    240.7233,      0.7556,    934.9563,      0.4853,  95023.2380,      2.7573,     69.2539,      2.4314,    108.8115,  277.6026,0.216438
-122.00  37.50   25.0, 0  9 266  9 2024,    293.5318,      1.5117,    213.2058,      0.8765,    943.0096,      0.5698,  71021.0932,      1.4155,     32.4779,     14.1132,     38.2213,  298.7330,0.199534
 139.69  35.69   40.0, 0 12 355 12 2024,    238.5773,      1.9895,    203.7244,      0.1904,   1225.5529,      0.5811,  64707.3000,      0.9464,     42.2073,    -24.0452,     29.4965,  250.9328,0.237774
  55.30  25.20    5.0, 0 14 228  8 2024,    238.6044,     16.8270,    333.8838,      0.2491,    448.4347,      0.9091,  84158.7949,      2.4795,     37.2137,    -32.4691,     54.9393,  238.8831,0.247414
 139.69  35.69   40.0, 0 15 105  4 2024,    321.7153,      1.9153,    255.2993,      0.5918,    350.7362,      0.5881,  67486.1090,      3.6896,     87.1369,    -31.7595,    -58.0562,  321.7153,0.181148
  55.30  25.20    5.0, 0 12 355 12 2024,    292.4531,      3.5629,    143.1014,      0.4765,    864.1166,      0.9755,  72352.2202,      1.4930,     36.9331,     27.8293,    143.2033,  292.5353,0.204492
 103.82   1.35   15.0, 0  8 325 11 2024,    311.3994,      0.4137,    158.1345,      0.2502,    841.2997,      0.0559,  69902.9523,      0.9800,      6.6419,     24.1540,     15.9420,  323.9312,0.179375
  -0.13  51.51   11.0, 0  6  15  1 2024,    277.1455,     13.5146,    341.2882,      0.6452,   1298.6767,      0.1932,  62488.5831,      3.8407,     81.3466,     -4.6667,    116.1186,  277.1455,0.216804
  -0.13  51.51   11.0, 0 12 355 12 2024,    260.8696,      8.1982,    240.8833,      0.1978,    970.8099,      0.0359, 100239.8999,      4.1177,     46.0067,     27.6449,     59.3467,  267.1524,0.224798
 151.21 -33.87   39.0, 0 10 135  5 2024,    252.8140,     20.7260,    176.1099,      0.6878,    641.9676,      0.2698,  81900.2401,      2.1897,     10.0466,      7.4183,     98.4711,  254.3104,0.235072
 151.21 -33.87   39.0, 0 10 135  5 2024,    286.6643,      0.7549,    170.7319,      0.8790,    635.9316,      0.5136, 100069.9133,      1.9893,     69.2525,     44.2450,     33.5288,  286.6643,0.209189
 -87.63  41.88  181.0, 0 12  75  3 2024,    260.1436,     19.5032,    204.8715,      0.7393,   1328.6852,      0.7991,  67026.1231,      3.6687,     51.0970,    -35.0061,   -118.4049,  260.4346,0.230172
  -0.13  51.51   11.0, 0  9 266  9 2024,    241.9131,      3.9529,    238.9530,      0.3349,     39.8729,      0.7921,  82413.9466,      2.2267,     38.4387,    -22.2721,   -160.1972,  241.9387,0.244969
 139.69  35.69   40.0, 0 13 172  6 2024,    304.9118,     21.6390,    255.8421,      0.8288,    725.1672,      0.6682,  78365.2852,      1.8121,     62.5473,     14.4523,   -107.9710,  305.2731,0.194302
  55.30  25.20    5.0, 0 13 172  6 2024,    302.8696,     17.9148,     31.5628,      0.2613,    133.6157,      0.7541,  62052.3943,      1.4727,     78.7532,    -25.3923,     93.6821,  303.0039,0.196117
  -0.13  51.51   11.0, 0 10 135  5 2024,    278.1348,      3.2379,    213.8485,      0.4124,   1227.9381,      0.4857, 100275.0110,      3.0281,     14.6028,    -21.9811,     17.5766,  289.1120,0.207230
 -87.63  41.88  181.0, 0  9 266  9 2024,    300.5438,      1.7124,     77.2734,      0.7361,   1360.9857,      0.0208,  62639.4075,      1.4309,     54.6910,     25.7745,    -77.6205,  336.9204,0.168984
 103.82   1.35   15.0, 0  9 266  9 2024,    244.7198,      0.9472,    267.9655,      0.4005,   1245.4968,      0.5059,  68077.5954,      3.8671,     86.2913,     30.7245,    132.6729,  244.7198,0.242744
 139.69  35.69   40.0, 0  9  46  2 2024,    254.6045,     12.1159,      0.3567,      0.2088,    484.9114,      0.9658,  98857.3654,      0.9849,     29.8802,     21.8560,   -138.6752,  254.6942,0.234765
 103.82   1.35   15.0, 0  8 325 11 2024,    268.6303,     14.5993,     13.3286,      0.5808,   1236.9793,      0.6574,  82085.2437,      3.6985,     77.7111,     -2.0421,   -149.3592,  269.3989,0.223001
 -46.63 -23.55  760.0, 0  9 266  9 2024,    255.6746,     15.5995,    224.9711,      0.1830,    968.5142,      0.2298,  64760.7168,      4.4638,     22.3176,      9.2683,   -117.2705,  261.2615,0.229511
-122.00  37.50   25.0, 0  9 266  9 2024,    241.4674,      3.5791,    288.7878,      0.9056,    824.7541,      0.8674,  83467.7067,      0.8556,     44.8677,      4.6511,    -99.0432,  243.8998,0.243400
  -0.13  51.51   11.0, 0 16 299 10 2024,    251.1960,      2.8548,    291.0943,      0.9578,    785.4579,      0.8300,  76583.9545,      1.0337,     84.5430,      0.8894,     10.0993,  253.7110,0.235551
-122.00  37.50   25.0, 0 14 228  8 2024,    302.1534,     24.0285,    325.4215,      0.0983,   1082.6507,      0.3101,  88213.6768,      2.5802,     59.2638,      6.7109,    141.0225,  304.3045,0.195076
 139.69  35.69   40.0, 0  9 266  9 2024,    321.9559,      7.5415,    158.7168,      0.4262,    451.1200,      0.2651,  71992.8401,      2.7644,     66.0109,    -15.0871,     61.4268,  321.9559,0.180955
  55.30  25.20    5.0, 0 12 355 12 2024,    239.2993,      5.5971,    234.9919,      0.0603,    348.1347,      0.9000,  65028.8438,      2.3568,     12.0187,     -5.8544,     -8.0448,  239.8105,0.246672
 139.69  35.69   40.0, 0 10 135  5 2024,    243.0319,     16.6476,      5.7599,      0.8563,    735.8007,      0.1025,  69813.3761,      3.6365,     83.7336,    -15.7274,   -120.3591,  244.9893,0.242529
-122.00  37.50   25.0, 0  9 266  9 2024,    315.5986,      8.9121,    163.6370,      0.9421,    195.9587,      0.6355,  81173.9995,      2.2200,     36.1225,    -39.6156,    128.4748,  315.5986,0.186041
 103.82   1.35   15.0, 0  6  15  1 2024,    269.5033,     18.2487,    181.0473,      0.5261,    914.3466,      0.2038,  92549.8662,      4.0037,     73.8523,     26.7189,     40.1591,  269.5033,0.222917
 139.69  35.69   40.0, 0 13 172  6 2024,    306.2052,     12.2415,     57.3548,      0.8717,   1137.7398,      0.3633,  68447.1552,      4.3316,     78.4473,    -43.1028,    -66.5517,  306.5125,0.193310
 151.21 -33.87   39.0, 0  9 266  9 2024,    314.1433,     10.9652,     84.5521,      0.5127,    150.2267,      0.0097,  99120.5876,      3.3446,     85.6366,     11.0202,    -44.1152,  314.6119,0.186830
  55.30  25.20    5.0, 0  9  46  2 2024,    240.0964,     15.9769,    337.6991,      0.9149,    978.9081,      0.4882,  62532.4360,      0.8618,     63.3805,     20.3496,    108.6714,  240.0964,0.246443
-112.07  33.45  331.0, 0  8 325 11 2024,    300.3814,     22.3113,    319.0998,      0.4820,    222.4007,      0.7539,  66662.6647,      2.5649,     63.3502,      9.9465,    -81.6869,  300.7024,0.197958
 -87.63  41.88  181.0, 0  8 325 11 2024,    275.1399,      0.2763,    277.8280,      0.8622,   1236.5684,      0.2454,  72923.3360,      3.4361,     36.2322,    -32.0954,     -7.2658,  287.7882,0.208289
  -0.13  51.51   11.0, 0 11 202  7 2024,    283.3259,     20.6002,     61.6410,      0.3749,   1309.5796,      0.5949,  60052.2635,      1.7744,     54.2869,    -41.6545,     53.6694,  285.2614,0.210311
  55.30  25.20    5.0, 0 10 135  5 2024,    275.9230,      1.0641,    128.5603,      0.7193,   1130.3486,      0.0951,  73294.1109,      1.5707,     47.4014,    -20.5297,    123.5582,  284.5630,0.210870
 151.21 -33.87   39.0, 0 16 299 10 2024,    266.2442,      6.9644,     84.3951,      0.6799,    388.0193,      0.0153,  97274.7696,      2.0326,     37.3886,     10.1560,    118.9659,  272.2732,0.220701
 -87.63  41.88  181.0, 0 13 172  6 2024,    313.6859,     22.4309,      6.5210,      0.2043,   1107.8497,      0.9843,  97963.2001,      3.5330,     55.0185,    -30.0975,    -92.9212,  313.7176,0.187546
 139.69  35.69   40.0, 0 14 228  8 2024,    313.1748,      6.4124,     26.0009,      0.6677,    170.7205,      0.7013,  83246.9310,      3.0015,     68.9204,     14.6111,     81.5894,  313.8519,0.187438
-112.07  33.45  331.0, 0 12 355 12 2024,    317.7346,      2.6018,    287.3114,      0.9451,    443.1395,      0.0847,  81793.0927,      4.7694,     61.7973,     29.2716,    149.6322,  317.7346,0.184332
  55.30  25.20    5.0, 0 15 105  4 2024,    285.0714,     13.9992,     36.3151,      0.6799,    314.3694,      0.8311,  86379.0066,      2.1057,     42.4600,     42.3108,   -119.6504,  285.0967,0.210443
-122.00  37.50   25.0, 0  9  46  2 2024,    249.1876,      9.2385,     52.1006,      0.1133,    245.8004,      0.1478,  84690.8281,      2.4291,      9.8524,    -17.0699,     99.4616,  249.9181,0.238586
 151.21 -33.87   39.0, 0  8 325 11 2024,    266.0672,     23.3957,    204.0701,      0.3969,    100.8051,      0.6669,  72581.8800,      4.0308,     58.1728,    -23.1484,    158.4083,  266.0729,0.225662
-112.07  33.45  331.0, 0  6  15  1 2024,    308.6091,      5.6927,     57.0331,      0.4255,    488.5487,      0.4231,  93613.1193,      3.5145,     77.5349,     19.0230,    -51.9036,  313.1670,0.187986
 139.69  35.69   40.0, 0 11 202  7 2024,    262.8323,      0.6693,     67.7737,      0.8705,     66.9470,      0.7696,  71562.9763,      3.3310,     54.2039,    -30.2633,     12.9805,  263.1150,0.228028
 151.21 -33.87   39.0, 0 10 135  5 2024,    270.4038,     14.1288,    243.1187,      0.5868,   1171.6263,      0.4865,  84123.8202,      1.6985,     88.6988,     36.7677,   -177.5216,  274.7506,0.218720
-112.07  33.45  331.0, 0 15 105  4 2024,    264.3894,      5.8720,    352.9895,      0.2909,    694.7523,      0.0624,  93774.1736,      2.5280,      4.1863,     13.7327,    -54.1897,  271.7484,0.221121
-112.07  33.45  331.0, 0 12  75  3 2024,    311.6448,     19.3701,    152.4917,      0.5889,   1255.9235,      0.7462,  70603.4338,      3.6201,     15.4644,     37.7876,     30.1596,  313.3657,0.187827
  28.05 -26.20 1753.0, 0 12  75  3 2024,    312.1560,      5.4678,    327.4150,      0.8772,    568.2636,      0.0003,  75182.4581,      3.2718,     38.1370,     34.9414,     98.5569,  318.9121,0.183390
-112.07  33.45  331.0, 0 12  75  3 2024,    266.8745,     18.5766,    294.1517,      0.5525,    603.8333,      0.5006,  95787.2695,      3.7995,     44.1826,     12.2054,    -24.1863,  268.9433,0.223365
 139.69  35.69   40.0, 0 10 135  5 2024,    281.8821,     16.8005,     94.1846,      0.1275,    668.9924,      0.1315,  84208.8991,      4.0207,     38.3903,     18.1961,     91.1396,  283.5672,0.211666
 103.82   1.35   15.0, 0  9 266  9 2024,    258.5042,      9.4907,    118.0821,      0.4630,    981.5555,      0.6267,  81442.8472,      1.4675,     55.0885,      9.6000,     74.5020,  258.5042,0.231717
  55.30  25.20    5.0, 0 15 105  4 2024,    301.2924,     16.1711,    104.0586,      0.9582,    889.3176,      0.3834,  76114.2617,      3.2247,     28.0624,     19.9236,    135.6080,  304.8641,0.194629
  28.05 -26.20 1753.0, 0 12 355 12 2024,    239.7892,     18.2694,    197.7074,      0.2741,   1342.6412,      0.6123,  97026.2052,      2.3553,      7.4820,     -7.0359,    164.3577,  243.8896,0.243408
 -46.63 -23.55  760.0, 0 15 105  4 2024,    257.5402,     17.2084,    126.1950,      0.5137,    151.1277,      0.8391,  66223.6836,      3.6301,     10.8004,    -29.3361,    127.3656,  257.6583,0.232393
 151.21 -33.87   39.0, 0  9 266  9 2024,    304.7330,     14.5379,    323.6410,      0.4811,    244.4229,      0.3261,  95333.7085,      1.4012,     58.7830,      6.1853,     22.7631,  304.7330,0.194734
-122.00  37.50   25.0, 0 14 228  8 2024,    282.7025,      9.7136,     15.3283,      0.2781,    131.4469,      0.9902,  62279.0262,      1.0893,      7.4609,    -23.1726,    127.2521,  282.7201,0.212344
 -46.63 -23.55  760.0, 0 16 299 10 2024,    273.1874,     11.7351,     90.1868,      0.5071,    689.1142,      0.8030,  80426.1400,      1.2636,     36.4392,    -11.1552,     19.0660,  274.4153,0.218988
 103.82   1.35   15.0, 0 11 202  7 2024,    297.7221,      3.3587,    150.0825,      0.2933,    625.8680,      0.8239,  74046.1324,      4.5586,      7.6410,     -4.1900,    173.3677,  300.1384,0.198409
  28.05 -26.20 1753.0, 0  9  46  2 2024,    241.4165,      3.7639,    353.2586,      0.9422,    381.7485,      0.2493,  84598.8654,      1.2386,     27.4629,     14.4568,     25.9174,  244.6231,0.242822
  28.05 -26.20 1753.0, 0  9  46  2 2024,    264.3546,     17.6845,    241.9930,      0.0779,    166.4956,      0.0225,  90217.7426,      4.5475,     84.0253,     28.1796,   -156.9132,  264.8296,0.226656
 151.21 -33.87   39.0, 0 10 135  5 2024,    250.9689,     13.0658,    219.4889,      0.3295,    258.4159,      0.0730,  72945.4672,      1.0912,     11.8788,    -36.8701,   -148.6130,  252.8035,0.236277
-122.00  37.50   25.0, 0 12  75  3 2024,    247.1889,     22.1045,    188.2701,      0.0532,    861.9787,      0.5969,  95188.7623,      2.6711,     13.0836,    -17.3700,     54.3736,  248.9248,0.239380
 139.69  35.69   40.0, 0 13 172  6 2024,    299.9871,     13.9699,     37.6279,      0.1791,    947.1215,      0.4642,  91879.6560,      2.2836,     41.4081,    -11.4656,    -82.5001,  303.1106,0.196032
-112.07  33.45  331.0, 0 15 105  4 2024,    314.3173,      9.9427,    102.0625,      0.3982,      4.0092,      0.1289, 101179.9603,      0.9314,     63.8223,    -23.6413,   -119.4784,  314.3173,0.187066
 151.21 -33.87   39.0, 0  9  46  2 2024,    304.8535,      5.3624,     53.7117,      0.0492,    501.3014,      0.0218, 100051.2536,      4.5129,     53.1290,      4.8583,    150.9583,  307.5394,0.192489
 139.69  35.69   40.0, 0 11 202  7 2024,    244.4919,      7.6435,    140.6252,      0.8419,    635.1276,      0.6864,  93667.5821,      3.6044,      8.7461,    -22.7358,   -111.3452,  247.0203,0.240904
-122.00  37.50   25.0, 0 11 202  7 2024,    298.5675,     20.7111,    227.9171,      0.4024,     41.8954,      0.1197,  69517.6379,      3.7060,     84.0170,     29.4716,     91.2743,  298.5675,0.199666
-112.07  33.45  331.0, 0  8 325 11 2024,    312.2960,     11.7188,     60.6817,      0.4459,    856.4815,      0.5419,  80382.0652,      1.6049,     74.3452,     43.6769,    -42.6858,  316.3605,0.185432
 -46.63 -23.55  760.0, 0 15 105  4 2024,    268.8661,     23.8042,    142.8870,      0.0960,    867.8374,      0.6234,  81048.6424,      3.2813,     32.8021,     -6.7974,     24.2580,  269.6770,0.222778
  28.05 -26.20 1753.0, 0  9  46  2 2024,    288.0768,      0.6648,     64.8803,      0.1062,     53.9240,      0.7901,  65139.2792,      2.6934,     59.8405,    -29.0543,   -137.1599,  288.3349,0.207852
 139.69  35.69   40.0, 0  9  46  2 2024,    290.5723,     14.0152,    218.1958,      0.7661,   1109.1787,      0.3602, 100995.8104,      4.0738,     51.8762,    -11.7595,    -15.5531,  296.3393,0.201449
-122.00  37.50   25.0, 0 10 135  5 2024,    248.5833,      6.6993,    299.2796,      0.3120,   1306.0821,      0.9712,  84129.7050,      4.9587,     17.5429,     -3.3587,     94.6586,  248.9738,0.239341
 151.21 -33.87   39.0, 0  9 266  9 2024,    285.5888,      2.0516,    253.2576,      0.0891,    480.5959,      0.1073,  91258.4051,      2.6576,     84.1980,     -8.5869,    118.5386,  285.5888,0.210049
-122.00  37.50   25.0, 0 12 355 12 2024,    255.9504,      4.7546,    236.1042,      0.1685,    938.1114,      0.2175,  63543.7003,      1.0702,      8.4395,     39.1384,    106.7579,  262.1144,0.228828
  -0.13  51.51   11.0, 0  6  15  1 2024,    255.0498,     11.7660,    232.1314,      0.8736,    409.7092,      0.4953,  81613.2020,      3.6897,      3.6738,    -12.4205,    140.4170,  255.0498,0.234480
  28.05 -26.20 1753.0, 0  8 325 11 2024,    286.6016,     13.9007,     26.0978,      0.5511,    725.8308,      0.3103,  67254.8064,      4.4661,      2.8698,     41.6686,    127.9365,  288.5573,0.207674
 151.21 -33.87   39.0, 0 16 299 10 2024,    314.4212,      0.9769,    127.3005,      0.2493,    384.1404,      0.2560,  77166.9477,      1.2027,     34.1766,    -43.6837,     56.7388,  320.2254,0.182340
 151.21 -33.87   39.0, 0  9 266  9 2024,    296.4789,     17.7351,     39.3477,      0.9065,    468.6774,      0.9211,  90452.4484,      2.8751,     55.6406,     -9.6083,     11.8241,  296.4789,0.201337
  -0.13  51.51   11.0, 0 12  75  3 2024,    297.0771,     24.9721,     89.4287,      0.0174,   1313.7236,      0.4698,  88851.5892,      1.0982,     39.0572,     27.7796,     14.6002,  302.3118,0.196671
  28.05 -26.20 1753.0, 0  9  46  2 2024,    249.2805,     10.3827,    183.4695,      0.7076,   1121.2645,      0.6022,  95256.3141,      1.8734,     59.9867,    -33.5690,     29.2309,  249.2805,0.239096
 139.69  35.69   40.0, 0 12  75  3 2024,    301.8014,     23.8383,      7.0857,      0.9645,   1326.2265,      0.4564,  67356.1952,      1.9763,     81.1868,     42.8924,    -33.1953,  304.2477,0.195122
-112.07  33.45  331.0, 0  6  15  1 2024,    239.8157,      1.5138,    120.9563,      0.8932,   1163.6051,      0.2955,  78120.6781,      0.9832,      8.9204,     18.4422,    -64.0857,  243.4885,0.243729
 -46.63 -23.55  760.0, 0 11 202  7 2024,    258.0042,     10.6053,    297.7984,      0.2381,   1222.9952,      0.8952,  73406.5738,      2.0414,     83.1932,     -0.1101,     -1.2796,  258.0042,0.232117
 103.82   1.35   15.0, 0 10 135  5 2024,    289.2765,      5.2894,    351.1309,      0.8059,    325.4413,      0.8188,  62320.3829,      2.8216,     86.9581,    -17.4170,    109.0545,  289.2765,0.207099
 151.21 -33.87   39.0, 0  6  15  1 2024,    270.5315,      0.6344,     89.8730,      0.1959,   1143.2835,      0.4939,  67419.1448,      3.2679,     15.4943,      8.5643,    -83.1536,  278.5368,0.215691
  28.05 -26.20 1753.0, 0  9  46  2 2024,    284.1835,      6.2976,    257.9434,      0.8277,     49.2413,      0.5764,  77903.2254,      4.8112,     17.4633,    -37.7742,   -131.2433,  284.4258,0.210979
 151.21 -33.87   39.0, 0  9  46  2 2024,    267.1907,     10.6612,    165.0113,      0.9756,   1248.7156,      0.7770,  89550.3450,      3.6855,     46.3666,    -39.7949,    110.7143,  267.3569,0.224635
 139.69  35.69   40.0, 0 13 172  6 2024,    316.2794,     13.8658,    322.4898,      0.4432,     43.3309,      0.1113,  81234.1446,      0.9502,     78.4307,     11.3608,      9.9001,  316.5214,0.185303
 139.69  35.69   40.0, 0 14 228  8 2024,    275.7472,      3.2613,    236.8285,      0.6591,   1018.1924,      0.7445,  92189.1564,      1.4131,     51.8639,     43.3982,    -94.1179,  276.2906,0.217488
  28.05 -26.20 1753.0, 0 10 135  5 2024,    273.5504,      0.9349,    220.3070,      0.6209,    223.0216,      0.1413,  70724.1351,      4.0780,     80.4243,      0.8851,    -75.3353,  275.7664,0.217907
  28.05 -26.20 1753.0, 0 14 228  8 2024,    254.9937,     22.5281,    132.0749,      0.7735,     11.6552,      0.8040,  80692.7531,      1.5596,     54.5654,     31.0607,    -62.0927,  254.9937,0.234525
-112.07  33.45  331.0, 0 12 355 12 2024,    253.3239,     15.5407,    105.1504,      0.5261,   1310.8906,      0.7645,  88043.8884,      2.9756,     89.7986,     41.2149,    131.8745,  253.3239,0.235861
 151.21 -33.87   39.0, 0 15 105  4 2024,    306.5255,     12.6652,    149.8431,      0.1275,    919.0641,      0.5846,  77750.4288,      1.7141,     48.1716,    -18.6773,    -60.2739,  306.5255,0.193300
  28.05 -26.20 1753.0, 0 16 299 10 2024,    283.7756,     16.9761,    292.2912,      0.7613,     33.1912,      0.6649,  88930.4318,      2.9151,     68.2319,     38.6902,    116.3930,  283.8392,0.211449
  -0.13  51.51   11.0, 0 13 172  6 2024,    236.7178,     18.9848,     99.7645,      0.2446,    813.6329,      0.8291,  93229.8147,      2.3061,     33.9113,    -26.6774,   -152.6376,  237.1343,0.248813
-122.00  37.50   25.0, 0  8 325 11 2024,    286.2619,     17.3930,      2.9816,      0.7397,    289.9830,      0.9839,  67243.1050,      3.7396,     30.9111,    -15.7019,    -65.6783,  286.2847,0.209492
-122.00  37.50   25.0, 0 13 172  6 2024,    270.5272,     13.2278,     39.6444,      0.5645,    225.6730,      0.7597,  60427.2002,      2.2368,     38.4683,    -27.6453,     28.6274,  271.0255,0.221700
 139.69  35.69   40.0, 0 12  75  3 2024,    240.3943,     11.4018,    160.2352,      0.9721,    167.6727,      0.7308,  84525.9370,      1.8836,     54.6670,      9.2569,    116.6271,  240.5266,0.246099
-122.00  37.50   25.0, 0 10 135  5 2024,    244.0907,      9.1424,     73.9488,      0.2079,    991.9308,      0.1106,  95086.0585,      3.4912,     75.4174,      5.6805,    -91.4682,  251.6228,0.237222
 -46.63 -23.55  760.0, 0  9 266  9 2024,    317.0200,      5.0383,     43.9971,      0.1323,    918.9865,      0.0633,  97395.8161,      4.2737,     48.9271,     -7.5799,    -56.6425,  330.2116,0.174351
 103.82   1.35   15.0, 0 13 172  6 2024,    270.3406,      6.2789,     63.4583,      0.7086,    367.2043,      0.5608,  87002.5791,      3.3755,     50.0903,    -11.8255,     -2.6907,  271.0771,0.221658
  55.30  25.20    5.0, 0 14 228  8 2024,    258.2105,     14.3918,    320.5585,      0.9340,    621.6827,      0.3514,  64079.7406,      2.8231,     78.4269,     -9.2030,   -140.1205,  258.2105,0.231952
-122.00  37.50   25.0, 0 14 228  8 2024,    310.2727,     17.7825,     48.4167,      0.2292,    358.1155,      0.6478,  94017.7383,      3.9989,     15.6561,     14.8172,   -121.9941,  310.8817,0.189815
 103.82   1.35   15.0, 0 10 135  5 2024,    301.2447,      2.9949,     90.2892,      0.7854,    357.5721,      0.6042,  61150.5189,      4.3463,     58.4814,      4.5271,     90.0211,  301.3440,0.197445
  -0.13  51.51   11.0, 0 14 228  8 2024,    252.5137,     14.0619,    115.2892,      0.4939,    684.0534,      0.1959, 101169.3867,      1.3418,     39.8621,     15.8177,   -139.4769,  253.1142,0.236029
 139.69  35.69   40.0, 0  8 325 11 2024,    296.5012,     14.5603,    310.6104,      0.1377,    673.4628,      0.2484,  67899.5621,      3.4765,     46.9548,    -10.5185,    115.3396,  296.5012,0.201319
  -0.13  51.51   11.0, 0 13 172  6 2024,    263.2420,      0.6457,    210.0853,      0.8418,     35.7006,      0.3333,  71575.2507,      2.8140,      2.6087,    -42.7033,    131.1348,  263.6993,0.227561
  -0.13  51.51   11.0, 0 15 105  4 2024,    259.4794,      7.7915,    260.3288,      0.0110,    706.9597,      0.0344,  98495.2990,      1.0414,     59.9882,     37.0502,    -32.9631,  262.4784,0.228537
 151.21 -33.87   39.0, 0  6  15  1 2024,    293.5178,     22.9775,    113.6818,      0.2528,   1135.4016,      0.5666,  80920.8787,      1.5626,      8.1683,     24.0117,    -29.6196,  294.6551,0.202796
  -0.13  51.51   11.0, 0  9  46  2 2024,    259.8802,     23.9840,    350.0623,      0.8526,     65.4272,      0.9887,  95116.4915,      4.2668,     50.0032,    -16.5385,    -95.1280,  259.8828,0.230614
-112.07  33.45  331.0, 0 12  75  3 2024,    321.9688,     22.5089,    296.5809,      0.8317,    692.7944,      0.7186,  94953.8911,      4.0136,     86.4596,    -34.5888,   -166.0785,  321.9688,0.180945
  28.05 -26.20 1753.0, 0  9  46  2 2024,    259.6673,     19.7809,    255.9976,      0.0325,    578.5248,      0.1452,  86539.1677,      4.4966,     58.1567,     -2.8092,    106.1348,  259.6673,0.230786
-112.07  33.45  331.0, 0 14 228  8 2024,    295.4732,     14.0863,    215.7242,      0.7476,   1357.8026,      0.8474,  90252.4056,      1.0016,     59.7908,     33.4367,   -143.9669,  295.4732,0.202141
-122.00  37.50   25.0, 0 11 202  7 2024,    283.5901,     19.2167,    188.4448,      0.6309,   1126.7980,      0.2457,  79806.2182,      4.3217,     25.2035,    -35.3090,    -23.9994,  288.6082,0.207633
 151.21 -33.87   39.0, 0  6  15  1 2024,    311.2621,     20.6115,    325.9966,      0.6720,    878.5529,      0.4147,  75175.0815,      0.8380,     68.9893,     44.8345,   -100.9508,  314.9647,0.186548
  28.05 -26.20 1753.0, 0 12  75  3 2024,    296.9456,     16.1888,    316.8722,      0.6891,   1344.6257,      0.1976,  68656.7100,      0.9219,     67.9684,     40.4281,   -100.7243,  301.5403,0.197288
 -87.63  41.88  181.0, 0 15 105  4 2024,    262.7965,      9.1996,    150.6902,      0.4886,   1313.6975,      0.5850,  95830.6530,      0.9751,     54.4239,    -27.6693,     93.6686,  271.0652,0.221668
 139.69  35.69   40.0, 0  9 266  9 2024,    314.8883,      2.9749,    206.1073,      0.0037,    519.9461,      0.3063,  70418.2464,      0.5769,      2.0962,     -1.1744,   -120.0960,  321.4579,0.181354
-112.07  33.45  331.0, 0 11 202  7 2024,    321.1211,     15.4467,     37.6593,      0.1036,    557.2599,      0.6598,  76846.0562,      3.6416,     72.8742,      5.8516,     56.6422,  321.4589,0.181353
-122.00  37.50   25.0, 0 13 172  6 2024,    259.3014,     18.4257,    195.9867,      0.7047,    262.8526,      0.2118,  89605.6531,      2.8019,     57.2855,     -1.5327,      9.1329,  260.4088,0.230193
  55.30  25.20    5.0, 0 11 202  7 2024,    322.3000,     20.6122,    312.4502,      0.3971,    725.0897,      0.5929,  65483.1491,      4.1190,     31.3876,     12.1726,     78.2263,  323.7598,0.179512
 151.21 -33.87   39.0, 0  6  15  1 2024,    274.2812,      0.1632,    293.3074,      0.6172,    367.7891,      0.3546,  73657.3525,      3.7258,      5.5117,     15.8829,     56.1907,  275.3533,0.218237
 -87.63  41.88  181.0, 0 12 355 12 2024,    294.5857,     19.7463,     71.9726,      0.6909,    781.4525,      0.6433,  87365.2606,      3.4918,     44.4761,     13.5240,    160.8464,  294.5857,0.202851
  55.30  25.20    5.0, 0 10 135  5 2024,    291.5269,      3.7659,     74.1223,      0.4151,    503.5549,      0.8012,  78018.3411,      2.5475,     88.1184,     44.1124,    169.7221,  291.5269,0.205298
  55.30  25.20    5.0, 0 10 135  5 2024,    260.9568,     21.9752,     72.7151,      0.9586,    880.8477,      0.1938,  88854.2778,      3.3887,     56.2109,     34.7585,   -154.7411,  263.1999,0.227960
 -87.63  41.88  181.0, 0 10 135  5 2024,    290.8735,     10.0435,    109.8800,      0.5000,    720.5432,      0.9280,  71603.3192,      3.5610,      3.3742,      3.1006,     14.7497,  291.4193,0.205385
  55.30  25.20    5.0, 0 11 202  7 2024,    239.6932,      2.4718,    359.4261,      0.6557,   1067.2560,      0.3598,  89446.4705,      4.7632,     17.4283,    -40.4326,    159.7501,  250.7131,0.237950
 103.82   1.35   15.0, 0  9  46  2 2024,    263.0682,      3.1241,    271.0625,      0.7564,    723.6200,      0.9602,  99556.1973,      2.5274,     18.3102,    -14.3795,    -52.9996,  263.6379,0.227610
  55.30  25.20    5.0, 0 12 355 12 2024,    268.7782,     22.8635,     19.4971,      0.7155,     69.0909,      0.0412,  84437.4480,      0.8742,     71.6412,    -35.0651,      0.5530,  269.2767,0.223099
 103.82   1.35   15.0, 0 10 135  5 2024,    263.0756,     14.7849,    164.6076,      0.1167,    217.1188,      0.0147,  74541.8331,      4.6384,     89.4104,     19.5431,    177.3346,  263.5967,0.227643
-122.00  37.50   25.0, 0 11 202  7 2024,    266.0183,      2.2202,    135.3449,      0.3184,    126.3989,      0.8356,  95454.2893,      4.6623,     28.5646,    -43.4536,   -136.2514,  266.3259,0.225459
-112.07  33.45  331.0, 0  8 325 11 2024,    261.1721,     19.7479,    106.5946,      0.7921,    258.8659,      0.0610,  62448.2044,      0.6559,     34.8962,      0.8126,    -98.9638,  262.8450,0.228244
 -46.63 -23.55  760.0, 0  8 325 11 2024,    321.7148,      3.8128,     83.8314,      0.1154,    182.7056,      0.3442,  68879.4018,      3.6367,     11.6438,    -33.4190,   -179.7234,  322.9241,0.180181
 151.21 -33.87   39.0, 0  8 325 11 2024,    286.9047,     22.0324,     69.3842,      0.4034,    688.1178,      0.4226,  90375.2051,      0.8805,     54.6229,     27.7540,    166.2041,  287.4859,0.208531
 -46.63 -23.55  760.0, 0  9  46  2 2024,    296.0143,     16.2953,    232.2165,      0.5341,   1152.5844,      0.6582,  73298.6576,      2.8302,     51.3412,    -16.8278,     90.1854,  296.0143,0.201709
 -87.63  41.88  181.0, 0  8 325 11 2024,    248.4967,     22.5566,    339.4910,      0.2977,    349.5328,      0.9869,  74780.7521,      3.7758,     69.6692,     14.7294,     59.1559,  248.4967,0.239723
  -0.13  51.51   11.0, 0 14 228  8 2024,    246.3607,     14.6711,      1.2166,      0.7498,    322.3439,      0.2409,  94225.9727,      0.5890,     16.1474,     41.4201,   -130.7878,  247.6940,0.240365
 139.69  35.69   40.0, 0 12  75  3 2024,    251.0673,     10.3741,     81.0792,      0.3163,   1112.3959,      0.6919,  85918.6458,      2.1751,     14.2586,     17.2986,    -73.5280,  254.5684,0.234865
  -0.13  51.51   11.0, 0  9 266  9 2024,    300.9581,      8.4827,    209.8559,      0.8415,   1315.1905,      0.3167,  60512.4275,      4.6511,     13.0037,     13.9510,   -115.6443,  307.3347,0.192652
-112.07  33.45  331.0, 0 12 355 12 2024,    296.6412,     17.3714,    323.6503,      0.2336,    124.5100,      0.0663, 100902.3601,      3.9522,     18.0466,    -30.4579,    -59.9787,  297.1667,0.200787
-122.00  37.50   25.0, 0 10 135  5 2024,    241.4126,     18.2721,    275.5118,      0.2068,    820.5141,      0.7675,  82654.2008,      2.5713,     24.1579,     -6.6175,    -81.3845,  242.8210,0.244263
  55.30  25.20    5.0, 0 12  75  3 2024,    298.6997,     15.3620,    107.6780,      0.2457,    190.1069,      0.3824,  80028.2812,      3.1638,     85.1978,    -24.4528,     73.1002,  298.9007,0.199399
 103.82   1.35   15.0, 0 13 172  6 2024,    248.4008,     18.0043,    234.1960,      0.1600,    800.9900,      0.9575,  75749.7755,      4.4187,     30.2148,    -44.1686,    -13.6875,  248.5019,0.239718
 139.69  35.69   40.0, 0 14 228  8 2024,    262.6046,      6.0644,    188.3007,      0.9232,   1191.2276,      0.5485,  84526.8999,      3.0054,     39.6197,     29.3888,      6.6632,  269.4975,0.222922
  28.05 -26.20 1753.0, 0 11 202  7 2024,    319.8330,     20.5347,     57.8882,      0.9340,    665.3103,      0.6015,  79311.0320,      4.9804,     50.3406,     37.0708,    116.1311,  320.5779,0.182058
 103.82   1.35   15.0, 0 16 299 10 2024,    278.6623,      9.9648,    240.9297,      0.9781,   1282.8117,      0.1709,  75565.5810,      0.6962,     21.8840,     43.0941,    -41.6609,  283.2585,0.211913
 139.69  35.69   40.0, 0 15 105  4 2024,    309.0982,     11.3212,    343.0434,      0.8167,    325.6403,      0.6543,  73361.9335,      2.6469,      4.4113,     29.8007,    -72.2600,  309.8262,0.190659
 139.69  35.69   40.0, 0 15 105  4 2024,    247.3024,      3.5835,    206.3340,      0.6238,    879.2835,      0.2161,  86434.1692,      3.0010,     73.2020,    -18.1555,   -150.2574,  247.3024,0.240678
  55.30  25.20    5.0, 0 13 172  6 2024,    241.0873,     20.5622,    251.3250,      0.0789,    151.9378,      0.5458,  92610.3734,      1.0745,     47.8528,     17.7142,    -50.3913,  241.4300,0.245376
 -87.63  41.88  181.0, 0 14 228  8 2024,    298.8593,     16.2008,    137.1577,      0.9514,   1182.3350,      0.0453,  98908.2037,      3.9839,     79.6852,    -16.2125,    -45.8764,  299.4489,0.198961
  55.30  25.20    5.0, 0  6  15  1 2024,    246.6764,     12.2624,    317.0713,      0.8497,    974.1570,      0.8873,  60610.3114,      1.4845,     62.3958,      3.0660,    -96.9853,  247.8544,0.240236
  -0.13  51.51   11.0, 0  8 325 11 2024,    285.7260,     11.3602,     82.2447,      0.1807,   1300.9676,      0.7860,  91669.6349,      1.5011,     39.6990,     -6.2875,     59.6529,  285.7260,0.209939
 139.69  35.69   40.0, 0 16 299 10 2024,    289.7689,     23.0526,    302.2055,      0.0971,   1086.9636,      0.3851,  92173.1743,      3.9810,     71.6933,     35.6840,    152.3812,  289.9519,0.206558
 103.82   1.35   15.0, 0 12 355 12 2024,    285.8308,      6.8658,    219.5148,      0.9162,    935.5429,      0.5794,  83982.3895,      4.2857,     88.2963,    -37.2685,   -115.2544,  285.8308,0.209855
 -46.63 -23.55  760.0, 0  8 325 11 2024,    235.5193,     19.7233,    244.9407,      0.1348,    422.1158,      0.9358,  99775.6598,      3.4344,      9.2121,     -6.8568,   -132.5633,  235.6352,0.250012
-112.07  33.45  331.0, 0 10 135  5 2024,    301.1940,      9.1214,     51.6307,      0.2580,   1281.8629,      0.4169,  62670.7968,      1.8309,      5.1032,    -22.4462,     61.6853,  310.6589,0.189993
 103.82   1.35   15.0, 0 12 355 12 2024,    319.3867,      3.5525,     97.6926,      0.0056,   1097.2995,      0.7854,  96416.5612,      1.2230,     61.2346,    -31.4474,    141.3678,  320.2298,0.182336
 151.21 -33.87   39.0, 0  9  46  2 2024,    311.2508,     24.0452,    234.0310,      0.5103,   1192.0973,      0.4036,  93461.5669,      4.4729,     51.1962,      5.2026,   -166.7672,  314.3125,0.187070
 139.69  35.69   40.0, 0 11 202  7 2024,    311.8490,      3.4712,      4.1523,      0.8994,    208.8239,      0.8273,  89797.7748,      4.0097,      6.8063,     -4.3615,    -10.1124,  312.6592,0.188393
-112.07  33.45  331.0, 0 15 105  4 2024,    247.8969,     14.3071,    333.3977,      0.9700,   1053.7086,      0.0393,  95377.8658,      4.4843,      1.0811,    -21.5605,    164.7945,  253.6409,0.235607
-112.07  33.45  331.0, 0  9 266  9 2024,    304.2876,     24.2669,    279.6989,      0.5784,    758.0544,      0.5268,  62723.3667,      3.9286,     49.0504,     25.7248,    -83.7203,  306.1209,0.193623
-122.00  37.50   25.0, 0 12 355 12 2024,    287.6563,     15.1288,    254.1364,      0.4982,   1333.3626,      0.0742,  79781.7664,      3.3840,     46.7849,     33.9833,     70.2185,  292.7482,0.204321
 -46.63 -23.55  760.0, 0 10 135  5 2024,    307.2972,     15.8279,    135.9109,      0.4609,    698.0217,      0.1725,  70030.7987,      1.9304,     37.8328,     26.6406,    138.5438,  310.5480,0.190082
  28.05 -26.20 1753.0, 0 10 135  5 2024,    250.9862,      4.8982,    353.7154,      0.9231,     48.3804,      0.1271,  98688.4643,      1.1583,     47.2306,     10.8382,    -78.0462,  251.6167,0.237227
 -87.63  41.88  181.0, 0 15 105  4 2024,    287.5045,     11.1047,    230.2605,      0.8855,    382.1240,      0.3084,  68403.4809,      4.7225,     34.7125,    -32.6447,     54.4717,  289.9832,0.206533
-112.07  33.45  331.0, 0 10 135  5 2024,    237.8045,     18.5112,    141.0954,      0.8765,    827.4920,      0.8782,  84734.4785,      1.1574,     27.9229,    -23.4057,     79.7502,  238.3505,0.247840
 -87.63  41.88  181.0, 0 10 135  5 2024,    292.5751,      0.7235,    258.6037,      0.9064,   1234.9735,      0.9875,  60357.9445,      2.2777,      0.8775,     42.4433,     51.8309,  292.8780,0.204218
 103.82   1.35   15.0, 0 12  75  3 2024,    303.6823,      0.3395,     87.5695,      0.5385,    415.4629,      0.0487,  87633.8421,      0.5427,      7.7355,     10.7300,    -14.9199,  318.1786,0.183977
 103.82   1.35   15.0, 0  6  15  1 2024,    320.1806,     22.4185,    134.7308,      0.4161,    408.4869,      0.5123,  63144.9885,      2.2349,     17.4705,    -28.0581,    -52.0698,  320.5566,0.182075
  55.30  25.20    5.0, 0  8 325 11 2024,    249.3118,     21.5479,     88.5324,      0.9028,   1344.5439,      0.5071,  74302.5084,      1.9179,     78.5527,     43.5234,    -13.4550,  252.0113,0.236911
 -46.63 -23.55  760.0, 0  9  46  2 2024,    309.7270,      5.5933,    343.0067,      0.2213,    715.0317,      0.2293,  96823.5262,      1.6090,     54.9788,     43.0177,     44.3081,  309.7270,0.190738
-122.00  37.50   25.0, 0 13 172  6 2024,    278.5261,      9.3670,    101.2130,      0.7775,    760.4225,      0.8167,  90651.3321,      4.9052,     59.0616,    -32.7580,     75.1708,  279.6518,0.214799
  28.05 -26.20 1753.0, 0  6  15  1 2024,    277.9682,     12.1866,    115.2979,      0.5370,    646.6373,      0.9209,  82056.4643,      1.0900,     68.4400,     -8.7239,    142.0625,  277.9682,0.216145
 -46.63 -23.55  760.0, 0  6  15  1 2024,    286.4633,      6.3149,    184.8670,      0.3336,    890.2647,      0.3085,  95238.8961,      3.2231,     45.1256,     44.3097,    -61.1695,  292.4800,0.204536
 151.21 -33.87   39.0, 0  8 325 11 2024,    271.8440,     19.2786,     65.2522,      0.1479,    114.5628,      0.7688,  90930.7133,      4.6164,     20.0720,     23.2271,     76.7225,  271.8925,0.221006
  -0.13  51.51   11.0, 0  9  46  2 2024,    317.9837,      2.8560,     82.7839,      0.1087,      8.5054,      0.9537,  93933.6123,      4.4266,      5.4758,    -39.8983,    156.1690,  317.9849,0.184132
 -46.63 -23.55  760.0, 0 11 202  7 2024,    264.4871,     19.2943,    194.3991,      0.1757,    759.1428,      0.9888,  92641.8348,      4.5946,     84.0564,      7.0044,   -120.6870,  264.5244,0.226900
  55.30  25.20    5.0, 0 14 228  8 2024,    280.9113,      4.2383,    188.4127,      0.8732,   1289.3192,      0.8118,  68775.0189,      0.6063,     67.0740,    -37.2325,    133.4093,  283.9538,0.211357
 -46.63 -23.55  760.0, 0  6  15  1 2024,    257.8142,     20.6667,    348.7977,      0.0318,    169.7021,      0.2560,  60783.2697,      2.8381,     39.2735,      5.9519,   -135.2685,  258.1270,0.232018
-112.07  33.45  331.0, 0  8 325 11 2024,    281.8941,     24.7290,    329.8923,      0.4206,    995.3402,      0.6451,  83794.2957,      3.5585,     24.6024,     -9.1997,    178.9012,  281.8941,0.213005
-112.07  33.45  331.0, 0 12 355 12 2024,    310.0066,     12.9397,     22.3834,      0.0139,   1076.1258,      0.4227,  80538.3643,      3.4920,     84.1568,     42.6996,     84.9614,  310.6284,0.190017
  55.30  25.20    5.0, 0  6  15  1 2024,    284.5853,     22.2646,    121.4862,      0.7352,   1096.6564,      0.8318,  79384.6978,      1.1321,     22.6760,     41.9783,    -88.3694,  285.0691,0.210465
-112.07  33.45  331.0, 0  8 325 11 2024,    247.9148,     15.1211,    169.1769,      0.7762,    847.0194,      0.1512,  93434.2220,      2.3463,     42.9558,    -35.7785,     54.7896,  247.9148,0.240188
 -87.63  41.88  181.0, 0  6  15  1 2024,    259.4585,      8.9491,    185.5730,      0.0078,    965.7236,      0.5665,  96957.4675,      1.5108,     86.8701,    -36.0040,     44.1222,  259.4585,0.230953
  -0.13  51.51   11.0, 0 11 202  7 2024,    306.8069,      2.3091,     49.3574,      0.7143,   1087.9150,      0.4075,  79717.9563,      0.6989,      2.3975,     20.9485,    129.7759,  322.7242,0.180341
 139.69  35.69   40.0, 0 10 135  5 2024,    285.4484,     10.2868,    305.6873,      0.0915,    523.4009,      0.9478,  78442.1826,      4.4006,     17.3640,     -7.6711,    -54.1854,  285.7715,0.209903
 139.69  35.69   40.0, 0  9 266  9 2024,    311.9113,     11.2141,    213.4035,      0.3894,    812.8555,      0.0190,  76553.4557,      1.9454,     39.1400,    -30.3277,    120.1226,  311.9113,0.188991
  28.05 -26.20 1753.0, 0 16 299 10 2024,    305.5781,     10.0422,     47.7278,      0.7889,    353.2988,      0.3029,  64355.8634,      3.2283,     46.5642,     34.5535,    -39.7095,  305.5781,0.194058
-122.00  37.50   25.0, 0 16 299 10 2024,    306.8816,      7.4293,    102.4612,      0.5512,   1265.5705,      0.3934,  89694.1019,      3.4272,     32.1377,     35.2598,    145.8727,  309.3366,0.191051
 151.21 -33.87   39.0, 0 13 172  6 2024,    294.9956,      8.2457,     52.7867,      0.2740,    896.4509,      0.5642,  77014.7471,      4.8519,     48.0375,     31.8619,   -144.3385,  298.5876,0.199650
 103.82   1.35   15.0, 0 13 172  6 2024,    266.8850,     10.5373,    108.9621,      0.9548,    680.6709,      0.1301,  83276.0425,      2.3261,      1.8595,     28.8596,    -46.2801,  272.8338,0.220253
  55.30  25.20    5.0, 0  9  46  2 2024,    265.2748,      3.6575,    269.0493,      0.2558,    297.6892,      0.7831,  73756.3296,      1.4745,     18.8510,    -15.8069,    131.0275,  265.6252,0.226020
 151.21 -33.87   39.0, 0 10 135  5 2024,    309.3046,     19.9814,    233.1690,      0.6643,    393.1620,      0.4199,  70974.5364,      4.9413,     47.2751,     13.6349,   -171.3493,  310.7761,0.189899
 -46.63 -23.55  760.0, 0 15 105  4 2024,    249.9408,     14.3879,     42.3672,      0.7240,    593.5813,      0.6334,  99232.9663,      1.5886,     65.0682,    -33.2645,    -48.4359,  249.9408,0.238567
  28.05 -26.20 1753.0, 0 14 228  8 2024,    287.0578,      5.6274,    239.7084,      0.1896,    761.7432,      0.6084,  97281.8365,      3.9207,     86.2232,    -36.8857,    163.8459,  290.2632,0.206309
 -46.63 -23.55  760.0, 0 13 172  6 2024,    285.3900,     12.4101,     86.4912,      0.4048,   1195.8215,      0.4772, 101174.8954,      1.1874,     36.7443,     -6.9920,    165.8890,  294.5921,0.202846
 139.69  35.69   40.0, 0  9 266  9 2024,    317.8617,     16.3462,    313.5215,      0.7737,    382.1783,      0.1227,  76062.5974,      2.5868,     23.2367,     -8.6548,    163.3243,  318.6992,0.183561
  55.30  25.20    5.0, 0 15 105  4 2024,    242.8844,      2.3522,    162.8465,      0.8093,   1307.0455,      0.6982,  89729.8546,      3.8902,     55.9494,     28.4557,    114.0668,  250.2648,0.238308
 139.69  35.69   40.0, 0  8 325 11 2024,    263.1156,      7.5273,    347.8660,      0.8567,    372.7553,      0.7195,  82971.3957,      3.7869,     86.7662,     24.8271,    178.3575,  263.1156,0.228028
 -46.63 -23.55  760.0, 0 11 202  7 2024,    290.2611,     15.7204,    242.5669,      0.8205,    139.5882,      0.0357,  61173.9573,      0.8127,     62.4498,    -41.3768,    -28.5027,  290.2611,0.206311
 139.69  35.69   40.0, 0 13 172  6 2024,    270.7679,     16.3289,    333.0471,      0.6978,    863.4348,      0.4726,  96351.4714,      3.1706,     35.9770,    -23.5514,    172.3359,  273.1104,0.220032
 -87.63  41.88  181.0, 0 13 172  6 2024,    274.5991,      8.4329,     91.8482,      0.9041,   1089.4066,      0.4134,  78248.7029,      4.0541,     17.0879,     20.4462,    131.8317,  282.0451,0.212884
-122.00  37.50   25.0, 0 12  75  3 2024,    310.2068,     16.1559,     35.7000,      0.9397,    897.0581,      0.8799,  80272.5279,      0.8934,      3.2236,    -33.2511,    -52.1043,  311.1890,0.189569
 151.21 -33.87   39.0, 0 14 228  8 2024,    305.1019,     24.4495,    115.9712,      0.6189,     82.3096,      0.1853,  73883.9899,      2.1427,     75.9646,     34.2849,    102.9547,  305.3854,0.194212
 139.69  35.69   40.0, 0 14 228  8 2024,    268.1057,      7.3220,    254.6631,      0.7613,    224.8798,      0.5038,  82356.3343,      4.3928,     37.5581,    -32.3387,   -161.2699,  268.6544,0.223596
 139.69  35.69   40.0, 0 10 135  5 2024,    267.8786,     20.3195,     31.3543,      0.1193,    554.2340,      0.5086,  66568.4597,      2.9898,     32.3779,     43.2343,      8.7092,  268.9520,0.223358
 -87.63  41.88  181.0, 0 10 135  5 2024,    236.9606,     11.5578,     28.1032,      0.9146,   1140.7005,      0.0537,  91853.3427,      4.7523,     75.0308,     20.6020,   -110.6586,  242.7569,0.244314
 139.69  35.69   40.0, 0 12  75  3 2024,    319.4464,      2.8975,    310.3319,      0.2534,   1013.2415,      0.6813,  87525.1072,      4.0234,     31.5693,      9.5549,    119.4627,  323.5352,0.179692
 139.69  35.69   40.0, 0  8 325 11 2024,    254.4863,      6.2042,    352.5431,      0.0250,    359.3609,      0.4103,  73446.4107,      3.5251,     51.3394,      9.9886,      3.5458,  256.2432,0.233525
-122.00  37.50   25.0, 0  9 266  9 2024,    234.6618,      8.6278,    210.5061,      0.9269,    194.9602,      0.9198,  99692.2098,      2.3479,      3.2794,    -14.6976,     62.4481,  234.7751,0.250700
-122.00  37.50   25.0, 0  8 325 11 2024,    277.5299,      4.7303,    328.0248,      0.9763,    446.1983,      0.8372,  96639.1225,      3.3185,     87.3072,     -6.4465,     34.4197,  277.5478,0.216482
 139.69  35.69   40.0, 0 10 135  5 2024,    296.8502,     11.4158,    336.3585,      0.0464,    265.4260,      0.4096,  78321.3694,      3.2293,     61.5368,     21.0342,    126.0259,  296.8502,0.201040
  55.30  25.20    5.0, 0 13 172  6 2024,    278.7777,     20.7762,     39.3390,      0.9101,    784.8499,      0.9977, 101091.5020,      2.4925,     88.5695,    -42.9271,     72.7729,  278.7802,0.215496
-122.00  37.50   25.0, 0  9  46  2 2024,    316.6179,     18.5796,    244.5421,      0.7544,    608.4404,      0.3959,  73702.8940,      1.1834,     17.4818,    -23.7148,    -88.1471,  318.9370,0.183370
  55.30  25.20    5.0, 0 12  75  3 2024,    239.7700,     14.6613,    334.8201,      0.6479,     68.0945,      0.3605,  95970.9046,      4.0229,     12.1962,     10.9145,   -151.5303,  240.0622,0.246470
 -46.63 -23.55  760.0, 0 12  75  3 2024,    276.8548,      0.3640,    205.3641,      0.1815,   1138.4724,      0.8162,  83875.4769,      3.2416,     23.1305,    -43.3872,   -157.2834,  281.6944,0.213164
 151.21 -33.87   39.0, 0 16 299 10 2024,    309.7152,      6.6009,      2.8879,      0.1835,    488.7481,      0.6998,  95037.3000,      2.5838,     65.2007,      4.7742,     94.4547,  312.2846,0.188692
-112.07  33.45  331.0, 0  8 325 11 2024,    266.0507,      9.4265,    138.4950,      0.5527,   1098.3824,      0.9254,  87806.8984,      4.5717,      6.4719,     25.1472,   -148.3972,  266.2340,0.225533
  28.05 -26.20 1753.0, 0  6  15  1 2024,    321.1788,     12.3913,    118.1738,      0.6971,   1153.2055,      0.6841,  91746.0977,      1.2957,     26.8523,    -23.7147,   -168.9537,  321.5834,0.181253
 103.82   1.35   15.0, 0 12  75  3 2024,    283.6429,     18.3460,     85.6900,      0.3789,   1264.2534,      0.5694,  94246.1288,      1.9420,      2.7274,     22.8168,     68.6866,  288.2506,0.207919
  55.30  25.20    5.0, 0 11 202  7 2024,    284.0103,      7.0796,     95.2414,      0.7416,    324.7184,      0.6828,  77270.2194,      4.9529,     48.3638,     -1.3285,    -47.2581,  285.3419,0.210246
 -46.63 -23.55  760.0, 0  9 266  9 2024,    297.4628,      6.3420,      8.7066,      0.6160,    552.0411,      0.1933,  94260.6670,      2.9893,     13.8679,     34.8016,    107.4469,  300.5886,0.198049
 139.69  35.69   40.0, 0  9 266  9 2024,    250.8293,     23.7409,    307.3882,      0.3811,    550.8741,      0.5091,  84561.3462,      1.9514,     59.1835,     27.4205,     73.3317,  250.8293,0.237857
 139.69  35.69   40.0, 0  9 266  9 2024,    282.1039,     11.6975,     73.3454,      0.5893,    951.6507,      0.7809,  82672.8204,      4.1030,     31.6223,    -34.3544,     38.5194,  282.9162,0.212187
 103.82   1.35   15.0, 0  8 325 11 2024,    282.7952,      9.1059,    265.7285,      0.6016,     35.5356,      0.6104,  67210.0847,      2.4158,     75.0844,    -42.4190,    -39.6109,  282.9256,0.212180
 -46.63 -23.55  760.0, 0 15 105  4 2024,    270.6624,      8.4876,    115.4373,      0.8862,    218.3726,      0.0699,  79363.2401,      1.9362,     68.4029,     32.4840,     67.6139,  272.4980,0.220522
  -0.13  51.51   11.0, 0  9  46  2 2024,    274.7127,     11.8050,    252.2100,      0.4976,    798.4607,      0.3478,  70782.1009,      4.7750,     45.7655,     -9.2537,    -82.2723,  278.8199,0.215464
 139.69  35.69   40.0, 0 15 105  4 2024,    300.2267,      7.2453,    195.9303,      0.6961,   1081.3957,      0.9477,  79832.6640,      4.1494,      0.0802,    -12.2717,    -94.9588,  300.8107,0.197871
  28.05 -26.20 1753.0, 0 12 355 12 2024,    263.7526,     22.3908,     33.1292,      0.6955,    718.7492,      0.9659, 101239.4286,      4.8491,     61.5476,     24.5457,     73.6653,  263.8165,0.227467
 139.69  35.69   40.0, 0  8 325 11 2024,    268.3469,     24.3428,    246.6479,      0.2607,    467.4316,      0.1276,  65203.3067,      2.7192,     55.0842,     43.8899,   -165.0487,  268.3469,0.223842
  -0.13  51.51   11.0, 0 15 105  4 2024,    285.4967,      0.2306,    298.3131,      0.1345,   1053.1891,      0.4946,  83889.9075,      1.9483,     24.3121,    -34.1284,     55.1298,  298.4845,0.199732
  -0.13  51.51   11.0, 0 12 355 12 2024,    282.6598,      9.6615,    325.4409,      0.4663,   1268.4786,      0.3616,  60586.1483,      0.5064,     88.4916,     14.4880,    163.8056,  282.6598,0.212392
 139.69  35.69   40.0, 0  6  15  1 2024,    282.3823,     13.2236,     43.0158,      0.2863,    760.2007,      0.0685,  85256.4362,      4.8515,      9.4359,     -2.5473,     18.0959,  282.3823,0.212614
 -46.63 -23.55  760.0, 0 14 228  8 2024,    305.5627,      1.3005,    131.8480,      0.0526,    223.9063,      0.1369,  86610.9686,      2.2506,     19.0651,     27.2361,     70.7746,  309.4447,0.190964
 -46.63 -23.55  760.0, 0 11 202  7 2024,    272.5850,      0.4594,     36.2901,      0.5365,   1057.9094,      0.2809,  60223.5941,      3.3018,     51.3328,     -2.9920,    -59.6246,  280.4293,0.214177
 139.69  35.69   40.0, 0  6  15  1 2024,    257.6190,     13.8203,    236.6549,      0.6663,   1329.6889,      0.1391,  64815.3352,      1.4837,     89.6697,     43.2057,     68.4189,  257.6190,0.232425
  55.30  25.20    5.0, 0 11 202  7 2024,    261.3221,     13.2040,     55.7160,      0.4969,    729.2952,      0.8690,  84637.5146,      3.9641,      5.9411,      1.2858,     39.5431,  262.2158,0.228747
 -87.63  41.88  181.0, 0 16 299 10 2024,    291.4529,     17.5797,    188.9021,      0.3395,    241.0961,      0.3837,  71091.1647,      1.8264,     42.8311,    -39.4947,    -78.7397,  291.4529,0.205358
  28.05 -26.20 1753.0, 0 12 355 12 2024,    238.6442,      2.9254,    331.9711,      0.7061,    551.7096,      0.9843,  98801.9549,      3.2504,     34.1321,     29.5905,     97.6200,  238.7866,0.247491
 103.82   1.35   15.0, 0  8 325 11 2024,    238.6331,     15.5574,    242.2003,      0.0420,    908.7737,      0.5181,  69865.2668,      3.1317,     85.1914,    -30.3498,    -54.5389,  241.4860,0.245331
-122.00  37.50   25.0, 0 13 172  6 2024,    254.7067,      0.8044,    192.4287,      0.7290,   1342.4863,      0.1654,  83739.8286,      2.4412,     60.4825,     30.1900,    146.7023,  267.0101,0.224912
 103.82   1.35   15.0, 0  9  46  2 2024,    263.1032,     10.2205,     23.5752,      0.0792,   1051.7752,      0.3523,  85064.6668,      0.5749,     43.1909,     33.4335,    -76.1023,  274.0989,0.219241
  -0.13  51.51   11.0, 0 14 228  8 2024,    316.9810,      0.0158,    347.5399,      0.7514,    742.5985,      0.4078,  89090.2449,      2.1407,     15.1656,     21.7128,    -71.4441,  325.9305,0.177776
  -0.13  51.51   11.0, 0 16 299 10 2024,    312.0100,      6.9881,    316.2691,      0.9427,    937.0017,      0.9208,  70450.0320,      1.8740,     27.2667,     13.4745,   -106.7598,  312.0100,0.188912
  -0.13  51.51   11.0, 0 15 105  4 2024,    309.5674,     21.4424,    199.7925,      0.1458,    655.7916,      0.9560,  75880.1220,      3.1956,     64.8246,     13.9926,     39.9558,  309.7480,0.190722
 -87.63  41.88  181.0, 0 10 135  5 2024,    293.9842,     15.6222,    199.4579,      0.9152,   1118.8291,      0.1891,  95486.3898,      2.3767,     14.9648,     30.8639,    -58.1247,  301.1277,0.197618
 -46.63 -23.55  760.0, 0  9 266  9 2024,    250.1790,     13.8231,    136.0076,      0.5949,   1294.0057,      0.1724,  69713.8363,      0.8638,      4.3737,    -27.3049,     88.0396,  258.5503,0.231680
-112.07  33.45  331.0, 0 12 355 12 2024,    281.5872,     15.7358,    340.6988,      0.0345,    702.4796,      0.4115,  60126.3640,      1.5062,     61.7225,     28.8382,     95.1377,  282.3957,0.212603
 -87.63  41.88  181.0, 0 13 172  6 2024,    238.5284,     15.0071,    224.8947,      0.1979,    132.4531,      0.7579,  94363.9571,      2.2493,     29.5593,     -6.5488,    143.3875,  238.7605,0.247512
  55.30  25.20    5.0, 0 13 172  6 2024,    271.0564,      8.0935,    101.3430,      0.0148,   1358.8792,      0.3924,  66869.1156,      3.9795,     38.7041,     23.3295,    -13.9364,  279.1101,0.215232
 -46.63 -23.55  760.0, 0 14 228  8 2024,    259.5858,     18.9761,    171.8919,      0.6127,   1035.6886,      0.4011,  94224.4641,      1.6632,     24.1055,     -8.8985,   -153.9653,  263.7740,0.227501
 103.82   1.35   15.0, 0  9  46  2 2024,    280.1816,      8.2905,    196.9195,      0.7914,     54.3832,      0.4568,  79124.5562,      1.6476,     48.6074,     14.0825,    130.8157,  280.1816,0.214375
-112.07  33.45  331.0, 0 13 172  6 2024,    309.7551,      8.4533,    219.0616,      0.2990,   1318.4345,      0.6986,  92371.1289,      3.1421,      3.3553,     18.3578,     -6.9835,  315.0942,0.186445
 151.21 -33.87   39.0, 0 13 172  6 2024,    276.9175,      1.6353,    129.4720,      0.1078,    507.9050,      0.6298,  66732.0809,      2.7195,     78.5182,    -27.1218,   -123.1344,  278.5362,0.215691
  55.30  25.20    5.0, 0  6  15  1 2024,    311.7632,     11.5847,    285.8957,      0.3372,   1193.3156,      0.3735,  66481.7882,      2.4781,     44.2549,      8.6257,    122.1963,  311.7632,0.189109
 139.69  35.69   40.0, 0  6  15  1 2024,    286.4458,     23.6587,    112.6205,      0.2462,    415.2394,      0.4088,  78094.0179,      1.5620,     15.7189,    -44.6842,     62.7957,  286.4458,0.209363
-122.00  37.50   25.0, 0  8 325 11 2024,    310.5176,     16.5548,     88.7777,      0.4552,    908.0163,      0.5868,  63720.3949,      0.8348,     30.0489,    -31.3680,    -57.6155,  313.3202,0.187864
-112.07  33.45  331.0, 0  9  46  2 2024,    285.7904,     14.3562,     50.0272,      0.5197,    311.6909,      0.5416,  90572.5417,      3.2451,     74.9547,     -9.7348,    -68.3567,  287.0356,0.208891
 -87.63  41.88  181.0, 0 14 228  8 2024,    262.0508,     22.9684,    123.6689,      0.9357,    524.5456,      0.7606,  60716.4317,      3.0537,     72.5148,     -3.6681,    108.6931,  262.4692,0.228545
 139.69  35.69   40.0, 0  9 266  9 2024,    307.3755,      5.5083,    233.7619,      0.7540,   1196.9474,      0.4699,  74483.4681,      4.2768,     11.0389,     38.9984,    -92.3729,  313.7929,0.187486
  55.30  25.20    5.0, 0 12 355 12 2024,    248.6865,     12.8423,     58.8142,      0.9094,   1307.4275,      0.7579,  86188.3120,      2.6969,     61.5897,     41.0478,    122.1755,  248.6865,0.239571
  -0.13  51.51   11.0, 0 12  75  3 2024,    288.4683,     14.3364,     15.6949,      0.9937,    383.0855,      0.1263,  77050.5514,      4.9255,     35.8195,     40.3424,   -107.7025,  289.2741,0.207101
-122.00  37.50   25.0, 0  9 266  9 2024,    257.9835,     22.3107,     26.7579,      0.9363,    866.5728,      0.0460,  77229.4225,      2.2704,     25.2496,     44.6989,    -74.1959,  261.3973,0.229402
-122.00  37.50   25.0, 0  6  15  1 2024,    280.6959,      2.9222,     55.2016,      0.8474,   1043.6597,      0.5274,  94976.8797,      2.1948,     75.6306,    -26.3921,   -123.1791,  287.6737,0.208381
  28.05 -26.20 1753.0, 0 14 228  8 2024,    266.3153,     16.9207,     86.1237,      0.4424,   1048.0087,      0.3853,  87815.8768,      3.1239,     14.2423,     35.4371,     83.7249,  269.4094,0.222992
-122.00  37.50   25.0, 0 14 228  8 2024,    281.2589,      6.6778,    353.1470,      0.0030,    853.8132,      0.6778,  94510.0079,      3.0141,     72.5977,     39.5110,    -10.4939,  282.8866,0.212211
 139.69  35.69   40.0, 0 12  75  3 2024,    273.5282,     21.2017,    132.5263,      0.2578,    264.2280,      0.1521,  73306.4559,      4.8889,      5.8682,    -27.6429,     -8.7987,  274.6296,0.218816
 103.82   1.35   15.0, 0 14 228  8 2024,    308.7345,     14.7776,    277.2186,      0.1318,   1018.1790,      0.6554,  69542.2026,      3.9458,     30.8115,      4.5651,    -50.2491,  310.2771,0.190298
 -46.63 -23.55  760.0, 0  8 325 11 2024,    277.7758,      6.0800,     74.8300,      0.5362,    684.6263,      0.8609,  82116.2414,      2.9747,     44.8716,     16.8263,   -155.3250,  278.6549,0.215596
  -0.13  51.51   11.0, 0 15 105  4 2024,    294.9749,      2.4281,      2.7136,      0.8564,    634.6436,      0.2995,  69219.7374,      1.2024,     32.7577,     14.1273,    130.5607,  302.7860,0.196291
  -0.13  51.51   11.0, 0  6  15  1 2024,    260.8529,      7.9774,    234.3136,      0.0099,     12.0786,      0.4487,  83739.8173,      0.5529,     16.1295,    -32.3826,    -70.8442,  260.8868,0.229811
 103.82   1.35   15.0, 0  6  15  1 2024,    286.0253,     18.5212,    255.0056,      0.8296,    970.5763,      0.4064,  92703.8023,      2.0886,     44.9770,     -1.0423,    105.8675,  286.0253,0.209700
 -46.63 -23.55  760.0, 0  8 325 11 2024,    290.7061,      3.6692,    208.9222,      0.9904,    974.6618,      0.6455,  84126.3587,      1.8405,     58.5482,    -20.5948,    -74.5132,  298.7759,0.199499
-122.00  37.50   25.0, 0 16 299 10 2024,    271.6763,      2.0859,    114.6308,      0.5192,    562.1236,      0.5842,  97491.1940,      4.4725,     27.5477,    -22.4475,      7.8248,  274.4274,0.218978
 -87.63  41.88  181.0, 0  8 325 11 2024,    289.3475,     23.7905,    253.1868,      0.4174,    401.6757,      0.9911,  73275.5471,      0.9000,     25.5271,     -5.7667,    -54.3646,  289.3661,0.207027
 -87.63  41.88  181.0, 0 12 355 12 2024,    252.1288,      3.4351,      7.5577,      0.6086,   1222.9250,      0.7018,  88782.1980,      2.5344,     19.9674,     30.6406,    106.2326,  254.2884,0.235089
 -87.63  41.88  181.0, 0  9 266  9 2024,    296.4003,     12.5950,    266.5513,      0.7919,    917.2058,      0.7026,  82726.2105,      1.4443,     58.2925,    -43.5830,    -96.5815,  298.7079,0.199554
 103.82   1.35   15.0, 0  6  15  1 2024,    284.8453,     15.1239,    115.6088,      0.0153,    965.9649,      0.0829,  69744.6993,      1.7159,     38.0377,    -21.8978,      2.4816,  286.7080,0.209154
 -46.63 -23.55  760.0, 0  9  46  2 2024,    286.7612,     14.2807,     21.3068,      0.5406,    966.4529,      0.8795,  84164.2175,      3.8231,     70.4871,    -33.9494,     49.0918,  286.7612,0.209111
 -46.63 -23.55  760.0, 0 16 299 10 2024,    263.6648,      6.8544,    170.8821,      0.2717,   1281.5977,      0.4098,  61764.2725,      3.8248,     16.6903,     34.4089,    -10.3170,  268.4178,0.223786
 -46.63 -23.55  760.0, 0 13 172  6 2024,    281.4408,     12.3776,     82.7576,      0.6051,    418.6459,      0.3280,  88583.6735,      4.2822,     43.0486,     25.0249,     12.3405,  281.5293,0.213297
 -46.63 -23.55  760.0, 0  6  15  1 2024,    244.7669,     11.5161,    231.5203,      0.2011,   1250.2164,      0.3239,  72119.5047,      4.3573,     49.5112,      2.6413,   -178.7240,  244.7669,0.242706
  55.30  25.20    5.0, 0 12 355 12 2024,    271.4505,      4.5212,    354.2217,      0.8795,   1138.0928,      0.3727,  77047.5939,      1.9712,     64.5587,     20.5948,    170.1310,  271.4505,0.221360
-122.00  37.50   25.0, 0  9  46  2 2024,    295.7583,     14.2495,    186.1385,      0.5302,    756.7306,      0.5658,  84071.3746,      3.5819,     38.0318,    -15.6252,     68.6231,  295.9405,0.201768
-122.00  37.50   25.0, 0 14 228  8 2024,    271.9076,     11.5942,     49.6447,      0.6059,   1034.4269,      0.1913,  97484.8242,      2.4496,     25.5793,    -30.3421,   -121.7064,  276.0009,0.217719
-112.07  33.45  331.0, 0 10 135  5 2024,    322.2498,      3.5759,    317.2908,      0.9970,    732.3750,      0.8242,  83805.1198,      3.5418,     70.0527,     13.9983,    -40.4782,  324.3326,0.179054
  -0.13  51.51   11.0, 0 15 105  4 2024,    253.1693,     10.0241,    197.2370,      0.9464,    975.9617,      0.4982,  96568.6880,      3.9456,     22.0483,    -28.4265,    -73.1447,  254.8333,0.234653
  -0.13  51.51   11.0, 0 14 228  8 2024,    286.4920,     11.6198,    293.3561,      0.4377,    305.8521,      0.1726,  78331.6660,      3.1663,     65.3957,     23.2423,   -123.7210,  286.4920,0.209326
  -0.13  51.51   11.0, 0  6  15  1 2024,    293.0158,     20.3933,    316.5270,      0.9868,    425.4921,      0.2734,  87739.1179,      2.0025,     28.2250,      4.7432,     48.0057,  293.0158,0.204107
-112.07  33.45  331.0, 0  9  46  2 2024,    318.8200,     18.0289,     53.0186,      0.3544,   1323.5268,      0.4748, 100852.7781,      2.8600,     13.6240,     -2.0919,     72.2764,  320.6116,0.182031
 139.69  35.69   40.0, 0 12 355 12 2024,    259.7306,     15.1770,    284.4754,      0.1496,    752.2807,      0.5045,  99205.0618,      3.2966,     48.3118,    -19.5947,    162.2511,  259.7306,0.230736
-112.07  33.45  331.0, 0 13 172  6 2024,    254.9717,     19.2652,     89.4145,      0.3113,    365.2521,      0.4996,  69590.9951,      3.3180,     20.1817,     -4.3451,    -39.6340,  256.1082,0.233633
 -46.63 -23.55  760.0, 0  9  46  2 2024,    312.9120,      5.2431,    105.6467,      0.6535,    819.6287,      0.1335,  72398.5907,      0.9431,     87.6374,     20.2071,    152.5471,  312.9120,0.188190
  55.30  25.20    5.0, 0 14 228  8 2024,    318.9188,      6.5026,    150.4608,      0.3364,    592.4592,      0.1400,  65294.3278,      4.1521,     89.4796,    -39.1676,   -176.7336,  318.9188,0.183385
 103.82   1.35   15.0, 0 15 105  4 2024,    252.9610,      7.9088,     67.9266,      0.7148,    103.2446,      0.0011,  96070.9187,      3.6121,     73.3088,     -7.8823,    144.3391,  253.9922,0.235326
 103.82   1.35   15.0, 0 10 135  5 2024,    275.1480,      0.1049,    129.7030,      0.7492,    355.3852,      0.4344,  85328.4023,      2.7498,     53.9990,     32.7864,     93.6553,  275.8192,0.217865
  -0.13  51.51   11.0, 0 11 202  7 2024,    263.2535,     18.5713,    177.0616,      0.8600,    448.8167,      0.0866,  62510.8730,      1.1476,     83.3532,     40.2444,     13.9127,  265.0033,0.226517
 -46.63 -23.55  760.0, 0  9  46  2 2024,    240.7011,     17.4744,    188.9321,      0.3521,    122.8642,      0.8505,  74346.2255,      0.6336,     69.2230,     17.4595,   -112.4943,  240.8998,0.245800
  -0.13  51.51   11.0, 0 15 105  4 2024,    234.5232,     11.9942,     88.4211,      0.3428,    700.4002,      0.8028,  90983.8617,      4.7097,     32.5126,      1.9468,     -6.3527,  235.4756,0.250140
 103.82   1.35   15.0, 0  9 266  9 2024,    315.5898,      0.2356,    311.0247,      0.0826,    296.7560,      0.1925,  91914.9249,      2.1724,     43.9680,    -19.1959,    101.0078,  315.7650,0.185908
 151.21 -33.87   39.0, 0 10 135  5 2024,    319.5710,     11.3006,    357.3889,      0.9617,   1174.6106,      0.4749,  99001.4620,      3.9774,     31.2842,     14.6608,     13.5216,  319.6074,0.182834
-112.07  33.45  331.0, 0 16 299 10 2024,    317.9155,      7.3393,    139.2723,      0.8819,    731.4344,      0.6067,  73126.1774,      4.8267,     55.2183,     11.8458,    -20.5784,  319.1492,0.183201
  -0.13  51.51   11.0, 0 15 105  4 2024,    292.1953,     19.3476,    308.3609,      0.5241,    358.5688,      0.0431,  97887.7819,      1.3574,     14.7015,     37.5888,   -113.5173,  293.1351,0.204012
  -0.13  51.51   11.0, 0  9 266  9 2024,    283.2294,     17.9831,    308.3257,      0.0008,    655.4219,      0.2343,  94700.8760,      2.2415,     80.3493,    -37.1058,   -127.4032,  284.2290,0.211137
 139.69  35.69   40.0, 0 10 135  5 2024,    255.4705,     23.2783,    286.1877,      0.0916,   1128.3384,      0.5823,  70218.6175,      0.5403,     51.8200,     33.0618,    -85.5963,  259.3869,0.231011
-112.07  33.45  331.0, 0 10 135  5 2024,    255.4023,      8.7190,     99.5193,      0.2612,    661.1515,      0.1531,  82808.4133,      1.3300,     69.6411,    -10.9652,    -34.8326,  262.1743,0.228781
  -0.13  51.51   11.0, 0 12  75  3 2024,    289.9758,     13.9890,    171.9719,      0.9437,    917.0209,      0.5049,  66569.2937,      1.7326,     88.4933,     28.7984,     33.2820,  293.3298,0.203856
 139.69  35.69   40.0, 0 13 172  6 2024,    275.0519,     13.5542,     64.8247,      0.0389,    255.8090,      0.2064,  61328.0359,      1.3590,      5.5562,    -26.3972,     13.8260,  277.4227,0.216582
-122.00  37.50   25.0, 0 13 172  6 2024,    237.7793,     18.8552,    300.0056,      0.5068,    671.1351,      0.0116,  89447.7244,      2.4464,      3.9908,     31.7343,    104.9409,  241.8593,0.245033
  -0.13  51.51   11.0, 0 11 202  7 2024,    313.9832,     18.4959,    185.9448,      0.2739,   1129.5784,      0.9401,  72030.0829,      0.8490,     34.6020,     39.8142,     11.4484,  314.5988,0.186841
  55.30  25.20    5.0, 0 13 172  6 2024,    320.0101,     17.9522,    330.2481,      0.1054,    855.6197,      0.2134,  94608.9512,      1.2145,     57.1804,     -0.8421,    -88.0723,  322.6034,0.180437
  28.05 -26.20 1753.0, 0 12 355 12 2024,    249.5691,     19.6518,    267.5706,      0.2892,   1227.5485,      0.6161,  60746.0406,      3.7375,     67.8314,    -33.1360,     41.7966,  250.4972,0.238122
 -87.63  41.88  181.0, 0 13 172  6 2024,    246.8769,     12.9500,    233.6662,      0.4186,   1021.1639,      0.2741,  92397.4676,      2.7149,     24.5443,    -34.3957,   -147.4713,  251.0773,0.237658
-122.00  37.50   25.0, 0 14 228  8 2024,    319.9886,      7.9536,    255.4674,      0.5712,    471.9159,      0.1691,  83848.0382,      2.0882,      8.5246,    -32.2314,     49.2701,  325.1279,0.178418
 151.21 -33.87   39.0, 0 13 172  6 2024,    275.3259,     21.2865,    129.2768,      0.1639,   1247.5650,      0.1175,  65959.2632,      4.2305,     30.1856,      1.8194,     93.0942,  279.5683,0.214865
 139.69  35.69   40.0, 0 12  75  3 2024,    244.4533,     23.5171,    274.2758,      0.0686,    710.6838,      0.9862,  96469.2472,      4.1221,     21.1705,    -31.5406,     10.8478,  244.4991,0.242921
-112.07  33.45  331.0, 0 15 105  4 2024,    317.2717,     21.6187,    218.6160,      0.4688,    669.8749,      0.3084,  86247.4108,      4.3771,     25.5672,     13.3374,     59.7260,  320.0904,0.182448
  28.05 -26.20 1753.0, 0 15 105  4 2024,    294.5309,      5.9858,    137.3406,      0.7677,    325.7427,      0.5443,  77783.2074,      3.9404,      6.2729,    -38.7515,    -98.9812,  295.5261,0.202099
-122.00  37.50   25.0, 0 11 202  7 2024,    236.0600,      4.6137,     49.2521,      0.9290,   1113.8411,      0.3490,  73953.7293,      2.3900,     47.7356,    -10.0940,     31.0908,  246.2359,0.241531
 -87.63  41.88  181.0, 0  8 325 11 2024,    275.6914,     14.4691,    259.3436,      0.7565,    582.7245,      0.3863,  69403.4825,      1.0554,     88.4689,     14.9881,   -144.1758,  275.7564,0.217915
 103.82   1.35   15.0, 0 10 135  5 2024,    248.4103,     17.0670,     17.6802,      0.8980,    460.7829,      0.8979,  77021.7025,      2.5122,      6.8986,     15.4289,    -60.5361,  248.7286,0.239537
 151.21 -33.87   39.0, 0 12 355 12 2024,    291.3052,      4.1582,    312.8521,      0.4685,   1220.2908,      0.7792,  97112.1247,      2.4601,     31.9702,    -44.6569,     75.2828,  294.7450,0.202724
  -0.13  51.51   11.0, 0 10 135  5 2024,    233.3192,      5.2001,    100.6912,      0.4651,    445.7127,      0.7494,  74604.9459,      1.6540,     33.9997,     30.3448,     68.0487,  234.2874,0.251090
  28.05 -26.20 1753.0, 0  8 325 11 2024,    314.9594,      9.1235,    105.6404,      0.6207,   1099.9185,      0.7823,  90452.0026,      4.0875,     51.5977,    -26.2023,    -47.5051,  317.6050,0.184436
-122.00  37.50   25.0, 0 11 202  7 2024,    264.8126,      7.0304,    184.4616,      0.4972,    794.5458,      0.8181,  67000.6560,      2.6981,     64.8967,     34.0270,    -25.9062,  266.1727,0.225582
-112.07  33.45  331.0, 0 16 299 10 2024,    286.1042,     18.6670,    103.7731,      0.8355,    742.6413,      0.9164,  72834.1417,      0.5315,     60.4589,     35.4488,   -117.4728,  286.1042,0.209637
  -0.13  51.51   11.0, 0  6  15  1 2024,    308.0457,      7.1550,    350.2223,      0.6560,    210.4332,      0.9141,  73762.1837,      0.9932,     25.8420,    -12.1686,     34.9983,  308.0457,0.192083
 151.21 -33.87   39.0, 0  9  46  2 2024,    294.9567,     11.8612,    348.3029,      0.9159,   1217.6921,      0.9810,  69226.5909,      4.7394,     73.6509,    -25.3963,   -153.5688,  295.1093,0.202433
 -46.63 -23.55  760.0, 0  9 266  9 2024,    293.5257,     19.3599,    110.7478,      0.1443,   1057.7888,      0.8641,  97572.6082,      2.0861,     62.6794,    -21.2910,    -68.4126,  294.4383,0.202969
 -46.63 -23.55  760.0, 0 13 172  6 2024,    278.0086,      1.6586,    232.9346,      0.7349,   1073.4093,      0.3002,  82519.7624,      4.1884,     38.5532,    -12.0859,    101.4435,  293.2110,0.203951
 139.69  35.69   40.0, 0  9 266  9 2024,    273.2047,      2.8160,    192.2295,      0.1916,    564.1162,      0.9005,  62988.8360,      4.3960,     32.9114,     14.8228,     27.1792,  273.8605,0.219432
  28.05 -26.20 1753.0, 0  6  15  1 2024,    322.8040,      2.3050,    333.3534,      0.3163,   1355.5321,      0.8315,  78580.7828,      4.8666,     43.1955,     22.4008,    101.4870,  322.8040,0.180277
 -87.63  41.88  181.0, 0 13 172  6 2024,    316.9425,      1.4108,    222.1419,      0.6786,    160.4055,      0.4074,  60387.6817,      3.2798,     62.1309,     35.0965,    -21.5394,  318.3202,0.183864
  28.05 -26.20 1753.0, 0 10 135  5 2024,    314.8884,     12.9600,     40.8878,      0.6537,    301.2158,      0.4170,  75229.3029,      4.1371,     50.0021,     35.6318,    123.6490,  315.4278,0.186178
  -0.13  51.51   11.0, 0  9  46  2 2024,    306.4549,     15.7594,    124.7018,      0.2587,   1088.7519,      0.4663,  96117.5343,      4.8014,     28.8332,    -44.9430,     82.5083,  306.4549,0.193356
  -0.13  51.51   11.0, 0 10 135  5 2024,    312.6886,     19.0848,    316.4734,      0.0972,   1130.1671,      0.3232,  80082.2424,      3.9297,      8.3825,     41.1354,     54.6310,  315.8993,0.185801
 139.69  35.69   40.0, 0 13 172  6 2024,    274.0847,     24.8684,    126.5148,      0.1178,    832.3096,      0.8680,  94329.3259,      4.8381,     60.3370,    -22.8824,     44.4528,  274.5061,0.218915
-112.07  33.45  331.0, 0  6  15  1 2024,    246.4256,     20.7322,    173.2957,      0.4655,    106.0690,      0.1851,  90882.1189,      1.9762,     35.2162,    -29.4096,    -54.0255,  246.7475,0.241122
 103.82   1.35   15.0, 0 12  75  3 2024,    286.7989,     21.9422,    181.0263,      0.3827,    775.2726,      0.0703,  84510.5867,      4.7296,     17.8507,    -44.2523,    107.3142,  289.9546,0.206556
  -0.13  51.51   11.0, 0 10 135  5 2024,    265.5872,     23.5348,    319.0630,      0.2070,    322.8020,      0.7512,  84812.2147,      2.1267,     65.4478,    -44.9688,    -96.9217,  265.8580,0.225834
-122.00  37.50   25.0, 0  9  46  2 2024,    245.7482,     11.2776,    130.4157,      0.3674,   1004.6569,      0.2209,  60599.6895,      0.9258,     32.7497,     41.0709,    154.8919,  245.7482,0.241921
-122.00  37.50   25.0, 0 16 299 10 2024,    292.4280,     22.2950,    178.9251,      0.4046,   1087.4901,      0.5563,  94617.5008,      2.2435,      2.8811,     41.3746,     55.4493,  293.1939,0.203965
  28.05 -26.20 1753.0, 0 14 228  8 2024,    269.7710,     14.0722,     52.0448,      0.2688,    625.5355,      0.4309,  77274.6577,      2.8379,     48.0238,    -13.3780,     66.7529,  271.7243,0.221141
 -87.63  41.88  181.0, 0  9 266  9 2024,    276.3711,      5.0452,    119.0044,      0.7449,    828.8990,      0.4155,  85042.5847,      2.5608,     23.3703,     31.1584,     21.1250,  280.8836,0.213813
-122.00  37.50   25.0, 0 15 105  4 2024,    296.9560,     15.1896,      5.5994,      0.7502,    733.7216,      0.4489,  74891.1037,      1.7788,     59.7456,    -17.5550,     65.1935,  301.2755,0.197500
 -87.63  41.88  181.0, 0 16 299 10 2024,    249.8635,     12.0204,     32.2224,      0.7942,   1281.7347,      0.4973,  94808.9278,      2.0790,     15.6885,     17.0430,    -69.5836,  250.1058,0.238435
 -87.63  41.88  181.0, 0 12 355 12 2024,    272.8658,     23.8627,     32.8537,      0.5886,    983.3550,      0.2037,  75716.7171,      2.1203,     36.8858,     28.9246,    165.3458,  272.8658,0.220227
-122.00  37.50   25.0, 0 15 105  4 2024,    284.2128,     24.0462,    119.0399,      0.3540,    776.1207,      0.1132,  62320.4755,      1.2984,      5.2510,    -14.8344,     85.0963,  288.2985,0.207881
  -0.13  51.51   11.0, 0  6  15  1 2024,    288.3143,     18.3312,     81.1745,      0.9122,    931.3920,      0.0932,  76850.9227,      3.6064,     55.3032,    -12.6668,    119.2818,  288.3143,0.207869
  -0.13  51.51   11.0, 0 10 135  5 2024,    233.2124,     17.7274,    105.5889,      0.9417,    265.1599,      0.5228,  78655.6225,      0.9855,     40.5073,    -37.1623,    -38.8308,  234.3618,0.251031
 -87.63  41.88  181.0, 0 15 105  4 2024,    280.1001,     16.4468,    339.0183,      0.7276,    151.2019,      0.9685,  87345.8285,      1.3972,     24.8756,    -16.0837,     76.7930,  280.1468,0.214403
 151.21 -33.87   39.0, 0 16 299 10 2024,    302.2955,     16.6782,    284.2536,      0.4705,    324.6349,      0.7339,  72580.5948,      0.9119,     39.9260,     -0.7822,    164.3649,  302.9888,0.196129
  55.30  25.20    5.0, 0 15 105  4 2024,    295.5838,     17.7202,    154.1481,      0.5459,    226.0500,      0.1656,  74852.3137,      1.2030,     66.3233,      8.5696,     44.5611,  297.3726,0.200622
 151.21 -33.87   39.0, 0  9 266  9 2024,    270.2847,      4.6618,    187.9823,      0.2647,    546.7969,      0.5151,  77884.8377,      1.0153,     83.6596,    -27.4115,    166.6773,  271.8859,0.221011
 -87.63  41.88  181.0, 0 12  75  3 2024,    283.3907,     24.3484,    337.0143,      0.7263,   1308.5791,      0.6693,  61963.9638,      1.3110,     13.6254,    -32.0752,   -179.3679,  285.0293,0.210497
 -46.63 -23.55  760.0, 0  8 325 11 2024,    310.1728,     14.2539,    339.8945,      0.5783,    937.3527,      0.2579,  61509.4523,      2.2417,     46.7371,     19.4372,    108.7576,  310.1728,0.190382
-122.00  37.50   25.0, 0 10 135  5 2024,    291.0885,     13.9246,    122.1305,      0.4128,    146.8381,      0.4608,  90183.9541,      0.7286,     61.4752,    -28.1388,     -2.7389,  291.7922,0.205086
 139.69  35.69   40.0, 0  9 266  9 2024,    276.7593,     23.1140,    173.0806,      0.8449,    844.4403,      0.7572,  77397.7683,      4.2007,     77.6376,      3.4987,    129.6452,  276.7593,0.217113
-122.00  37.50   25.0, 0 13 172  6 2024,    260.2186,      5.0058,    337.8779,      0.2002,   1269.2364,      0.4769,  98976.8683,      3.8858,     33.0212,      9.8949,     90.1431,  271.6498,0.221200
 -46.63 -23.55  760.0, 0 11 202  7 2024,    247.2081,      8.6188,    333.9257,      0.6917,    839.9743,      0.2748,  71577.1552,      2.9967,     53.1423,     37.0090,    -54.7941,  248.8919,0.239406
-122.00  37.50   25.0, 0  9 266  9 2024,    255.9235,     23.2962,    256.8689,      0.4438,   1278.4682,      0.9838,  76572.0514,      3.7744,     11.5912,    -13.8361,    118.8896,  255.9673,0.233746
 -87.63  41.88  181.0, 0  8 325 11 2024,    235.8053,     17.7534,    192.5007,      0.0159,    949.3602,      0.1243,  72041.0995,      4.2389,     80.3458,    -42.1601,     13.6565,  237.5307,0.248495
-112.07  33.45  331.0, 0 13 172  6 2024,    262.2725,     18.4967,    277.7726,      0.6342,    987.8653,      0.3620,  61371.3502,      2.0538,     62.7464,     -2.0953,     89.8802,  265.8225,0.225862
  55.30  25.20    5.0, 0  8 325 11 2024,    300.5708,     23.4190,    107.4470,      0.1374,     26.0915,      0.6920,  60731.4916,      2.7827,     12.0223,     38.8209,    -51.3057,  300.5889,0.198049
  55.30  25.20    5.0, 0  8 325 11 2024,    262.2171,     10.7518,     92.7313,      0.5848,    263.7958,      0.9541,  84237.5806,      4.4922,     36.1183,     11.3858,   -171.1288,  262.2171,0.228746
 151.21 -33.87   39.0, 0 13 172  6 2024,    321.1556,     15.5521,    300.7159,      0.5310,    576.5408,      0.1507,  63040.0717,      2.7209,     42.0088,     33.0150,     16.1543,  321.1556,0.181596
 139.69  35.69   40.0, 0 14 228  8 2024,    307.4688,      1.4395,      7.9239,      0.2701,    224.7964,      0.9062,  66895.6485,      2.9747,     46.4283,    -41.9173,    111.0094,  307.8422,0.192246
 139.69  35.69   40.0, 0 15 105  4 2024,    253.7259,     13.3792,    196.0834,      0.2744,    164.7601,      0.9807,  89265.6849,      1.4585,      6.0719,    -41.2339,    -73.5811,  253.7443,0.235525
  28.05 -26.20 1753.0, 0  8 325 11 2024,    246.7791,     12.1471,     60.0446,      0.8584,     47.7310,      0.4613,  95423.9582,      1.9613,      6.1140,     31.4601,     99.3311,  246.9091,0.240993
-122.00  37.50   25.0, 0 12  75  3 2024,    285.9175,     24.7497,    255.7121,      0.7601,    530.3982,      0.1409,  99970.9409,      4.6025,     64.3860,     35.8227,   -158.2462,  285.9175,0.209786
 -87.63  41.88  181.0, 0 10 135  5 2024,    318.7698,     18.4471,    211.9724,      0.2005,    494.0998,      0.0339,  69194.1895,      2.3366,     34.7345,     35.5612,     43.1005,  320.8653,0.181828
 -87.63  41.88  181.0, 0  9  46  2 2024,    280.2887,     18.0444,    283.9187,      0.9706,    163.8739,      0.3765,  61029.6975,      2.8717,     89.1470,     -2.8699,     80.5191,  280.2887,0.214289
-112.07  33.45  331.0, 0  9  46  2 2024,    235.9276,     12.1950,    128.8502,      0.3666,   1285.8362,      0.3781,  84915.0887,      2.1764,     58.9518,    -36.6194,    107.2697,  235.9276,0.249778
 -87.63  41.88  181.0, 0 15 105  4 2024,    271.8219,      2.9952,     80.6798,      0.2634,    966.2345,      0.0897,  65247.4830,      4.5623,     59.8395,    -35.2945,    -85.8759,  271.8219,0.221062
-122.00  37.50   25.0, 0 10 135  5 2024,    298.3129,     20.2538,     17.6398,      0.9618,    846.5361,      0.8174,  85994.1973,      1.1787,     22.2214,     -0.4015,    -81.9002,  299.8888,0.198609
  55.30  25.20    5.0, 0 15 105  4 2024,    305.5060,      7.4593,    233.7542,      0.8415,    244.5915,      0.0362,  61752.7514,      1.3897,     15.5299,      4.1970,     58.3636,  309.5684,0.190865
-112.07  33.45  331.0, 0  6  15  1 2024,    253.1331,     22.0786,    232.6284,      0.7913,    862.7893,      0.3963,  63956.1214,      4.3691,     69.2482,     22.7748,    -24.9464,  255.0236,0.234501
 139.69  35.69   40.0, 0  9 266  9 2024,    306.1581,      7.4132,    195.6447,      0.1316,   1113.8495,      0.2334,  68131.4802,      4.3308,     38.9768,    -37.1850,     48.3530,  309.2371,0.191130
 139.69  35.69   40.0, 0 13 172  6 2024,    313.3881,     21.5168,    264.6573,      0.1624,    555.9312,      0.1470,  72473.4976,      4.1205,      1.7828,     23.8497,    150.9751,  316.1869,0.185570
-122.00  37.50   25.0, 0  9 266  9 2024,    249.2223,     16.4400,    351.5876,      0.8729,   1348.1407,      0.8054,  78267.0567,      3.3151,     62.0616,     35.4154,     22.5514,  249.8755,0.238620
 139.69  35.69   40.0, 0 12 355 12 2024,    297.7226,      7.5372,    200.2991,      0.4728,    299.4941,      0.5365,  97850.9361,      0.7976,     64.6764,     43.2580,   -169.6646,  297.7226,0.200342
 -87.63  41.88  181.0, 0 12 355 12 2024,    267.7699,     16.3187,      5.3570,      0.1474,   1226.0820,      0.0089,  85315.9896,      3.8756,     68.6201,    -10.1505,    -94.2950,  268.6472,0.223602
  28.05 -26.20 1753.0, 0  8 325 11 2024,    311.3034,     20.2801,    305.8220,      0.7599,    688.3060,      0.6882,  89492.1349,      1.5324,     27.0965,    -36.9711,     75.4465,  311.5766,0.189259
 -46.63 -23.55  760.0, 0  9  46  2 2024,    286.3218,     23.4861,    167.4170,      0.7686,    485.2509,      0.7844,  98144.3117,      0.6038,     18.3046,     -9.8923,     76.0324,  286.8518,0.209039
 139.69  35.69   40.0, 0  9  46  2 2024,    274.1091,     16.2293,    251.1229,      0.6067,   1251.0278,      0.2344,  72508.5600,      1.5423,     85.6565,     -7.1151,    108.4749,  274.1091,0.219233
-112.07  33.45  331.0, 0 10 135  5 2024,    303.8225,      1.6532,    157.3541,      0.6157,      6.4302,      0.2038,  81223.8898,      3.7003,     18.1098,    -10.2780,     36.2145,  303.9335,0.195373
  -0.13  51.51   11.0, 0  8 325 11 2024,    291.4053,     16.2191,    217.3108,      0.0215,    147.9068,      0.9554,  66906.8071,      3.1508,     45.0744,    -43.2480,    -10.2954,  291.4267,0.205379
  55.30  25.20    5.0, 0 12  75  3 2024,    287.7628,      6.6760,    121.4675,      0.5429,   1190.0810,      0.8280,  73219.9830,      1.8603,     53.5141,      2.1324,     -8.7262,  291.2999,0.205480
 -46.63 -23.55  760.0, 0  9  46  2 2024,    257.5715,     23.3777,     46.7710,      0.2862,    801.7637,      0.1011,  63721.6309,      2.3842,     10.7358,    -27.3357,   -178.4432,  260.5687,0.230065
  -0.13  51.51   11.0, 0 11 202  7 2024,    235.4687,     15.5685,     83.5938,      0.7558,    167.4434,      0.3402,  70404.9639,      0.8929,      6.3630,     33.2432,    -20.2105,  236.5433,0.249285
 103.82   1.35   15.0, 0 16 299 10 2024,    254.6126,      8.0641,    137.6617,      0.6175,    705.7702,      0.5838,  65690.0922,      1.4923,     86.8881,     23.5264,   -157.5631,  254.6126,0.234830
 -87.63  41.88  181.0, 0  6  15  1 2024,    262.3943,     16.5696,    191.4562,      0.6111,   1242.2759,      0.4221,  90857.3926,      1.3758,     65.4202,    -31.2287,    -26.4395,  266.6567,0.225195
  28.05 -26.20 1753.0, 0  9  46  2 2024,    297.1209,     23.6466,    314.1541,      0.4310,    678.0716,      0.6314,  91318.4199,      1.0995,     43.5498,     10.5663,    126.3001,  297.5309,0.200495
  -0.13  51.51   11.0, 0 10 135  5 2024,    262.8128,      0.0650,    106.0476,      0.6457,    474.2137,      0.4536,  60654.5002,      0.5156,     41.4733,    -33.0740,   -145.8832,  266.7824,0.225094
  -0.13  51.51   11.0, 0 12  75  3 2024,    262.6114,      6.5870,    164.0728,      0.5633,    618.7229,      0.8112,  81776.2887,      1.7839,     72.4726,     12.0729,     88.8659,  263.0310,0.228095
  -0.13  51.51   11.0, 0  8 325 11 2024,    265.7145,     18.9091,    252.7945,      0.5037,    865.7257,      0.4816,  62738.8286,      4.8132,     11.2901,    -10.1435,    165.2342,  265.7145,0.225948
 103.82   1.35   15.0, 0 12 355 12 2024,    236.1383,      3.4017,     35.4405,      0.8325,    701.7974,      0.4343, 100512.3813,      2.1509,     65.4504,     10.6787,    -93.4719,  239.3371,0.247050
-122.00  37.50   25.0, 0  9  46  2 2024,    314.8684,     24.0107,     42.6357,      0.0170,   1007.8547,      0.7417,  65510.8743,      3.4960,     53.8336,    -33.0951,    -61.1289,  316.1536,0.185597
 139.69  35.69   40.0, 0 12  75  3 2024,    239.8294,      3.3600,    196.5965,      0.6082,    894.6832,      0.9764,  64486.3281,      2.9825,     14.1315,     27.0797,    154.6260,  240.0853,0.246452
  28.05 -26.20 1753.0, 0  8 325 11 2024,    258.8411,     15.0133,    213.5750,      0.8078,    854.6492,      0.4710,  77951.4284,      0.9856,     53.9004,      4.5822,    -26.8464,  263.1612,0.227991
 -87.63  41.88  181.0, 0 12  75  3 2024,    273.4386,     14.2551,    189.7823,      0.6098,   1273.9827,      0.4488,  69634.9118,      0.9976,     41.5141,     19.7279,   -163.6445,  274.2967,0.219083
 -87.63  41.88  181.0, 0 13 172  6 2024,    272.0143,     24.6810,    299.2848,      0.8611,   1177.1355,      0.4883,  73104.1524,      4.2816,     35.7447,     30.9299,    143.5135,  274.0599,0.219272
  28.05 -26.20 1753.0, 0 11 202  7 2024,    302.2924,      0.1015,    159.1326,      0.0822,    721.8842,      0.3712,  91833.3098,      4.0599,     45.1847,     -5.0025,    132.9709,  312.9110,0.188191
-122.00  37.50   25.0, 0 13 172  6 2024,    290.1152,      8.3615,    228.8431,      0.3658,   1224.7476,      0.1392,  81788.0961,      1.5878,     66.3556,    -21.0665,     59.2060,  302.0515,0.196879
  55.30  25.20    5.0, 0  9 266  9 2024,    236.4442,      3.6007,    298.7109,      0.5465,    263.6043,      0.3027,  75014.1866,      1.0368,     38.2576,     -1.4220,    166.1548,  237.4032,0.248597
 -46.63 -23.55  760.0, 0 10 135  5 2024,    310.5270,     10.7919,    330.1725,      0.8356,    509.0505,      0.1983,  98298.6681,      2.6140,     18.7856,    -15.5185,     70.2540,  312.4141,0.188589
  55.30  25.20    5.0, 0 15 105  4 2024,    246.8596,     20.6362,    341.1760,      0.2916,    746.0117,      0.5037,  62435.5116,      0.5896,     18.9324,     35.9245,    103.2425,  249.9134,0.238589
-122.00  37.50   25.0, 0 15 105  4 2024,    238.5002,      7.5056,     46.6357,      0.4570,   1205.1909,      0.2775,  73199.7060,      4.0377,     18.0516,     18.5047,    -71.7664,  243.8596,0.243432
 151.21 -33.87   39.0, 0  8 325 11 2024,    249.5188,     22.3198,    234.2227,      0.7597,    167.0789,      0.4539,  95902.8078,      3.2518,      4.9292,     12.4439,    -97.2392,  249.8711,0.238623
  28.05 -26.20 1753.0, 0  8 325 11 2024,    250.0582,     14.0877,    118.3019,      0.7167,    318.4461,      0.0983,  62569.9637,      4.0252,     37.1471,     19.8081,     98.9573,  250.0582,0.238473
 -87.63  41.88  181.0, 0 12  75  3 2024,    315.2768,      0.1873,      0.1361,      0.4374,    321.2099,      0.4526,  73962.6604,      2.3455,     63.3589,    -21.6671,    171.2157,  315.2768,0.186299
 139.69  35.69   40.0, 0 13 172  6 2024,    265.9746,     10.6402,     33.8245,      0.1711,    698.7303,      0.0050,  95906.5131,      2.2298,      6.4951,     -1.8642,     23.3704,  274.9338,0.218573
  -0.13  51.51   11.0, 0 12  75  3 2024,    299.6320,     13.3600,    349.5944,      0.1882,    577.7446,      0.5254,  67115.3565,      2.4111,     63.7911,     32.8787,    -64.6808,  301.0773,0.197658
-122.00  37.50   25.0, 0  9  46  2 2024,    258.0257,     16.3045,    207.3214,      0.0513,    833.9819,      0.1661,  96098.6803,      0.9418,     41.9232,     43.8400,     42.7394,  259.8520,0.230638
 103.82   1.35   15.0, 0  9  46  2 2024,    316.4875,      5.4198,     66.9127,      0.4431,    679.8129,      0.3612,  66250.5865,      2.6568,     23.1210,    -29.0061,    -33.8547,  322.9219,0.180182
 -87.63  41.88  181.0, 0  9  46  2 2024,    304.7310,      0.5847,    238.2575,      0.4282,   1305.5619,      0.9348,  72414.0765,      2.4249,      3.8796,    -30.8226,     88.5054,  305.4841,0.194133
  55.30  25.20    5.0, 0  9 266  9 2024,    300.3670,      8.1281,    174.3956,      0.9319,   1131.2054,      0.1974,  62158.0984,      3.2758,      5.8045,    -37.1501,    146.0346,  306.4417,0.193367
 -87.63  41.88  181.0, 0  9  46  2 2024,    294.8919,     16.4977,    189.5306,      0.9283,    375.4200,      0.5621,  66931.4046,      4.3173,     16.4080,     20.7563,     94.6898,  295.0683,0.202465
 -87.63  41.88  181.0, 0 12 355 12 2024,    249.8736,      2.9238,    226.2664,      0.9618,   1177.7295,      0.2690,  93771.2730,      1.2193,     36.5038,    -42.2415,    -56.8667,  260.8943,0.229805
-122.00  37.50   25.0, 0  6  15  1 2024,    303.3998,     10.1870,    167.7464,      0.3240,    140.8755,      0.7962,  99128.7042,      2.3585,     13.4401,     -8.3541,     93.5905,  303.3998,0.195800
  -0.13  51.51   11.0, 0 12  75  3 2024,    313.0051,     19.9046,    151.3579,      0.6403,    439.0626,      0.9014,  98998.3376,      2.4320,     40.8539,     -1.6311,    159.1712,  313.0051,0.188116
-112.07  33.45  331.0, 0 11 202  7 2024,    293.0529,      9.7315,    118.0396,      0.0266,     12.6650,      0.8868,  99438.4408,      3.5365,      3.8662,     33.5526,    135.3303,  293.0672,0.204066
 139.69  35.69   40.0, 0 16 299 10 2024,    272.6546,     15.4102,    154.2720,      0.2440,   1239.7405,      0.2046,  93962.5680,      2.9946,     51.3303,    -30.7590,     98.8741,  278.2718,0.215903
-112.07  33.45  331.0, 0  9  46  2 2024,    240.4952,      4.1273,    324.2967,      0.8635,    961.6869,      0.1500,  90980.3846,      3.1274,     21.2662,     31.0930,     33.5692,  246.8588,0.241033
-122.00  37.50   25.0, 0 10 135  5 2024,    303.2671,      9.3421,    253.7817,      0.9539,    927.6266,      0.0255,  87134.2488,      3.1099,     64.9537,     37.0750,    129.6733,  303.2671,0.195906
  28.05 -26.20 1753.0, 0 13 172  6 2024,    295.3988,      4.6254,     44.9082,      0.5988,      1.4509,      0.1797,  63973.4766,      4.8032,     66.8476,     -2.6532,     94.7334,  295.4113,0.202191
  -0.13  51.51   11.0, 0  9 266  9 2024,    235.5174,      9.7813,      8.0252,      0.1447,   1221.1938,      0.2972,  91116.7636,      3.1573,     33.5519,     17.4853,    -34.1585,  243.8111,0.243471
 103.82   1.35   15.0, 0 14 228  8 2024,    293.7870,      2.8212,    212.9363,      0.4298,    668.9601,      0.7837,  69893.8595,      3.4418,     11.7291,     -1.0525,   -114.4869,  296.4796,0.201336
  -0.13  51.51   11.0, 0 10 135  5 2024,    268.8883,      8.6492,    241.3754,      0.3941,    241.3436,      0.5959,  87164.2880,      1.4585,     20.9982,     23.9038,     13.4207,  270.1825,0.222374
 -46.63 -23.55  760.0, 0  6  15  1 2024,    272.9340,     18.2370,    280.9360,      0.8077,   1314.9322,      0.5182,  99955.7178,      3.8670,     44.6392,     39.6928,   -178.1332,  272.9340,0.220173
 103.82   1.35   15.0, 0 12  75  3 2024,    254.7507,      5.2455,    318.8700,      0.4136,    980.8175,      0.2252,  86433.6353,      2.7224,      1.0376,    -41.4011,    140.8736,  265.3121,0.226270
-112.07  33.45  331.0, 0 10 135  5 2024,    257.1887,     13.6974,    339.1931,      0.5321,   1061.9469,      0.0224,  71234.0171,      3.4843,     75.6988,      5.8956,   -128.7114,  261.7115,0.229151
 151.21 -33.87   39.0, 0 12 355 12 2024,    240.3946,     21.5564,     13.8669,      0.1607,    312.1773,      0.1080,  64691.4909,      4.4290,      6.0524,     -5.9652,   -120.4107,  242.0960,0.244843
  55.30  25.20    5.0, 0  9 266  9 2024,    275.4082,     14.9982,    262.0415,      0.3074,    835.7599,      0.1629,  94769.5260,      3.9590,     67.5806,    -42.2168,    134.0528,  275.4082,0.218193
 -46.63 -23.55  760.0, 0 16 299 10 2024,    238.9537,     14.0125,    258.6168,      0.9377,    611.3568,      0.6562,  65640.8657,      2.0047,     35.7638,     -3.0397,   -162.2668,  239.5776,0.246858
 151.21 -33.87   39.0, 0 15 105  4 2024,    280.5279,      8.8208,    319.5009,      0.6624,    694.5649,      0.1678,  75326.2733,      2.4366,     50.1301,    -30.3746,    -86.6180,  280.5279,0.214098
 139.69  35.69   40.0, 0 10 135  5 2024,    321.9470,     14.0788,    244.2455,      0.6487,   1328.6879,      0.6558,  72928.9209,      1.7826,     51.8888,    -42.6990,    109.2952,  322.4436,0.180565
 139.69  35.69   40.0, 0 11 202  7 2024,    302.4470,     12.5490,    238.3742,      0.1921,    353.9659,      0.0219,  84290.4017,      1.4203,     20.3328,     30.4066,    -69.7320,  306.7206,0.193144
 -87.63  41.88  181.0, 0  9 266  9 2024,    284.1774,     10.4500,    288.7693,      0.8864,    278.5620,      0.1864,  79704.3029,      0.9055,     56.8446,     10.5028,   -126.4764,  286.2505,0.209520
  55.30  25.20    5.0, 0 14 228  8 2024,    273.6923,     22.3594,    166.7532,      0.3232,    934.2363,      0.5824,  98390.6636,      4.3688,     14.2049,    -21.9671,     -9.1837,  275.6209,0.218023
 151.21 -33.87   39.0, 0  9  46  2 2024,    257.2859,      9.3385,    270.4619,      0.7581,    225.0057,      0.2641,  85021.2879,      1.5323,     72.6938,     37.5543,    -47.7426,  258.5068,0.231715
-122.00  37.50   25.0, 0 11 202  7 2024,    268.9294,     22.7664,    246.8188,      0.6278,    946.5558,      0.9506,  82423.3398,      4.1321,     35.7007,     -7.6404,     37.0550,  269.1552,0.223196
-112.07  33.45  331.0, 0 15 105  4 2024,    250.3121,      8.8263,    139.5314,      0.7688,    233.4799,      0.6427,  62124.1423,      1.5767,     65.7444,     -8.5158,    175.3603,  250.4517,0.238159
-112.07  33.45  331.0, 0  9 266  9 2024,    290.5454,      8.6551,    216.0458,      0.9351,      5.5035,      0.1810,  94479.8527,      1.2913,      6.7944,    -11.0484,    -54.1529,  290.6007,0.206039
  28.05 -26.20 1753.0, 0  6  15  1 2024,    260.8307,     19.7804,    153.9286,      0.0201,   1140.4278,      0.4842,  64854.8468,      2.1795,      9.0209,     40.2406,     87.6504,  260.8813,0.229815
 103.82   1.35   15.0, 0 10 135  5 2024,    287.1676,     10.7077,    322.4153,      0.8881,    478.4806,      0.9614,  65973.7277,      4.9053,     50.2017,    -20.4321,   -132.8284,  287.3655,0.208628
  55.30  25.20    5.0, 0 10 135  5 2024,    252.6403,     11.8122,    118.0794,      0.3410,    601.7132,      0.3923,  76518.6489,      1.1865,     88.8599,    -13.2342,    -20.1373,  253.8939,0.235405
-122.00  37.50   25.0, 0 12 355 12 2024,    287.4137,      7.9696,    190.2082,      0.9878,    386.9486,      0.0983,  78123.8768,      4.6913,      3.1772,    -13.9291,     52.6459,  289.9996,0.206520
 139.69  35.69   40.0, 0 14 228  8 2024,    243.6537,     17.5172,    350.9438,      0.2415,    604.3402,      0.1443,  72157.1360,      1.6370,     83.1715,     20.4903,    -91.5640,  243.6537,0.243597
  28.05 -26.20 1753.0, 0 13 172  6 2024,    303.1343,     17.3416,    219.1455,      0.8597,    383.6468,      0.4119,  94021.9361,      3.8242,     54.9401,     32.8073,     22.5437,  303.1343,0.196013
  28.05 -26.20 1753.0, 0 12  75  3 2024,    320.6205,      9.1748,     39.7126,      0.3985,   1182.1201,      0.4425,  82442.1129,      4.5448,     30.6167,    -12.1212,   -142.7875,  329.2450,0.175124
  28.05 -26.20 1753.0, 0 13 172  6 2024,    263.3938,     15.5796,    117.6049,      0.0815,    865.5009,      0.7053,  73463.6872,      1.9981,     80.7081,    -14.3542,     68.9997,  263.5296,0.227696
 -46.63 -23.55  760.0, 0  6  15  1 2024,    268.4414,     20.5660,     50.1856,      0.7347,    234.1792,      0.4366,  99934.7494,      4.3057,     64.2647,      1.7185,    -20.8143,  269.0087,0.223313
  28.05 -26.20 1753.0, 0 13 172  6 2024,    275.4123,      0.4073,    177.8731,      0.5045,     12.3826,      0.0060,  61403.4243,      2.6172,     67.8516,     42.1446,    162.7749,  275.6943,0.217965
 -46.63 -23.55  760.0, 0 11 202  7 2024,    256.8016,     22.4952,    182.2030,      0.6821,    621.7325,      0.5365,  62103.8005,      4.9354,     51.5955,    -39.4876,    -55.7167,  257.1874,0.232770
 103.82   1.35   15.0, 0 15 105  4 2024,    241.9927,     10.0447,    349.6762,      0.5079,    843.1858,      0.6355,  62364.3936,      2.5716,      3.8073,     32.1019,     44.0310,  244.3426,0.243046
 -87.63  41.88  181.0, 0  9 266  9 2024,    234.8379,      1.0987,    160.8825,      0.2887,    681.6672,      0.6398,  68616.7482,      3.9950,     75.9468,    -21.7888,   -146.2396,  235.5687,0.250065
-112.07  33.45  331.0, 0  8 325 11 2024,    298.5802,      0.8967,    298.0468,      0.9519,   1213.7895,      0.6431,  72687.5270,      1.2065,     82.0281,    -44.6272,   -154.9956,  298.5802,0.199656
 -46.63 -23.55  760.0, 0  6  15  1 2024,    293.6119,     22.0816,    199.6396,      0.9174,    345.2087,      0.7841,  81012.5799,      4.2864,     10.1370,    -28.0227,     20.0125,  293.6721,0.203582
  28.05 -26.20 1753.0, 0 12 355 12 2024,    274.9279,     12.9439,    166.8505,      0.3106,     49.4560,      0.7693,  77847.2407,      3.2907,     81.4516,      4.0797,    -72.8033,  274.9434,0.218565
  28.05 -26.20 1753.0, 0 14 228  8 2024,    288.4670,      4.2606,     95.2529,      0.7305,    203.1898,      0.7159,  73205.6813,      0.7775,     53.0971,      2.3856,     99.4119,  289.8069,0.206674
-122.00  37.50   25.0, 0 16 299 10 2024,    267.7119,      4.5787,    100.3377,      0.5128,    222.8341,      0.4596,  79726.8116,      1.7021,      8.9029,      6.2361,     -8.5605,  268.5200,0.223704
 151.21 -33.87   39.0, 0 16 299 10 2024,    239.4960,     10.2219,     47.3059,      0.2594,    676.2135,      0.8356,  73763.6254,      4.6616,      4.4653,    -40.3260,   -114.2839,  239.9677,0.246546
 -46.63 -23.55  760.0, 0 13 172  6 2024,    317.1472,     20.7158,    182.8460,      0.2338,    389.1940,      0.5192,  84376.7409,      2.5016,     41.7403,     -9.6771,   -159.5463,  318.3677,0.183826
  -0.13  51.51   11.0, 0  8 325 11 2024,    308.9300,     13.5587,    151.8186,      0.6539,    104.5957,      0.4032,  61107.7487,      0.6613,      7.3017,     28.8493,    -54.2557,  309.0627,0.191270
 -46.63 -23.55  760.0, 0  9  46  2 2024,    288.3466,      0.7757,    334.5815,      0.3294,    615.1307,      0.2075,  94929.6095,      2.8534,     81.3988,     24.3135,    -53.3615,  296.8592,0.201033
 103.82   1.35   15.0, 0 10 135  5 2024,    299.1564,     24.5584,    257.1860,      0.2570,    264.5514,      0.8205,  79545.6106,      2.8385,     18.9255,     -5.7371,    113.2766,  299.3458,0.199043
 103.82   1.35   15.0, 0  9  46  2 2024,    289.4716,     24.7277,    273.7611,      0.9621,    180.6050,      0.4017,  83676.4412,      1.5511,     28.0523,     32.4264,    -89.9339,  290.1305,0.206416
  -0.13  51.51   11.0, 0 12  75  3 2024,    259.5576,     13.9625,    126.1678,      0.8276,    144.4363,      0.6001,  60907.3957,      2.2851,     15.8395,     13.4133,     64.4283,  259.9439,0.230565
 -46.63 -23.55  760.0, 0 12  75  3 2024,    296.5308,     19.7119,    107.9781,      0.9065,   1153.5394,      0.8653,  97823.7798,      3.1020,      8.8072,     35.7639,   -138.9727,  297.4066,0.200595
 -87.63  41.88  181.0, 0 16 299 10 2024,    263.2883,      1.0335,     48.6709,      0.0484,    316.5431,      0.3129,  91704.9624,      4.7430,     50.9171,     27.5861,      5.3853,  266.5283,0.225297
  -0.13  51.51   11.0, 0  6  15  1 2024,    241.9669,     24.1851,    262.9312,      0.3380,    861.1614,      0.7582,  61104.5994,      4.5262,     51.1170,    -34.2956,    116.2069,  241.9669,0.244947
 139.69  35.69   40.0, 0 11 202  7 2024,    275.3625,      8.5746,     22.0572,      0.2526,   1012.8535,      0.8712,  98122.0046,      2.1390,     31.6643,    -44.2121,   -122.0390,  276.5883,0.217249
  -0.13  51.51   11.0, 0  9  46  2 2024,    292.9580,     15.1343,    208.3993,      0.2356,    286.1203,      0.3766,  75032.3954,      3.8520,     57.0749,     31.1399,      9.3092,  293.7988,0.203481
 -46.63 -23.55  760.0, 0  6  15  1 2024,    312.7944,      2.4692,    192.3159,      0.3351,    258.6858,      0.4742,  61173.4546,      4.3688,     80.7495,    -24.3484,   -157.6479,  313.0189,0.188105
 -87.63  41.88  181.0, 0 13 172  6 2024,    271.0413,      7.6814,    261.0196,      0.1962,   1122.4197,      0.6767,  79128.0044,      4.9366,      5.0920,      8.9300,    -51.3063,  275.9851,0.217732
 103.82   1.35   15.0, 0  8 325 11 2024,    262.6722,      4.6581,    309.4106,      0.9181,    729.2825,      0.1021,  75562.7192,      2.7438,     37.2861,     28.6723,      6.9942,  268.5976,0.223642
  55.30  25.20    5.0, 0 12 355 12 2024,    293.8832,      0.4891,    183.4254,      0.6291,    130.2487,      0.2224,  92575.9210,      3.1673,     47.5199,    -20.0783,    -40.9290,  296.5385,0.201289
 103.82   1.35   15.0, 0 12  75  3 2024,    268.0538,      7.9875,    158.8429,      0.6675,    483.7157,      0.9503,  87206.2534,      1.7480,     81.8994,     12.9411,    -63.3317,  268.1230,0.224022
  55.30  25.20    5.0, 0 12 355 12 2024,    301.6575,     16.5386,     88.4215,      0.5971,    513.4445,      0.0119,  78757.3601,      1.7168,     23.3529,     23.1440,     44.8444,  305.7915,0.193887
-122.00  37.50   25.0, 0 11 202  7 2024,    305.5591,      4.9961,    202.6993,      0.4412,    948.0486,      0.2403,  72986.7221,      2.2520,     34.4714,     -1.5817,     78.7344,  315.8270,0.185858
 -87.63  41.88  181.0, 0 12 355 12 2024,    309.1770,      4.2436,    332.2655,      0.8796,    413.0536,      0.8170,  63355.1439,      1.7974,     75.0713,     26.7334,     14.5656,  310.7517,0.189919
 151.21 -33.87   39.0, 0 13 172  6 2024,    266.2092,     22.7465,    276.2252,      0.8555,    853.8520,      0.9644,  64475.0104,      3.7610,     88.5036,      9.6768,    -87.4976,  266.2092,0.225553
  28.05 -26.20 1753.0, 0 14 228  8 2024,    283.2633,     17.1629,    152.5074,      0.2857,     59.5673,      0.6623,  90318.0451,      3.0334,     62.2314,     -1.9688,    -72.2388,  283.2633,0.211909
 -87.63  41.88  181.0, 0 14 228  8 2024,    316.6497,     10.2191,     33.8966,      0.5429,    928.4525,      0.0455,  86571.0978,      1.1467,     82.5138,      5.1708,     21.7131,  326.8377,0.177050
  -0.13  51.51   11.0, 0  6  15  1 2024,    310.1399,     10.1899,    345.2327,      0.9540,   1134.2462,      0.1255,  60253.6038,      4.7899,     62.7631,    -24.0724,     62.0381,  310.1399,0.190408
  28.05 -26.20 1753.0, 0 15 105  4 2024,    312.8775,      0.5774,    286.4792,      0.5713,    249.5692,      0.2605,  76856.7911,      1.8165,     18.8870,     36.0133,   -106.1934,  314.6650,0.186788
-122.00  37.50   25.0, 0 10 135  5 2024,    306.6877,      7.1623,    202.5445,      0.0363,    502.8086,      0.7629,  84287.3440,      3.7024,     48.2421,      0.9071,    -88.8808,  308.4704,0.191744
  -0.13  51.51   11.0, 0 13 172  6 2024,    234.2655,     16.1733,    298.6479,      0.2881,    846.1242,      0.1705,  71703.1773,      2.0097,     43.8708,      2.1290,    109.0366,  238.7847,0.247492
 -46.63 -23.55  760.0, 0 14 228  8 2024,    255.2086,     12.8957,    265.4222,      0.0288,    335.1424,      0.4676,  72760.7628,      1.0583,      9.8215,     34.3666,    -97.1811,  256.4993,0.233321
 151.21 -33.87   39.0, 0  9 266  9 2024,    301.4109,     21.0180,     94.7141,      0.9512,    886.3656,      0.4604,  62010.0395,      2.3233,     35.7271,    -33.5094,   -150.0436,  304.0824,0.195254
  28.05 -26.20 1753.0, 0 13 172  6 2024,    242.6037,      7.7958,     69.7726,      0.0842,    193.7093,      0.1530,  73553.8337,      3.0634,     22.1345,    -13.2589,     30.9061,  243.4642,0.243749
 -87.63  41.88  181.0, 0  9 266  9 2024,    248.1076,     13.6772,    228.6585,      0.5273,    354.1338,      0.8071,  88446.4472,      4.2736,     68.0412,      2.6897,    -16.1398,  248.6246,0.239620
 -46.63 -23.55  760.0, 0 14 228  8 2024,    256.7163,      5.2226,    332.1360,      0.6828,    257.3379,      0.0303,  94155.8315,      2.1614,     59.3592,    -43.8749,     56.1258,  258.2646,0.231908
 103.82   1.35   15.0, 0 13 172  6 2024,    312.6439,     19.7559,     61.9275,      0.8578,    129.6340,      0.6744,  73219.2128,      2.7531,     15.7073,     33.1777,     -8.4294,  312.8401,0.188248
 103.82   1.35   15.0, 0  9  46  2 2024,    253.0815,     11.8814,     27.6315,      0.4210,     57.0331,      0.7515,  76145.4360,      0.5882,     58.6808,     33.9550,    -31.4534,  253.2533,0.235917
 -87.63  41.88  181.0, 0 12 355 12 2024,    245.2252,     23.3379,      7.4947,      0.9159,   1349.8949,      0.6233,  83566.7341,      4.8492,     68.3065,      9.8074,   -171.1246,  245.2252,0.242340
 151.21 -33.87   39.0, 0 14 228  8 2024,    289.0667,     13.0288,     67.5165,      0.7635,    148.9530,      0.1705,  61527.4145,      3.2821,     52.2027,      7.8167,   -110.8378,  289.2881,0.207090
-122.00  37.50   25.0, 0 14 228  8 2024,    284.6256,     20.1570,    283.0078,      0.8843,    607.8461,      0.3092,  65526.1186,      0.6669,     81.7186,    -26.9513,    155.1214,  284.7366,0.210731
 -46.63 -23.55  760.0, 0 14 228  8 2024,    315.4714,      4.3957,    102.5434,      0.5546,    654.6464,      0.3486,  64801.1088,      4.6147,     33.4151,     14.0240,     22.1742,  318.8903,0.183408
-122.00  37.50   25.0, 0 12 355 12 2024,    283.6119,      2.8890,    227.9177,      0.2780,     48.4542,      0.3529,  79009.4821,      4.3576,     43.1034,    -29.9232,    167.7624,  283.6119,0.211630
 151.21 -33.87   39.0, 0 15 105  4 2024,    322.6472,      9.0112,    295.8169,      0.5997,   1066.9886,      0.5190,  62335.1377,      3.3330,     37.8644,     -0.9693,     68.3004,  327.4980,0.176522
 151.21 -33.87   39.0, 0 14 228  8 2024,    310.1363,     10.0094,     97.9140,      0.8569,    854.3271,      0.6133,  84505.9888,      3.9279,      5.1781,     27.6207,    162.6154,  312.5573,0.188474
  -0.13  51.51   11.0, 0 10 135  5 2024,    276.5563,     20.4971,    228.7162,      0.9146,    782.8851,      0.6056,  73545.8022,      3.1847,     40.8110,    -44.7451,     87.7262,  276.9725,0.216942
 139.69  35.69   40.0, 0 12 355 12 2024,    298.2185,     23.4214,     57.5959,      0.4968,   1310.1493,      0.1378,  70249.4355,      4.2989,     28.9841,    -32.9249,   -107.3158,  300.1181,0.198426
 151.21 -33.87   39.0, 0  6  15  1 2024,    292.0893,      7.3929,    296.0669,      0.8971,    566.2151,      0.0294,  74899.8514,      3.6387,     71.5963,     33.4429,   -111.2086,  297.7481,0.200322
  -0.13  51.51   11.0, 0 12  75  3 2024,    283.0768,     20.9308,     37.6223,      0.0912,    562.1929,      0.6768, 100192.6240,      1.1613,     81.6799,     13.6330,   -129.9074,  283.0768,0.212059
 103.82   1.35   15.0, 0 12  75  3 2024,    244.1600,      6.9831,     50.6040,      0.0575,   1093.1946,      0.2804,  62874.7714,      1.4476,     80.0108,    -40.5806,     57.1767,  246.5503,0.241280
  55.30  25.20    5.0, 0  6  15  1 2024,    254.4832,     24.7605,    262.2882,      0.1922,   1100.4439,      0.1947,  68867.4988,      4.9339,     73.6341,    -44.4963,     77.0992,  254.4832,0.234933
-122.00  37.50   25.0, 0 14 228  8 2024,    271.7659,     17.3322,    125.5002,      0.0180,   1148.9242,      0.9361,  99932.4042,      4.4677,     45.1019,    -15.6485,     81.8051,  272.2919,0.220686
 151.21 -33.87   39.0, 0 12 355 12 2024,    285.1495,     24.5802,    346.9934,      0.8912,   1317.4623,      0.7939,  89231.9647,      4.6057,     73.9725,    -21.9284,    175.8808,  285.7992,0.209881
 -46.63 -23.55  760.0, 0 12 355 12 2024,    315.1744,     20.0320,     99.6693,      0.5585,    123.0700,      0.2094,  84536.5222,      4.6912,     22.3265,     39.6554,     85.5129,  315.6768,0.185979
-122.00  37.50   25.0, 0 15 105  4 2024,    289.4630,      0.0902,    166.2716,      0.0220,    183.5909,      0.1142,  69497.8755,      0.6554,     62.4842,     36.1147,    -61.1658,  289.4630,0.206950
  28.05 -26.20 1753.0, 0 16 299 10 2024,    257.0804,      7.1459,    300.8480,      0.9066,   1195.1411,      0.2272,  97986.5858,      2.3877,     27.2637,    -13.3248,    101.5353,  269.8661,0.222627
-122.00  37.50   25.0, 0  9 266  9 2024,    247.1980,     16.9656,    140.0511,      0.5308,    384.6651,      0.9756,  73640.0329,      3.6350,     89.2094,    -13.1089,    136.7994,  247.1980,0.240762
 103.82   1.35   15.0, 0 10 135  5 2024,    283.0617,     18.4237,     13.6071,      0.8796,    897.3954,      0.1371,  66602.9004,      3.9517,      3.4286,     33.9919,     75.2503,  286.9208,0.208983
  28.05 -26.20 1753.0, 0 12  75  3 2024,    278.5261,     14.8546,     27.7920,      0.8644,    862.5391,      0.2135,  80449.1773,      3.3907,     77.2194,     19.6010,   -101.0405,  280.1393,0.214409
-112.07  33.45  331.0, 0 16 299 10 2024,    266.8802,     22.0611,    280.1807,      0.3576,    613.7828,      0.6097,  96539.5910,      4.1206,     47.2818,     17.0784,    -88.9189,  266.8802,0.225016
 -46.63 -23.55  760.0, 0  9  46  2 2024,    320.7485,      5.4682,    205.6354,      0.6479,    902.1702,      0.8020,  81968.1571,      2.7676,     63.2815,     -1.1937,     26.7003,  320.7485,0.181921
-122.00  37.50   25.0, 0 11 202  7 2024,    306.6977,     24.8757,     51.9866,      0.3599,   1338.9665,      0.3221, 100356.8552,      4.2713,      4.5172,     24.2081,     71.3092,  311.1766,0.189579
 151.21 -33.87   39.0, 0  9  46  2 2024,    282.4657,      0.7330,     11.3833,      0.5901,   1168.6479,      0.6922,  99588.2097,      3.7137,      0.1986,     32.6162,   -137.6999,  289.0562,0.207275
  28.05 -26.20 1753.0, 0  6  15  1 2024,    243.2609,      6.6729,    195.3694,      0.6831,    579.2126,      0.8314,  69603.3207,      2.7475,     49.0917,     16.2926,   -106.2725,  244.3198,0.243064
  55.30  25.20    5.0, 0 11 202  7 2024,    271.6792,     21.9741,    229.5956,      0.9185,   1205.7357,      0.0484,  67429.2411,      0.7656,     38.1700,     11.0753,    -61.7107,  282.8500,0.212240
 -87.63  41.88  181.0, 0  9  46  2 2024,    241.9236,     13.9535,     56.5770,      0.4177,    808.4364,      0.9855,  67837.4213,      1.2866,      7.0601,     38.9941,    172.8320,  241.9551,0.244956
  28.05 -26.20 1753.0, 0 15 105  4 2024,    235.5532,     17.8974,    251.3248,      0.3457,    624.1900,      0.1066,  96774.7889,      2.1110,     33.7940,    -25.7496,     70.1027,  238.7150,0.247548
  -0.13  51.51   11.0, 0  6  15  1 2024,    242.1079,      8.4543,      8.7223,      0.5202,    291.8810,      0.1651,  70132.7724,      4.8148,     31.7650,     -1.0693,    -53.1915,  243.7007,0.243559
  55.30  25.20    5.0, 0 12 355 12 2024,    272.3903,      9.5133,    260.8001,      0.7673,   1025.3399,      0.3297,  97954.6678,      4.1828,     29.3204,     42.6838,    -71.1966,  276.9253,0.216980
 103.82   1.35   15.0, 0  6  15  1 2024,    292.8313,      6.5003,      2.5714,      0.5780,     90.0107,      0.1010,  70586.7393,      0.7738,     56.8528,    -29.3266,     62.0595,  292.8313,0.204255
  28.05 -26.20 1753.0, 0  9 266  9 2024,    295.1067,     11.2746,     23.2083,      0.9618,   1152.3376,      0.4819,  77735.3082,      3.7793,     87.5305,    -42.3661,     14.0033,  295.1067,0.202435
 151.21 -33.87   39.0, 0  9  46  2 2024,    257.0729,      3.1904,     34.5573,      0.9603,    476.9293,      0.7414,  87818.6813,      1.5566,     13.9562,     41.5110,    -59.9042,  258.9824,0.231334
 -46.63 -23.55  760.0, 0 12  75  3 2024,    254.1161,      5.9984,    240.7119,      0.1419,    215.6978,      0.7774,  63272.6950,      4.2201,     30.4624,      2.7007,    -88.9653,  254.7673,0.234706
  28.05 -26.20 1753.0, 0  8 325 11 2024,    307.5351,     11.5611,     39.3554,      0.4090,   1256.8897,      0.0340,  89080.4614,      1.4508,      4.6166,    -15.9724,    -19.6832,  318.3829,0.183814
 -46.63 -23.55  760.0, 0  9 266  9 2024,    255.7658,     14.6946,    115.0114,      0.7186,    171.4218,      0.3208,  74425.1681,      3.2698,      9.2061,     -3.0363,    -64.4560,  256.5234,0.233301
  -0.13  51.51   11.0, 0 14 228  8 2024,    249.0644,     22.2465,     88.6653,      0.0388,    678.3408,      0.3669,  75207.6140,      4.8289,     46.7450,     42.8839,     92.3969,  250.6438,0.238005
 151.21 -33.87   39.0, 0  9  46  2 2024,    281.0799,     23.4951,    157.4412,      0.1837,    727.7590,      0.0774,  85391.0703,      4.4400,     55.1367,     39.4371,   -175.2606,  282.9681,0.212145
  55.30  25.20    5.0, 0  6  15  1 2024,    311.1487,      0.2715,    161.2447,      0.1809,    228.5385,      0.5457,  67120.3399,      4.3015,      3.7443,    -29.7461,   -154.4726,  311.1699,0.189584
 -87.63  41.88  181.0, 0  9  46  2 2024,    316.7194,     11.6810,     38.4618,      0.2515,   1208.2094,      0.1166,  62658.5404,      4.1676,     19.3194,    -42.7828,   -138.6890,  319.7409,0.182727
 103.82   1.35   15.0, 0 13 172  6 2024,    311.2955,      7.4786,    113.7192,      0.6255,   1331.1518,      0.4826,  78797.4821,      1.4232,     18.3296,     29.7303,   -104.3801,  321.0837,0.181653
 151.21 -33.87   39.0, 0 14 228  8 2024,    244.5718,      3.7173,    216.5252,      0.2459,    833.3147,      0.3254,  69204.9267,      4.5806,      7.8682,    -26.6315,    179.4739,  251.5305,0.237296
 -87.63  41.88  181.0, 0  8 325 11 2024,    236.6442,     21.6641,    199.3591,      0.2129,    741.6908,      0.5825,  71015.7508,      1.2149,     51.5042,    -18.6570,     68.1657,  236.6442,0.249205
-112.07  33.45  331.0, 0 11 202  7 2024,    269.3509,     19.2486,    100.4017,      0.0502,   1111.6491,      0.4115,  98626.5800,      0.7321,     20.2992,     38.5673,   -129.3654,  274.9938,0.218525
 151.21 -33.87   39.0, 0 12  75  3 2024,    310.2236,     11.5496,    236.0305,      0.1080,    834.4452,      0.5586,  63232.3364,      4.4191,     86.5336,     33.9016,     55.7456,  310.2236,0.190341
-112.07  33.45  331.0, 0 13 172  6 2024,    281.7897,     17.1982,    341.2430,      0.9293,   1072.9807,      0.3863,  95932.7671,      0.9304,     35.3438,    -26.9050,    -37.8187,  287.5228,0.208502
  55.30  25.20    5.0, 0  9 266  9 2024,    285.4868,     13.6274,    105.6037,      0.0940,    914.6441,      0.1346,  84129.7625,      2.9115,     52.3184,     36.6005,    -61.3717,  291.7695,0.205104
  28.05 -26.20 1753.0, 0 16 299 10 2024,    247.6544,     16.6215,     30.8161,      0.1471,   1227.4522,      0.5453,  90432.5655,      4.5285,     43.0621,    -27.7168,    163.7109,  249.8490,0.238641
-122.00  37.50   25.0, 0 16 299 10 2024,    252.1244,     22.2048,     58.5121,      0.7729,   1068.2515,      0.7399,  62395.4125,      4.5835,     72.1445,     -5.8021,   -162.9911,  252.1244,0.236821
  -0.13  51.51   11.0, 0 12 355 12 2024,    250.4617,     11.9592,     80.6009,      0.9631,    266.8008,      0.3149,  66004.3336,      2.9651,     48.8769,      5.9916,    153.3033,  250.4617,0.238151
 103.82   1.35   15.0, 0 12 355 12 2024,    256.6086,     17.3316,     59.2278,      0.2478,    139.3428,      0.3478,  92288.0812,      1.5208,     76.7972,      5.6082,     52.8502,  257.0335,0.232893
 103.82   1.35   15.0, 0 14 228  8 2024,    305.0500,      1.4503,    288.9670,      0.5939,   1078.4135,      0.2750,  90567.8709,      0.7610,      5.1023,    -26.4930,    120.1792,  326.4581,0.177354
 151.21 -33.87   39.0, 0 10 135  5 2024,    307.3317,     18.8161,     55.5125,      0.4926,    859.9290,      0.6691,  63916.0031,      4.0629,      6.0650,     27.1985,     34.1994,  308.1158,0.192027
-112.07  33.45  331.0, 0 12  75  3 2024,    283.0696,     16.0473,    133.7577,      0.1832,    692.2275,      0.1587,  63190.9949,      1.6912,     15.3171,     16.7615,     56.1071,  288.3758,0.207819
  28.05 -26.20 1753.0, 0  6  15  1 2024,    247.2283,     20.7371,    251.5962,      0.2100,   1168.1097,      0.9389,  74989.1029,      4.2564,     81.2556,     38.4809,   -123.2257,  247.4527,0.240558
