lon,lat,alt,minute,hour,day,month,year,T_amb,wind_speed,wind_dir,humidity,irradiance,cloud_cover,pressure,pv_height,pitch,roll,yaw,T_operating,eta,eta_mc_sigma
       25.0000,       23.5000,      200.0000,        0.0000,       11.0000,       90.0000,        3.0000,     2024.0000,      298.7224,       21.4537,       21.8520,        0.1980,      284.5754,        0.6151,    86057.9452,        4.7727,       31.8947,       33.9607,      -40.8899,  299.3247,0.199060,  2.8015E-05
      151.2100,      -33.8700,       39.0000,        0.0000,       12.0000,      172.0000,        6.0000,     2024.0000,      290.0148,        8.0666,      204.8209,        0.7590,      901.7201,        0.4641,    87928.3746,        1.7244,       38.5566,       -3.4635,       78.9384,  292.7829,0.204294,  7.6884E-06
     -122.0000,       37.5000,       25.0000,        0.0000,       12.0000,      172.0000,        6.0000,     2024.0000,      279.6646,        1.8818,      221.6300,        0.4872,     1248.5798,        0.1313,    90261.5668,        1.9364,       45.3968,       -9.9270,       56.7111,  303.9744,0.195341,  2.1598E-06
     -122.0000,       37.5000,       25.0000,        0.0000,       12.0000,      172.0000,        6.0000,     2024.0000,      293.4674,        1.0757,      352.6242,        0.6437,      868.7106,        0.1295,    96928.3418,        0.5565,       42.3570,        6.6464,       81.7437,  313.0801,0.188056,  1.4326E-06
      -68.0000,      -16.5000,     3600.0000,        0.0000,       12.0000,      172.0000,        6.0000,     2024.0000,      303.9990,       10.8196,      191.2842,        0.4119,     1031.8047,        0.0445,    70673.5434,        1.2332,        1.2643,      -27.9676,      -56.5296,  315.1443,0.186405,  9.1919E-06
      -18.0000,       65.0000,       52.0000,        0.0000,       10.0000,      355.0000,       12.0000,     2024.0000,      247.8679,       15.8733,      251.2039,        0.7148,      333.7926,        0.3107,    86939.8016,        0.9811,       73.2404,       27.0402,       20.5357,  249.5445,0.238884,  6.9833E-06
       55.3000,       25.2000,        5.0000,        0.0000,       10.0000,      280.0000,       10.0000,     2024.0000,      293.9723,        8.3251,       79.4215,        0.8375,      709.6071,        0.1426,    93467.3649,        4.4604,       23.7343,       11.7233,       36.6299,  300.0563,0.198475,  1.0210E-05
       25.0000,       23.5000,      200.0000,        0.0000,       11.0000,       90.0000,        3.0000,     2024.0000,      306.6772,       22.0407,      190.8148,        0.0188,       49.4345,        0.9438,   100752.5749,        4.5049,       46.8424,       15.5464,      -25.8288,  306.6934,0.193165,  2.2857E-05
     -112.0700,       33.4500,      331.0000,        0.0000,       13.0000,      200.0000,        7.0000,     2024.0000,      320.5103,        5.3806,      326.1333,        0.3247,      824.0047,        0.2066,    86805.7513,        1.2417,       52.6536,       -7.9485,      -30.5212,  330.3051,0.174276,  4.6843E-06
      103.8200,        1.3500,       15.0000,       30.0000,       14.0000,      120.0000,        4.0000,     2024.0000,      315.9405,        3.9298,      286.1186,        0.8157,      772.5011,        0.7069,    90501.6963,        2.4459,       28.0902,      -19.2293,      -50.6172,  317.9253,0.184180,  6.9567E-06
      103.8200,        1.3500,       15.0000,       30.0000,       14.0000,      120.0000,        4.0000,     2024.0000,      283.3082,        9.3167,       97.8810,        0.7158,      747.3547,        0.6171,   100302.3947,        2.0658,       21.6201,      -21.4889,       11.4481,  286.0454,0.209684,  8.9766E-06
     -122.0000,       37.5000,       25.0000,        0.0000,       12.0000,      172.0000,        6.0000,     2024.0000,      284.4110,        5.0498,      333.6407,        0.4696,      784.4327,        0.3550,    89619.1050,        3.0772,       42.9334,       -3.2384,      -17.4054,  292.9048,0.204196,  6.2395E-06
      103.8200,        1.3500,       15.0000,       30.0000,       14.0000,      120.0000,        4.0000,     2024.0000,      321.1548,        5.9544,       67.6946,        0.9425,      936.5029,        0.7509,    87971.7041,        2.5580,        5.7486,      -26.1758,     -101.6737,  324.0195,0.179304,  6.9217E-06
       55.3000,       25.2000,        5.0000,        0.0000,       10.0000,      280.0000,       10.0000,     2024.0000,      305.6053,        1.9117,      158.7092,        0.1823,      809.9985,        0.2473,    95924.4648,        2.2421,       25.1107,       26.6833,      100.1191,  312.2073,0.188754,  3.4044E-06
     -122.0000,       37.5000,       25.0000,        0.0000,       12.0000,      172.0000,        6.0000,     2024.0000,      306.4846,       10.7161,      319.5715,        0.6646,      940.6581,        0.1403,    92870.3321,        3.3989,        6.8242,      -30.9782,      -32.4766,  314.9360,0.186571,  1.0989E-05
       25.0000,       23.5000,      200.0000,        0.0000,       11.0000,       90.0000,        3.0000,     2024.0000,      281.8071,       19.7981,      202.0817,        0.0850,      232.1175,        0.4831,    87407.8015,        2.5609,       29.5978,      -15.9729,      -17.0846,  282.6479,0.212402,  2.0061E-05
      151.2100,      -33.8700,       39.0000,        0.0000,       12.0000,      172.0000,        6.0000,     2024.0000,      282.2916,        1.4346,      133.1501,        0.4024,      636.4267,        0.5831,    91660.0969,        2.4134,       68.2269,       -0.6404,      -59.0278,  282.2916,0.212687,  2.6335E-06
       25.0000,       23.5000,      200.0000,        0.0000,       11.0000,       90.0000,        3.0000,     2024.0000,      301.8344,       22.6985,        0.0667,        0.1748,      884.6742,        0.7497,    94561.0018,        3.1586,        1.1179,       -0.6817,      -61.4772,  303.1273,0.196018,  2.6836E-05
       -0.1300,       51.5100,       11.0000,        0.0000,        9.0000,       80.0000,        3.0000,     2024.0000,      296.4539,        9.5969,      160.6800,        0.6656,      944.9737,        0.0876,    89055.4089,        2.3563,       42.3379,       -8.9496,       45.7214,  299.4056,0.198996,  1.1813E-05
      151.2100,      -33.8700,       39.0000,        0.0000,       12.0000,      172.0000,        6.0000,     2024.0000,      316.6718,        2.8845,       71.8042,        0.6342,     1279.0313,        0.1717,    90789.9662,        2.6042,       34.4936,      -17.1244,      -29.5468,  317.4551,0.184556,  5.1141E-06
      -68.0000,      -16.5000,     3600.0000,        0.0000,       12.0000,      172.0000,        6.0000,     2024.0000,      256.4340,        5.5534,      317.1109,        0.3501,     1321.2796,        0.2855,    66730.1107,        0.8615,       35.5201,       14.0198,       84.9485,  269.4364,0.222971,  4.2424E-06
     -112.0700,       33.4500,      331.0000,        0.0000,       13.0000,      200.0000,        7.0000,     2024.0000,      314.6992,       10.2258,      207.6418,        0.0654,     1093.0162,        0.3228,    94458.0908,        2.9484,        0.9471,        4.7848,       89.2574,  323.7802,0.179496,  1.2645E-05
       55.3000,       25.2000,        5.0000,        0.0000,       10.0000,      280.0000,       10.0000,     2024.0000,      314.1651,        2.9543,      193.0775,        0.6559,     1357.1677,        0.3549,    87883.8511,        2.5803,       30.5088,        5.9693,        1.2533,  333.4124,0.171790,  3.6832E-06
       55.3000,       25.2000,        5.0000,        0.0000,       10.0000,      280.0000,       10.0000,     2024.0000,      286.8771,        3.6422,       89.2768,        0.1649,     1034.7864,        0.4273,    90573.7234,        4.0104,       24.1207,      -19.6623,      105.1769,  292.1136,0.204829,  5.6290E-06
     -112.0700,       33.4500,      331.0000,        0.0000,       13.0000,      200.0000,        7.0000,     2024.0000,      284.6538,       10.2530,      327.5659,        0.1542,     1284.7648,        0.0494,    99727.0495,        2.5004,       31.6749,       20.5576,     -107.1389,  294.5281,0.202898,  1.1457E-05
      -18.0000,       65.0000,       52.0000,        0.0000,       10.0000,      355.0000,       12.0000,     2024.0000,      254.4133,        4.5287,      115.3338,        0.6824,      173.1473,        0.7847,    88858.8774,        2.9533,       80.2039,       26.1007,       16.3692,  254.8797,0.234616,  6.1502E-06
     -112.0700,       33.4500,      331.0000,        0.0000,       13.0000,      200.0000,        7.0000,     2024.0000,      300.6487,        6.9680,      296.2092,        0.3966,     1067.8703,        0.2307,    96401.6892,        3.0346,       53.2031,      -21.9609,       26.3038,  310.7161,0.189947,  9.0655E-06
     -112.0700,       33.4500,      331.0000,        0.0000,       13.0000,      200.0000,        7.0000,     2024.0000,      306.6952,        4.3215,      339.7672,        0.0878,     1269.5237,        0.0778,    95448.9867,        1.8788,       53.2951,      -12.1756,      -88.9251,  317.0574,0.184874,  3.8635E-06
      -18.0000,       65.0000,       52.0000,        0.0000,       10.0000,      355.0000,       12.0000,     2024.0000,      259.4147,       16.3107,       54.6373,        0.8014,       44.3578,        0.7355,    90776.9060,        2.6358,       80.0845,        4.0359,      -50.4650,  259.5043,0.230917,  1.3472E-05
       25.0000,       23.5000,      200.0000,        0.0000,       11.0000,       90.0000,        3.0000,     2024.0000,      308.7671,       17.3101,      107.4327,        0.1594,      884.8904,        0.6017,    88990.4900,        3.8991,        6.6857,      -15.3680,       91.6450,  311.2069,0.189555,  1.8576E-05
      -18.0000,       65.0000,       52.0000,        0.0000,       10.0000,      355.0000,       12.0000,     2024.0000,      257.6898,       11.2676,      130.8031,        0.5828,      439.8548,        0.6981,    89680.1160,        1.4209,       86.4492,       16.6786,      -53.7472,  259.3702,0.231024,  8.6173E-06
      -68.0000,      -16.5000,     3600.0000,        0.0000,       12.0000,      172.0000,        6.0000,     2024.0000,      277.4213,       13.0206,      357.6587,        0.4490,     1281.2167,        0.3445,    63812.6158,        2.8890,       44.7100,        6.3417,       14.1145,  278.3243,0.215861,  1.3835E-05
       -0.1300,       51.5100,       11.0000,        0.0000,        9.0000,       80.0000,        3.0000,     2024.0000,      309.4397,        4.5612,      316.8108,        0.4733,      810.5947,        0.6379,    99086.3449,        1.5359,        9.3551,      -19.6125,       57.2059,  312.0343,0.188893,  5.0601E-06
       25.0000,       23.5000,      200.0000,        0.0000,       11.0000,       90.0000,        3.0000,     2024.0000,      300.6356,       15.5972,       27.8896,        0.4436,      775.2186,        0.4185,    89934.3926,        2.8995,       48.9736,        3.9953,       50.9171,  303.0522,0.196078,  1.8263E-05
       55.3000,       25.2000,        5.0000,        0.0000,       10.0000,      280.0000,       10.0000,     2024.0000,      313.6729,        9.3090,       78.7000,        0.6106,      742.0940,        0.0131,    95176.0916,        3.1727,       32.1183,      -30.8736,       12.1222,  320.6709,0.181983,  1.0083E-05
      -68.0000,      -16.5000,     3600.0000,        0.0000,       12.0000,      172.0000,        6.0000,     2024.0000,      269.1133,        0.0218,      275.8815,        0.3164,     1106.8883,        0.1610,    70132.7092,        0.5047,       39.8532,        9.2906,       48.1304,  279.6832,0.214773,  6.7437E-07
      -68.0000,      -16.5000,     3600.0000,        0.0000,       12.0000,      172.0000,        6.0000,     2024.0000,      278.1655,        0.4474,      317.4834,        0.0366,     1007.3267,        0.2336,    64618.5701,        1.2242,       12.4578,       23.2717,       26.9776,  293.6148,0.203628,  1.1540E-06
       55.3000,       25.2000,        5.0000,        0.0000,       10.0000,      280.0000,       10.0000,     2024.0000,      298.8898,        4.0487,      301.7341,        0.2649,     1360.0630,        0.3954,    97086.4628,        3.0404,        9.1572,       -8.2740,       31.6796,  312.0987,0.188841,  6.8995E-06
       55.3000,       25.2000,        5.0000,        0.0000,       10.0000,      280.0000,       10.0000,     2024.0000,      284.0652,        8.3703,      133.3370,        0.8315,     1353.9374,        0.2596,    87171.5812,        4.1056,        2.1868,      -28.6177,       44.4243,  293.3036,0.203877,  7.2704E-06
       55.3000,       25.2000,        5.0000,        0.0000,       10.0000,      280.0000,       10.0000,     2024.0000,      305.6198,        6.9310,      112.8037,        0.2267,      674.7098,        0.1668,    92224.3858,        1.6161,        6.6893,        7.2717,       46.1076,  313.7530,0.187518,  6.8818E-06
      -68.0000,      -16.5000,     3600.0000,        0.0000,       12.0000,      172.0000,        6.0000,     2024.0000,      283.4657,       15.1208,      226.4899,        0.3208,     1152.3807,        0.1880,    74010.4568,        3.5011,        4.2814,       12.3579,      -21.0139,  289.4154,0.206988,  1.8288E-05
      103.8200,        1.3500,       15.0000,       30.0000,       14.0000,      120.0000,        4.0000,     2024.0000,      309.7016,        3.9736,       59.3109,        0.6975,      995.1822,        0.9184,    95293.7492,        1.8945,       35.1984,      -16.1714,     -110.7224,  310.3977,0.190202,  4.6667E-06
       25.0000,       23.5000,      200.0000,        0.0000,       11.0000,       90.0000,        3.0000,     2024.0000,      280.0716,       16.6626,      161.3413,        0.4187,       92.7553,        0.9000,    88658.7206,        3.4079,        3.0227,        9.5060,      131.1358,  280.1382,0.214409,  1.7524E-05
      -18.0000,       65.0000,       52.0000,        0.0000,       10.0000,      355.0000,       12.0000,     2024.0000,      241.6500,        9.7466,       37.9364,        0.4579,      194.7751,        0.6223,    88322.3999,        2.4430,       78.9049,       -9.0879,      -42.9607,  242.5429,0.244486,  8.4543E-06
     -122.0000,       37.5000,       25.0000,        0.0000,       12.0000,      172.0000,        6.0000,     2024.0000,      315.9497,        9.6802,      312.5359,        0.1663,     1052.5808,        0.2578,    97229.1028,        3.4116,       13.1474,      -25.3219,     -104.5115,  324.8032,0.178677,  1.2008E-05
       55.3000,       25.2000,        5.0000,        0.0000,       10.0000,      280.0000,       10.0000,     2024.0000,      284.3345,        7.6821,      268.6449,        0.3678,     1075.9524,        0.1103,    96160.0729,        3.3101,       11.5951,       14.7547,      -67.4797,  296.2753,0.201500,  1.0061E-05
      151.2100,      -33.8700,       39.0000,        0.0000,       12.0000,      172.0000,        6.0000,     2024.0000,      314.5851,        1.0622,      199.0942,        0.6078,      551.8451,        0.2917,    92039.7555,        1.3987,       66.1178,      -16.4393,       96.4610,  318.4538,0.183757,  1.8907E-06
      151.2100,      -33.8700,       39.0000,        0.0000,       12.0000,      172.0000,        6.0000,     2024.0000,      283.2420,        5.2484,       51.7970,        0.3153,      776.8363,        0.4679,    89729.6429,        1.6257,       67.5125,      -13.7270,      -76.1967,  283.4295,0.211776,  5.1707E-06
       55.3000,       25.2000,        5.0000,        0.0000,       10.0000,      280.0000,       10.0000,     2024.0000,      298.0336,        7.1273,      114.3054,        0.7184,     1103.8498,        0.2551,    99580.5162,        3.6198,       39.8465,       26.6320,       67.4952,  302.5705,0.196464,  1.0449E-05
      103.8200,        1.3500,       15.0000,       30.0000,       14.0000,      120.0000,        4.0000,     2024.0000,      319.4545,        0.2035,      100.8837,        0.7348,      855.9664,        0.7486,    89548.2480,        0.5146,       11.2805,       -7.5641,     -114.3297,  324.9473,0.178562,  1.0355E-06
      103.8200,        1.3500,       15.0000,       30.0000,       14.0000,      120.0000,        4.0000,     2024.0000,      302.5955,        1.4761,       77.7640,        0.6632,      732.4116,        0.8353,    99061.2975,        2.3445,       10.7503,      -14.3719,       90.5462,  305.6395,0.194008,  2.9332E-06
       55.3000,       25.2000,        5.0000,        0.0000,       10.0000,      280.0000,       10.0000,     2024.0000,      275.3344,        1.3900,      156.8106,        0.8324,     1237.7811,        0.3373,    91567.7070,        4.0972,        6.0405,      -22.1201,       56.7334,  290.7392,0.205929,  3.1222E-06
      -68.0000,      -16.5000,     3600.0000,        0.0000,       12.0000,      172.0000,        6.0000,     2024.0000,      265.7442,        3.9334,      298.5384,        0.0931,     1092.3671,        0.1808,    67047.0496,        2.6873,        6.3238,      -21.1591,       46.1739,  278.5798,0.215656,  5.3281E-06
      -18.0000,       65.0000,       52.0000,        0.0000,       10.0000,      355.0000,       12.0000,     2024.0000,      235.7926,       11.6299,      177.0796,        0.8270,       18.6260,        0.4319,    89331.6318,        2.7517,       80.1372,       31.2941,       77.1391,  235.7926,0.249886,  1.1687E-05
       55.3000,       25.2000,        5.0000,        0.0000,       10.0000,      280.0000,       10.0000,     2024.0000,      322.1403,        9.4371,      201.5049,        0.6261,     1293.5672,        0.2537,    92343.2246,        4.5453,       13.9640,        4.3092,      -68.5452,  333.6242,0.171621,  1.3193E-05
       55.3000,       25.2000,        5.0000,        0.0000,       10.0000,      280.0000,       10.0000,     2024.0000,      313.9764,        9.2969,      123.8701,        0.3340,      665.3367,        0.1921,    98508.5767,        3.0794,       25.3967,       12.0546,       -5.9593,  320.3760,0.182219,  1.3592E-05
       55.3000,       25.2000,        5.0000,        0.0000,       10.0000,      280.0000,       10.0000,     2024.0000,      279.4215,        6.2861,      101.2151,        0.5105,     1305.3597,        0.1497,    87334.1146,        2.0101,       14.9910,        7.2604,        1.6510,  297.0864,0.200851,  7.5836E-06
      103.8200,        1.3500,       15.0000,       30.0000,       14.0000,      120.0000,        4.0000,     2024.0000,      280.2341,        7.4319,      271.2773,        0.6686,     1221.4245,        0.6896,    89512.0178,        1.6912,       10.2415,      -27.1002,      -97.7034,  284.4001,0.211000,  7.4601E-06
      -18.0000,       65.0000,       52.0000,        0.0000,       10.0000,      355.0000,       12.0000,     2024.0000,      242.0163,       14.4871,      256.2091,        0.9287,      240.4116,        0.5013,    93171.9237,        2.9125,       60.9837,       -7.1043,      -22.4704,  242.9371,0.244170,  1.4242E-05
       -0.1300,       51.5100,       11.0000,        0.0000,        9.0000,       80.0000,        3.0000,     2024.0000,      254.2691,        4.6520,      326.0652,        0.4539,      328.4306,        0.6422,   100478.6288,        1.8165,       52.9280,      -24.1264,       53.4177,  254.4441,0.234965,  4.2801E-06
       -0.1300,       51.5100,       11.0000,        0.0000,        9.0000,       80.0000,        3.0000,     2024.0000,      267.1403,        4.9632,      189.2229,        0.4196,      867.1574,        0.6541,    98003.1464,        2.9416,       38.5067,       -1.0831,       43.7693,  268.7743,0.223501,  7.1822E-06
       25.0000,       23.5000,      200.0000,        0.0000,       11.0000,       90.0000,        3.0000,     2024.0000,      291.8439,       14.9113,      130.5867,        0.4037,      790.7654,        0.4732,    91679.8660,        4.3770,       41.3334,       33.5506,       44.6264,  294.1334,0.203213,  2.1080E-05
      103.8200,        1.3500,       15.0000,       30.0000,       14.0000,      120.0000,        4.0000,     2024.0000,      279.3945,        3.5676,      198.6827,        0.7736,      570.2321,        0.9718,    87118.5431,        1.3882,       18.1588,       -7.4796,     -101.2273,  279.6321,0.214814,  3.6280E-06
       25.0000,       23.5000,      200.0000,        0.0000,       11.0000,       90.0000,        3.0000,     2024.0000,      318.1328,       20.2534,       47.7539,        0.2545,      380.7358,        0.9152,    99116.2640,        3.9247,       17.4776,        5.9804,      -62.4754,  318.3598,0.183832,  2.5370E-05
     -112.0700,       33.4500,      331.0000,        0.0000,       13.0000,      200.0000,        7.0000,     2024.0000,      302.0329,        2.5509,      290.5470,        0.0205,     1009.0391,        0.0349,    87946.8841,        3.2158,       14.9018,       -5.5578,       90.7631,  326.6813,0.177175,  5.6226E-06
       25.0000,       23.5000,      200.0000,        0.0000,       11.0000,       90.0000,        3.0000,     2024.0000,      321.1128,       14.0652,       52.3533,        0.2224,      583.6961,        0.6611,    95458.5784,        3.6541,       59.0341,       13.2500,      107.8143,  321.4420,0.181366,  1.9495E-05
      151.2100,      -33.8700,       39.0000,        0.0000,       12.0000,      172.0000,        6.0000,     2024.0000,      282.2628,        2.3923,      191.2061,        0.3940,      640.5485,        0.1765,    98672.8535,        1.4474,       64.3503,       -8.6723,      -51.7865,  282.2628,0.212710,  2.6233E-06
       55.3000,       25.2000,        5.0000,        0.0000,       10.0000,      280.0000,       10.0000,     2024.0000,      292.8206,       10.8674,      171.9131,        0.5402,     1347.6625,        0.3905,    99813.7607,        1.5322,        1.3982,        2.1146,      -53.7320,  302.3228,0.196662,  1.0391E-05
       55.3000,       25.2000,        5.0000,        0.0000,       10.0000,      280.0000,       10.0000,     2024.0000,      295.2310,        2.1017,       62.7929,        0.7880,     1083.6268,        0.1185,    96753.2753,        2.7976,       48.8253,       16.2970,       71.8317,  301.0042,0.197717,  3.1558E-06
     -122.0000,       37.5000,       25.0000,        0.0000,       12.0000,      172.0000,        6.0000,     2024.0000,      314.6233,        3.3754,      179.6012,        0.5920,     1157.5608,        0.1911,    96750.1361,        3.2004,       37.2133,        9.5074,       -2.9713,  335.0040,0.170517,  6.4000E-06
       25.0000,       23.5000,      200.0000,        0.0000,       11.0000,       90.0000,        3.0000,     2024.0000,      320.7787,       17.1033,      191.2757,        0.1827,      517.2735,        0.3978,    96849.5967,        4.4605,        9.0863,        7.3055,      -48.3100,  323.2875,0.179890,  1.7692E-05
     -112.0700,       33.4500,      331.0000,        0.0000,       13.0000,      200.0000,        7.0000,     2024.0000,      307.7837,        8.5840,      267.1356,        0.3598,     1127.2653,        0.2421,    86781.0397,        1.6339,        0.6668,      -15.2534,       14.2487,  321.9418,0.180967,  6.3359E-06
      103.8200,        1.3500,       15.0000,       30.0000,       14.0000,      120.0000,        4.0000,     2024.0000,      283.8255,       10.0753,      110.4617,        0.8681,      757.6388,        0.9907,    89981.2767,        1.6959,       16.5967,       30.2279,       24.6395,  283.8962,0.211403,  8.4899E-06
       -0.1300,       51.5100,       11.0000,        0.0000,        9.0000,       80.0000,        3.0000,     2024.0000,      303.1950,        7.1044,      227.7809,        0.3614,     1079.2412,        0.4288,    95604.4356,        2.7244,       36.1103,      -26.5713,      -29.4639,  310.8822,0.189814,  1.0461E-05
      103.8200,        1.3500,       15.0000,       30.0000,       14.0000,      120.0000,        4.0000,     2024.0000,      289.3911,        9.7043,       77.8016,        0.6402,      852.2438,        0.8517,    91844.2511,        0.5830,       22.2492,      -11.8118,      -46.7016,  290.6339,0.206013,  4.5760E-06
       25.0000,       23.5000,      200.0000,        0.0000,       11.0000,       90.0000,        3.0000,     2024.0000,      316.3474,       17.1298,       53.7548,        0.2551,      643.9540,        0.7368,    90610.3918,        3.2102,       20.3332,       31.0444,      -87.2301,  317.4992,0.184521,  2.8258E-05
       -0.1300,       51.5100,       11.0000,        0.0000,        9.0000,       80.0000,        3.0000,     2024.0000,      283.6356,        3.0450,      249.8821,        0.9611,      939.0971,        0.7239,    88376.2864,        2.4503,       44.5368,       -7.0714,      -26.9683,  289.2320,0.207134,  5.0080E-06
       -0.1300,       51.5100,       11.0000,        0.0000,        9.0000,       80.0000,        3.0000,     2024.0000,      289.2950,       13.4890,      160.3769,        0.7570,      500.7360,        0.5283,    99677.6905,        0.7481,       18.0983,        8.1593,       12.7890,  291.2963,0.205483,  8.9676E-06
      151.2100,      -33.8700,       39.0000,        0.0000,       12.0000,      172.0000,        6.0000,     2024.0000,      314.6076,        7.2077,      201.3718,        0.7532,     1035.6131,        0.4984,    94068.4766,        0.8323,       73.9044,      -28.4224,      -38.1859,  314.6076,0.186834,  6.3651E-06
       25.0000,       23.5000,      200.0000,        0.0000,       11.0000,       90.0000,        3.0000,     2024.0000,      286.5774,       18.0600,      107.3165,        0.1387,      338.4272,        0.4708,    94568.8242,        4.9903,       36.7084,       13.9925,      -67.8409,  287.8457,0.208243,  1.7662E-05
       -0.1300,       51.5100,       11.0000,        0.0000,        9.0000,       80.0000,        3.0000,     2024.0000,      279.7489,       11.8771,      331.0181,        0.9012,      466.5621,        0.4828,    88521.4327,        2.9840,       16.8346,      -18.3829,       81.2071,  280.3465,0.214243,  8.7193E-06
      -18.0000,       65.0000,       52.0000,        0.0000,       10.0000,      355.0000,       12.0000,     2024.0000,      240.9129,       11.7426,      163.2286,        0.4844,      388.2100,        0.9482,    90649.7560,        1.0032,       75.1108,      -26.4096,       11.9811,  241.1219,0.245622,  7.4293E-06
     -122.0000,       37.5000,       25.0000,        0.0000,       12.0000,      172.0000,        6.0000,     2024.0000,      288.5898,        5.1379,      258.4767,        0.1685,     1071.6970,        0.1313,    95279.9630,        0.5150,       57.0791,       -3.8169,       42.7423,  305.6569,0.193994,  3.5688E-06
     -112.0700,       33.4500,      331.0000,        0.0000,       13.0000,      200.0000,        7.0000,     2024.0000,      317.1192,        8.8787,      285.5623,        0.0506,     1356.1579,        0.0054,    87349.8097,        3.6176,       18.2288,        3.8044,      -81.0809,  333.3940,0.171805,  1.5412E-05
     -112.0700,       33.4500,      331.0000,        0.0000,       13.0000,      200.0000,        7.0000,     2024.0000,      283.9267,        5.2462,      341.7111,        0.1996,      886.0545,        0.2687,    93940.7809,        4.0315,        8.1740,       24.7811,       44.8942,  294.9479,0.202562,  7.0454E-06
       -0.1300,       51.5100,       11.0000,        0.0000,        9.0000,       80.0000,        3.0000,     2024.0000,      283.7681,       10.4076,      197.8687,        0.6824,      870.8316,        0.4251,    95557.9050,        2.6139,       60.9569,        0.6225,      124.7807,  283.7681,0.211506,  1.2178E-05
       -0.1300,       51.5100,       11.0000,        0.0000,        9.0000,       80.0000,        3.0000,     2024.0000,      306.7066,        2.4314,      226.6074,        0.9604,      617.4614,        0.5080,    97844.3171,        2.3217,       38.8092,       -3.1307,      -64.1373,  314.0795,0.187256,  4.3241E-06
      151.2100,      -33.8700,       39.0000,        0.0000,       12.0000,      172.0000,        6.0000,     2024.0000,      279.7106,        2.6617,      154.5127,        0.3238,      861.4524,        0.1011,    95522.1217,        1.3760,       26.2557,        6.6626,       13.0970,  282.3611,0.212631,  2.4021E-06
      151.2100,      -33.8700,       39.0000,        0.0000,       12.0000,      172.0000,        6.0000,     2024.0000,      271.4793,        6.4143,        6.1069,        0.6953,     1165.7792,        0.1155,    87495.5863,        1.1615,       40.3183,       29.2213,       59.3332,  274.0993,0.219241,  5.0296E-06
      -18.0000,       65.0000,       52.0000,        0.0000,       10.0000,      355.0000,       12.0000,     2024.0000,      247.4186,       14.2735,       78.2590,        0.5361,       84.3529,        0.7964,    90327.4023,        1.9591,       59.2786,       30.8569,       11.5908,  247.5251,0.240500,  1.1129E-05
      151.2100,      -33.8700,       39.0000,        0.0000,       12.0000,      172.0000,        6.0000,     2024.0000,      306.2814,       10.7134,      168.0824,        0.7601,      920.1707,        0.4028,    98778.3603,        1.3425,       26.7817,       -3.2398,       21.2199,  307.4414,0.192567,  9.5112E-06
       25.0000,       23.5000,      200.0000,        0.0000,       11.0000,       90.0000,        3.0000,     2024.0000,      286.8427,       23.5643,      169.5387,        0.3009,      314.0212,        0.9209,    94446.5358,        4.5961,        9.5537,       12.8451,       29.1752,  286.9778,0.208938,  2.3753E-05
       25.0000,       23.5000,      200.0000,        0.0000,       11.0000,       90.0000,        3.0000,     2024.0000,      315.8199,       18.3087,      123.7127,        0.3527,      630.4433,        0.3656,    86094.3083,        3.1984,       41.7914,        0.3049,     -105.5854,  318.2985,0.183881,  2.5971E-05
     -112.0700,       33.4500,      331.0000,        0.0000,       13.0000,      200.0000,        7.0000,     2024.0000,      286.3008,        3.6411,      203.3221,        0.1969,     1169.9332,        0.1738,    89089.4290,        2.0435,       29.4915,       21.1989,       13.4143,  307.4340,0.192573,  4.3271E-06
     -122.0000,       37.5000,       25.0000,        0.0000,       12.0000,      172.0000,        6.0000,     2024.0000,      298.0677,        7.6570,      145.4934,        0.2828,     1296.5698,        0.2655,    87273.6318,        1.2924,       53.8588,       27.4485,     -112.5506,  306.5528,0.193278,  7.9087E-06
      -68.0000,      -16.5000,     3600.0000,        0.0000,       12.0000,      172.0000,        6.0000,     2024.0000,      284.4510,        6.3805,      274.3620,        0.0362,     1165.9430,        0.2098,    75840.9477,        3.1077,       37.4134,        3.0454,      -75.0950,  292.4435,0.204565,  7.2104E-06
      151.2100,      -33.8700,       39.0000,        0.0000,       12.0000,      172.0000,        6.0000,     2024.0000,      319.4581,        1.1256,      202.8601,        0.3990,      436.5113,        0.2183,    87368.2875,        2.3853,       68.5245,        0.2924,      117.2975,  325.4768,0.178139,  2.6397E-06
      151.2100,      -33.8700,       39.0000,        0.0000,       12.0000,      172.0000,        6.0000,     2024.0000,      265.0569,        2.9257,       93.9357,        0.2362,      558.0554,        0.2570,    89738.6927,        1.1436,       83.8039,       -5.3668,      120.3466,  270.6204,0.222024,  2.8417E-06
      -68.0000,      -16.5000,     3600.0000,        0.0000,       12.0000,      172.0000,        6.0000,     2024.0000,      247.0203,        5.3142,      148.6818,        0.0496,      988.6045,        0.3137,    73778.0456,        1.9210,       12.8478,      -17.6026,     -100.8651,  257.2811,0.232695,  5.5785E-06
       25.0000,       23.5000,      200.0000,        0.0000,       11.0000,       90.0000,        3.0000,     2024.0000,      300.3017,       23.8687,       24.3328,        0.4373,      850.3875,        0.5099,    86885.5080,        3.2188,       46.8992,        7.1147,      -74.2109,  302.4814,0.196535,  2.8940E-05
     -122.0000,       37.5000,       25.0000,        0.0000,       12.0000,      172.0000,        6.0000,     2024.0000,      308.7190,        6.1337,      347.4539,        0.4665,      780.7252,        0.3428,    89271.1455,        2.9441,       36.6937,        6.1759,       96.3390,  315.6921,0.185966,  8.0993E-06
      151.2100,      -33.8700,       39.0000,        0.0000,       12.0000,      172.0000,        6.0000,     2024.0000,      276.2619,        0.7534,       47.2946,        0.2983,      596.5409,        0.5410,    91047.8044,        1.5931,       83.5411,      -10.4051,       83.4569,  276.2619,0.217510,  1.6108E-06
      -68.0000,      -16.5000,     3600.0000,        0.0000,       12.0000,      172.0000,        6.0000,     2024.0000,      266.2687,        2.1877,      259.6232,        0.4184,      897.5855,        0.2038,    61542.5693,        2.9270,       37.4608,       -5.5852,      -26.4177,  270.9766,0.221739,  3.9179E-06
       -0.1300,       51.5100,       11.0000,        0.0000,        9.0000,       80.0000,        3.0000,     2024.0000,      313.5317,       13.2281,      189.9013,        0.6382,      764.3576,        0.4601,    94247.8489,        1.5043,        8.5048,       21.7578,        2.8635,  316.2125,0.185550,  1.0528E-05
       25.0000,       23.5000,      200.0000,        0.0000,       11.0000,       90.0000,        3.0000,     2024.0000,      286.3672,       20.0114,      201.2659,        0.4430,      701.9976,        0.7940,    88241.4521,        3.6525,       44.4025,        3.1945,       62.6677,  286.9697,0.208944,  2.3870E-05
      151.2100,      -33.8700,       39.0000,        0.0000,       12.0000,      172.0000,        6.0000,     2024.0000,      313.8085,        7.0930,       24.9099,        0.6789,      942.6326,        0.0595,    91593.9213,        2.5696,       69.0758,       30.3679,       53.1798,  313.8085,0.187473,  9.5718E-06
     -122.0000,       37.5000,       25.0000,        0.0000,       12.0000,      172.0000,        6.0000,     2024.0000,      313.8521,        1.2717,      166.7977,        0.4423,      769.9106,        0.4327,   100778.1614,        2.9890,       53.9098,      -16.7260,      -11.1389,  323.4921,0.179726,  3.3252E-06
      -18.0000,       65.0000,       52.0000,        0.0000,       10.0000,      355.0000,       12.0000,     2024.0000,      244.3118,       16.2604,      189.5434,        0.6066,      526.3504,        0.9302,    99269.7688,        1.8684,       69.4207,        1.3722,       11.9671,  244.5746,0.242860,  1.3661E-05
      -68.0000,      -16.5000,     3600.0000,        0.0000,       12.0000,      172.0000,        6.0000,     2024.0000,      276.1084,        6.3561,      274.9490,        0.3561,      946.0903,        0.0491,    65421.0012,        1.8334,       12.7780,       -8.2311,      -38.6874,  287.3120,0.208670,  6.8121E-06
       -0.1300,       51.5100,       11.0000,        0.0000,        9.0000,       80.0000,        3.0000,     2024.0000,      292.3979,       10.1310,      179.0728,        0.9116,     1203.9411,        0.3154,    89705.6275,        1.0408,       51.4310,       -0.2197,       10.6517,  301.3024,0.197478,  7.2756E-06
     -112.0700,       33.4500,      331.0000,        0.0000,       13.0000,      200.0000,        7.0000,     2024.0000,      316.0659,        2.5123,      274.9098,        0.1817,      865.4567,        0.0877,    85906.3461,        3.1510,       36.2798,       23.3943,       88.4166,  333.4788,0.171737,  4.6902E-06
       25.0000,       23.5000,      200.0000,        0.0000,       11.0000,       90.0000,        3.0000,     2024.0000,      293.3617,       16.2095,      194.6847,        0.0437,      479.4478,        0.5776,    85784.1770,        3.3002,       57.0472,       35.6649,      -32.7957,  294.5485,0.202881,  2.1006E-05
       25.0000,       23.5000,      200.0000,        0.0000,       11.0000,       90.0000,        3.0000,     2024.0000,      307.3181,       16.8713,      174.7472,        0.0126,      311.8880,        0.6311,    93564.9543,        3.7217,       46.5434,      -11.9754,       53.3105,  307.9006,0.192199,  2.2284E-05
      -68.0000,      -16.5000,     3600.0000,        0.0000,       12.0000,      172.0000,        6.0000,     2024.0000,      243.6542,       15.0884,      236.6730,        0.2175,     1161.1761,        0.2783,    74464.2254,        3.4694,        2.5624,       12.4847,     -111.6416,  249.1430,0.239206,  1.5786E-05
       55.3000,       25.2000,        5.0000,        0.0000,       10.0000,      280.0000,       10.0000,     2024.0000,      295.4531,        6.6673,       75.0969,        0.5450,      727.9954,        0.3815,    96764.8675,        2.5052,        3.5762,      -23.5384,       20.0417,  300.8670,0.197826,  7.2038E-06
      151.2100,      -33.8700,       39.0000,        0.0000,       12.0000,      172.0000,        6.0000,     2024.0000,      267.9783,        9.9226,      145.0142,        0.5530,      780.7667,        0.3167,    98788.4139,        1.9985,       84.5836,       13.0922,       46.1178,  267.9783,0.224137,  7.6303E-06
      103.8200,        1.3500,       15.0000,       30.0000,       14.0000,      120.0000,        4.0000,     2024.0000,      279.0649,        7.3710,      266.7914,        0.7488,      604.5500,        0.6171,    98395.5732,        2.2200,       33.3572,       11.3852,       24.4047,  281.6249,0.213220,  6.2347E-06
     -122.0000,       37.5000,       25.0000,        0.0000,       12.0000,      172.0000,        6.0000,     2024.0000,      306.8684,        6.9404,      168.9381,        0.5468,      727.0496,        0.2294,    88774.5126,        2.0775,       24.1451,      -12.5664,      -93.7473,  315.8698,0.185824,  7.5244E-06
      -18.0000,       65.0000,       52.0000,        0.0000,       10.0000,      355.0000,       12.0000,     2024.0000,      259.9784,       18.9111,      163.7886,        0.9878,      626.3739,        0.7437,    95172.6990,        2.0296,       86.0315,      -10.8174,       73.5027,  259.9784,0.230537,  1.7021E-05
      151.2100,      -33.8700,       39.0000,        0.0000,       12.0000,      172.0000,        6.0000,     2024.0000,      280.3945,       10.2009,       51.6422,        0.2901,      970.0468,        0.0068,    95930.6514,        2.4434,       46.2946,      -13.8743,        1.7351,  280.3945,0.214204,  9.7814E-06
     -112.0700,       33.4500,      331.0000,        0.0000,       13.0000,      200.0000,        7.0000,     2024.0000,      285.2465,        6.8906,      250.8178,        0.0878,     1298.4973,        0.0731,    97325.8965,        4.0298,       23.5224,       -4.5455,       83.9953,  304.5552,0.194876,  8.7335E-06
       25.0000,       23.5000,      200.0000,        0.0000,       11.0000,       90.0000,        3.0000,     2024.0000,      306.4156,       24.9468,      112.9912,        0.0103,      727.9221,        0.7376,    96138.0191,        3.5272,       28.2097,       12.7956,       81.3020,  307.1840,0.192773,  3.5209E-05
     -122.0000,       37.5000,       25.0000,        0.0000,       12.0000,      172.0000,        6.0000,     2024.0000,      289.7814,        4.7224,      350.1319,        0.4913,     1313.0085,        0.2900,   100474.4725,        1.8934,       39.6727,       -2.5683,      -52.2427,  307.7176,0.192346,  4.5245E-06
      -68.0000,      -16.5000,     3600.0000,        0.0000,       12.0000,      172.0000,        6.0000,     2024.0000,      264.4418,       14.7245,      350.2160,        0.2188,     1095.7221,        0.3655,    63563.4319,        2.2811,        6.6322,       14.3095,     -113.6953,  269.8068,0.222675,  1.7417E-05
     -122.0000,       37.5000,       25.0000,        0.0000,       12.0000,      172.0000,        6.0000,     2024.0000,      295.3857,        8.7450,      288.7689,        0.4182,      872.1489,        0.0422,    88004.5848,        1.0882,       14.6824,       -7.6844,       44.4550,  311.3778,0.189418,  5.7922E-06
       25.0000,       23.5000,      200.0000,        0.0000,       11.0000,       90.0000,        3.0000,     2024.0000,      322.7109,       18.0921,      123.7215,        0.4489,      773.6124,        0.4699,    88831.5465,        3.1704,        8.3172,       41.4382,      -71.0369,  325.0591,0.178473,  2.2293E-05
     -122.0000,       37.5000,       25.0000,        0.0000,       12.0000,      172.0000,        6.0000,     2024.0000,      318.9658,        9.4699,      189.2905,        0.1497,      932.0876,        0.0757,    88312.0662,        2.9604,        0.9780,      -25.5533,      -98.5750,  329.3281,0.175057,  1.1266E-05
       55.3000,       25.2000,        5.0000,        0.0000,       10.0000,      280.0000,       10.0000,     2024.0000,      293.7132,        1.3040,      203.9057,        0.5686,      720.1873,        0.2602,   100945.0327,        1.5801,        1.5779,       23.7033,     -120.1740,  305.2088,0.194353,  2.0236E-06
      -68.0000,      -16.5000,     3600.0000,        0.0000,       12.0000,      172.0000,        6.0000,     2024.0000,      300.1907,        7.8458,      348.3739,        0.3083,     1140.9059,        0.0287,    60745.9835,        1.2777,       22.6570,        6.2575,      -88.3586,  315.7538,0.185917,  5.5690E-06
      103.8200,        1.3500,       15.0000,       30.0000,       14.0000,      120.0000,        4.0000,     2024.0000,      287.3091,        5.5918,      244.5189,        0.9718,      740.2951,        0.6521,    93386.6618,        1.4188,       31.1902,      -11.2416,      -86.3921,  289.2976,0.207082,  4.7650E-06
      -68.0000,      -16.5000,     3600.0000,        0.0000,       12.0000,      172.0000,        6.0000,     2024.0000,      269.8961,        0.7747,      166.9982,        0.1166,     1224.1183,        0.1152,    72936.2895,        3.1589,       35.6119,       10.9077,      -91.0098,  290.4590,0.206153,  2.5022E-06
       55.3000,       25.2000,        5.0000,        0.0000,       10.0000,      280.0000,       10.0000,     2024.0000,      276.5863,       10.3915,      235.8755,        0.1523,      863.8024,        0.2372,   100824.0873,        4.3342,        8.2917,       -4.5407,       89.7524,  281.7890,0.213089,  1.1803E-05
      151.2100,      -33.8700,       39.0000,        0.0000,       12.0000,      172.0000,        6.0000,     2024.0000,      310.6709,        4.5857,      205.3381,        0.8265,     1321.2784,        0.4838,    91749.8864,        1.0030,       68.7654,       27.3421,      119.4364,  320.0540,0.182477,  3.7891E-06
     -112.0700,       33.4500,      331.0000,        0.0000,       13.0000,      200.0000,        7.0000,     2024.0000,      290.9663,       10.6478,      237.5324,        0.3710,     1208.1915,        0.0574,    91350.1900,        2.9354,       21.6264,       31.0075,      -13.9857,  302.0940,0.196845,  1.2215E-05
       55.3000,       25.2000,        5.0000,        0.0000,       10.0000,      280.0000,       10.0000,     2024.0000,      290.5188,        5.0075,      276.1327,        0.3438,     1143.4205,        0.3896,   100600.9516,        3.7188,       26.1515,       -2.9048,      -88.2877,  302.5722,0.196462,  6.9606E-06
       25.0000,       23.5000,      200.0000,        0.0000,       11.0000,       90.0000,        3.0000,     2024.0000,      290.0708,       24.8657,      174.0365,        0.0157,      368.9552,        0.7362,    93457.8666,        4.8735,       54.8263,      -19.0846,     -113.6567,  290.3944,0.206204,  2.8977E-05
      151.2100,      -33.8700,       39.0000,        0.0000,       12.0000,      172.0000,        6.0000,     2024.0000,      314.2133,        0.2155,      184.9582,        0.8263,     1197.9593,        0.1120,    86848.9091,        1.5948,       80.3905,      -17.2158,       80.5434,  314.2133,0.187149,  1.6946E-06
       -0.1300,       51.5100,       11.0000,        0.0000,        9.0000,       80.0000,        3.0000,     2024.0000,      274.5387,       12.6457,      106.4187,        0.9523,      367.8098,        0.0643,    93321.9719,        3.0066,       30.0001,       20.5728,       48.1955,  275.5350,0.218092,  1.5704E-05
      151.2100,      -33.8700,       39.0000,        0.0000,       12.0000,      172.0000,        6.0000,     2024.0000,      285.6939,        0.1272,        1.8536,        0.8581,     1245.6452,        0.1063,    99605.1323,        2.3540,       48.8153,       26.8785,       81.4782,  294.5963,0.202843,  1.3260E-06
       25.0000,       23.5000,      200.0000,        0.0000,       11.0000,       90.0000,        3.0000,     2024.0000,      315.8235,       13.5572,      161.0566,        0.2356,      118.9231,        0.9528,    87733.9715,        3.9838,       32.1966,       32.5482,      127.4259,  315.8503,0.185840,  1.5530E-05
      103.8200,        1.3500,       15.0000,       30.0000,       14.0000,      120.0000,        4.0000,     2024.0000,      309.1207,        9.5713,      241.9406,        0.9740,      873.4892,        0.6453,    96083.1747,        1.9072,       40.4090,       21.6365,       -2.5110,  311.0372,0.189690,  1.0485E-05
     -112.0700,       33.4500,      331.0000,        0.0000,       13.0000,      200.0000,        7.0000,     2024.0000,      316.6146,        7.3935,      208.2322,        0.4103,      996.2090,        0.2728,    93752.3387,        3.3542,       21.2076,        9.9763,     -106.4531,  325.6431,0.178005,  8.9195E-06
      103.8200,        1.3500,       15.0000,       30.0000,       14.0000,      120.0000,        4.0000,     2024.0000,      310.8215,        3.5352,      192.2404,        0.8847,      919.8283,        0.6611,    87454.5691,        2.4785,       14.7830,      -20.9692,       35.1006,  316.3284,0.185457,  6.4809E-06
      -18.0000,       65.0000,       52.0000,        0.0000,       10.0000,      355.0000,       12.0000,     2024.0000,      260.2970,        5.0847,      221.2083,        0.5768,      660.5266,        0.3060,    85287.1454,        1.0672,       54.4722,       -5.4820,       -2.0095,  268.3625,0.223830,  3.4198E-06
       55.3000,       25.2000,        5.0000,        0.0000,       10.0000,      280.0000,       10.0000,     2024.0000,      305.5784,       11.6152,      109.4311,        0.2001,     1244.6905,        0.0468,    92591.3591,        1.4745,       18.5283,       26.4888,      -68.3566,  320.1017,0.182439,  1.1072E-05
       25.0000,       23.5000,      200.0000,        0.0000,       11.0000,       90.0000,        3.0000,     2024.0000,      307.6308,       22.6300,        2.5980,        0.2038,      931.1582,        0.5684,    92924.3434,        3.2685,       43.1815,       14.3426,      -30.9954,  310.0017,0.190519,  2.7780E-05
       25.0000,       23.5000,      200.0000,        0.0000,       11.0000,       90.0000,        3.0000,     2024.0000,      314.1589,       22.9036,      183.3503,        0.3461,      467.8361,        0.4434,   100509.4731,        3.0540,        2.3096,      -19.2789,      110.5365,  315.5671,0.186066,  2.2663E-05
      -68.0000,      -16.5000,     3600.0000,        0.0000,       12.0000,      172.0000,        6.0000,     2024.0000,      253.5310,        3.6086,      292.7779,        0.2166,      899.8651,        0.0269,    60882.1839,        1.3195,        6.4996,      -18.2223,     -122.8324,  270.7865,0.221891,  3.5803E-06
      103.8200,        1.3500,       15.0000,       30.0000,       14.0000,      120.0000,        4.0000,     2024.0000,      300.8128,        7.7579,      118.4315,        0.7536,     1317.3912,        0.9705,    90374.6933,        1.5641,       19.8099,       -3.3627,      -49.8346,  301.1984,0.197561,  8.5219E-06
     -122.0000,       37.5000,       25.0000,        0.0000,       12.0000,      172.0000,        6.0000,     2024.0000,      316.7443,        7.0798,      329.4753,        0.1678,     1163.8847,        0.2830,    89236.0325,        1.3175,       54.3972,      -26.2127,       82.3341,  326.2079,0.177554,  7.9136E-06
      -68.0000,      -16.5000,     3600.0000,        0.0000,       12.0000,      172.0000,        6.0000,     2024.0000,      256.2038,        7.0881,      211.8650,        0.1021,     1025.2633,        0.2700,    61457.5759,        1.3169,       26.7141,       -0.5509,      120.5309,  268.6429,0.223606,  6.1989E-06
      -18.0000,       65.0000,       52.0000,        0.0000,       10.0000,      355.0000,       12.0000,     2024.0000,      261.0454,        3.3258,      193.5535,        0.7962,       66.1065,        0.4021,    90507.6253,        1.1743,       54.6585,        4.4256,       86.6106,  261.0454,0.229684,  3.1474E-06
      -68.0000,      -16.5000,     3600.0000,        0.0000,       12.0000,      172.0000,        6.0000,     2024.0000,      297.9967,        5.0506,      205.0070,        0.3031,     1333.0039,        0.0766,    77557.2143,        2.8661,       30.5351,       22.4072,       24.8024,  306.1465,0.193603,  7.3544E-06
     -112.0700,       33.4500,      331.0000,        0.0000,       13.0000,      200.0000,        7.0000,     2024.0000,      308.9215,        6.3204,      298.2847,        0.2635,     1173.8627,        0.3046,    90440.8023,        1.6108,       54.9983,      -22.5289,     -131.8704,  313.5130,0.187710,  7.0464E-06
      151.2100,      -33.8700,       39.0000,        0.0000,       12.0000,      172.0000,        6.0000,     2024.0000,      305.0584,        2.7245,       37.9111,        0.5151,     1212.7876,        0.5969,    97317.9813,        2.6345,       75.1299,        5.0302,      -92.5254,  307.2283,0.192737,  4.4588E-06
       55.3000,       25.2000,        5.0000,        0.0000,       10.0000,      280.0000,       10.0000,     2024.0000,      318.8692,        5.7860,      282.0870,        0.5027,     1279.4595,        0.0111,    88169.1688,        2.8564,       43.6130,       14.6953,      -15.0281,  340.4830,0.166134,  1.0655E-05
      -18.0000,       65.0000,       52.0000,        0.0000,       10.0000,      355.0000,       12.0000,     2024.0000,      236.6007,       13.5515,      107.8149,        0.6958,       42.1819,        0.7708,    92251.4354,        2.6272,       77.3428,       25.0524,      110.5876,  236.6007,0.249239,  1.3133E-05
      -68.0000,      -16.5000,     3600.0000,        0.0000,       12.0000,      172.0000,        6.0000,     2024.0000,      249.2758,        2.1761,      327.3215,        0.0931,     1342.5146,        0.3907,    66022.3913,        3.3822,       38.1781,      -12.1632,       92.7727,  261.8344,0.229052,  3.0238E-06
      103.8200,        1.3500,       15.0000,       30.0000,       14.0000,      120.0000,        4.0000,     2024.0000,      308.4173,        1.0993,      107.6535,        0.6642,      800.1829,        0.6524,    88526.2631,        0.6378,        0.4975,      -16.1995,       51.8040,  315.7441,0.185925,  1.3160E-06
      151.2100,      -33.8700,       39.0000,        0.0000,       12.0000,      172.0000,        6.0000,     2024.0000,      280.0695,        5.0356,      195.6577,        0.7375,     1028.1994,        0.5586,    95201.3998,        1.2678,       28.8448,       -9.9125,        2.9725,  280.7871,0.213890,  4.2553E-06
       -0.1300,       51.5100,       11.0000,        0.0000,        9.0000,       80.0000,        3.0000,     2024.0000,      254.1188,        4.2068,      185.4839,        0.8518,      849.8366,        0.2217,    95712.0339,        2.8702,       57.9854,        2.8745,     -125.9867,  259.9842,0.230533,  4.2876E-06
       55.3000,       25.2000,        5.0000,        0.0000,       10.0000,      280.0000,       10.0000,     2024.0000,      305.9991,        6.8055,       69.0518,        0.6053,     1270.8365,        0.3113,    96420.2596,        4.0903,       48.7746,      -15.7753,      -12.1193,  318.9003,0.183400,  8.3180E-06
       55.3000,       25.2000,        5.0000,        0.0000,       10.0000,      280.0000,       10.0000,     2024.0000,      304.8937,        2.1669,      286.3836,        0.5789,      667.9364,        0.4357,   101144.5884,        2.6044,       18.4607,        6.2882,       29.9521,  312.4979,0.188522,  3.3659E-06
       25.0000,       23.5000,      200.0000,        0.0000,       11.0000,       90.0000,        3.0000,     2024.0000,      310.2437,       24.5994,       75.4995,        0.0741,      751.9617,        0.5667,    86376.9915,        2.9359,       53.1116,        1.9393,      -60.4995,  311.9041,0.188997,  2.6788E-05
       25.0000,       23.5000,      200.0000,        0.0000,       11.0000,       90.0000,        3.0000,     2024.0000,      306.2657,       22.7088,       84.6616,        0.3254,      919.4658,        0.6940,    95194.9190,        4.1042,       39.6541,       30.1917,      -93.6130,  307.5911,0.192447,  2.0995E-05
      103.8200,        1.3500,       15.0000,       30.0000,       14.0000,      120.0000,        4.0000,     2024.0000,      296.2033,        7.1162,       65.7264,        0.6230,      876.2289,        0.8504,    89022.1117,        1.7627,       14.0358,       14.5105,      -91.4057,  297.6819,0.200374,  8.0506E-06
      -68.0000,      -16.5000,     3600.0000,        0.0000,       12.0000,      172.0000,        6.0000,     2024.0000,      255.5807,       10.7005,      158.6141,        0.5094,     1274.2166,        0.2754,    60971.5351,        2.4661,       46.3707,       18.4204,       19.6605,  256.5642,0.233269,  7.8288E-06
      151.2100,      -33.8700,       39.0000,        0.0000,       12.0000,      172.0000,        6.0000,     2024.0000,      260.2310,        0.1114,       50.7813,        0.6477,      763.6220,        0.1875,    89433.2330,        2.3754,       24.6010,       20.2746,       24.5832,  263.5565,0.227675,  1.6931E-06
       25.0000,       23.5000,      200.0000,        0.0000,       11.0000,       90.0000,        3.0000,     2024.0000,      302.9723,       21.4141,       98.4538,        0.1985,      377.6086,        0.7178,    90999.2653,        4.3453,       22.5347,       37.5687,       79.9191,  303.4065,0.195795,  2.9290E-05
      103.8200,        1.3500,       15.0000,       30.0000,       14.0000,      120.0000,        4.0000,     2024.0000,      322.6234,        9.8237,       98.8121,        0.8864,      698.0802,        0.6809,    87339.9033,        1.3552,       21.4615,       23.5576,      -11.7185,  324.7625,0.178710,  9.7805E-06
      151.2100,      -33.8700,       39.0000,        0.0000,       12.0000,      172.0000,        6.0000,     2024.0000,      265.6831,        3.1769,      103.0954,        0.7059,      664.5746,        0.5046,    97030.2790,        1.6555,       57.7666,       15.0100,      -55.1051,  265.6831,0.225974,  3.3164E-06
      -68.0000,      -16.5000,     3600.0000,        0.0000,       12.0000,      172.0000,        6.0000,     2024.0000,      300.3360,        6.1930,      353.0033,        0.2279,     1204.6670,        0.0456,    71035.7134,        1.5759,       34.4596,       17.2978,      116.8645,  319.2096,0.183152,  6.1018E-06
       25.0000,       23.5000,      200.0000,        0.0000,       11.0000,       90.0000,        3.0000,     2024.0000,      300.9024,       17.3022,      201.3360,        0.3743,      928.6115,        0.5017,    93485.2641,        3.6721,       38.2093,       -5.1357,      -99.9163,  304.0546,0.195276,  1.5915E-05
      -68.0000,      -16.5000,     3600.0000,        0.0000,       12.0000,      172.0000,        6.0000,     2024.0000,      279.0875,        7.0998,      225.1639,        0.2454,     1235.6373,        0.0296,    78169.0614,        3.1014,       48.1947,       -0.6134,      -86.0886,  288.2307,0.207935,  9.9116E-06
      151.2100,      -33.8700,       39.0000,        0.0000,       12.0000,      172.0000,        6.0000,     2024.0000,      270.9844,        5.0973,      154.1975,        0.5227,      445.6219,        0.0985,    98560.5079,        3.0465,       63.6263,      -22.1762,      -84.9866,  272.2049,0.220756,  6.6385E-06
     -112.0700,       33.4500,      331.0000,        0.0000,       13.0000,      200.0000,        7.0000,     2024.0000,      296.1625,        2.3006,      295.1063,        0.3216,     1270.7879,        0.2623,    92505.2925,        3.7745,       51.4985,        8.9023,      -27.3598,  311.8799,0.189016,  3.6509E-06
      151.2100,      -33.8700,       39.0000,        0.0000,       12.0000,      172.0000,        6.0000,     2024.0000,      316.1694,        8.4287,      136.3757,        0.6299,     1020.5431,        0.1122,    87609.8216,        1.4192,       64.3992,      -14.6709,       21.5493,  316.1694,0.185584,  9.3617E-06
      103.8200,        1.3500,       15.0000,       30.0000,       14.0000,      120.0000,        4.0000,     2024.0000,      286.6404,        5.6733,      202.7366,        0.8409,      811.7936,        0.7027,    94492.0336,        0.7973,       31.9135,       14.4804,       24.1230,  290.5240,0.206101,  3.7972E-06
      -18.0000,       65.0000,       52.0000,        0.0000,       10.0000,      355.0000,       12.0000,     2024.0000,      260.4079,       11.9068,      112.1259,        0.5721,      640.3771,        0.4908,    91617.2773,        0.9242,       81.6382,       17.0881,      -50.8624,  264.9681,0.226545,  8.2416E-06
       55.3000,       25.2000,        5.0000,        0.0000,       10.0000,      280.0000,       10.0000,     2024.0000,      310.4927,        5.5582,      144.4702,        0.4261,      628.8593,        0.4387,    89223.8682,        3.4728,       37.3058,       28.1609,       95.7685,  311.9753,0.188940,  7.0348E-06
     -112.0700,       33.4500,      331.0000,        0.0000,       13.0000,      200.0000,        7.0000,     2024.0000,      296.0746,        8.9886,      229.5230,        0.2288,      913.7496,        0.3692,    94716.5608,        2.9011,       47.0325,      -27.9666,      -47.0179,  300.4249,0.198180,  1.0661E-05
       55.3000,       25.2000,        5.0000,        0.0000,       10.0000,      280.0000,       10.0000,     2024.0000,      298.2818,       10.1391,      279.5500,        0.6183,     1302.9085,        0.0470,    95234.4442,        2.7817,       42.6689,       17.7956,       65.5027,  303.7455,0.195524,  1.6639E-05
     -112.0700,       33.4500,      331.0000,        0.0000,       13.0000,      200.0000,        7.0000,     2024.0000,      316.7591,        2.5744,      292.5982,        0.1230,     1240.2253,        0.1038,    98236.8206,        1.4556,       21.6207,       -3.9377,     -129.4734,  342.2795,0.164696,  4.0485E-06
       55.3000,       25.2000,        5.0000,        0.0000,       10.0000,      280.0000,       10.0000,     2024.0000,      304.7190,        6.1572,       55.8798,        0.7393,      721.8919,        0.2500,    95808.6211,        3.4164,       37.0783,       30.3672,      -21.6805,  312.6875,0.188370,  1.0045E-05
      103.8200,        1.3500,       15.0000,       30.0000,       14.0000,      120.0000,        4.0000,     2024.0000,      285.8624,        2.8334,      250.5629,        0.6646,      627.4560,        0.6312,    97106.2372,        1.7362,       34.0322,       16.3408,      -79.8119,  287.6261,0.208419,  3.2985E-06
       -0.1300,       51.5100,       11.0000,        0.0000,        9.0000,       80.0000,        3.0000,     2024.0000,      266.4542,        1.1759,      298.8780,        0.3542,     1026.0740,        0.0916,    98621.6895,        1.3299,       65.3187,       -4.8386,     -122.7980,  279.7504,0.214720,  1.6929E-06
     -112.0700,       33.4500,      331.0000,        0.0000,       13.0000,      200.0000,        7.0000,     2024.0000,      319.7485,        1.7028,      323.5945,        0.4318,     1025.9504,        0.0568,    98624.4594,        3.0711,       27.7728,       17.7554,     -114.4374,  338.4490,0.167761,  4.5109E-06
      151.2100,      -33.8700,       39.0000,        0.0000,       12.0000,      172.0000,        6.0000,     2024.0000,      259.1763,       11.3587,       99.3453,        0.6084,      793.0069,        0.4542,    96787.0053,        1.3958,       84.1951,        3.0805,      -96.8510,  260.1645,0.230388,  7.7378E-06
      151.2100,      -33.8700,       39.0000,        0.0000,       12.0000,      172.0000,        6.0000,     2024.0000,      307.0496,        8.8932,       45.7584,        0.3047,      617.4436,        0.4213,    92967.7356,        0.6603,       47.4000,       21.9725,       -7.4624,  307.0496,0.192880,  6.2632E-06
      -18.0000,       65.0000,       52.0000,        0.0000,       10.0000,      355.0000,       12.0000,     2024.0000,      260.6880,        4.7284,      260.7202,        0.6476,      463.6905,        0.2506,    86328.1322,        2.4596,       59.9766,      -21.8143,      -12.4550,  266.1623,0.225590,  5.1283E-06
      103.8200,        1.3500,       15.0000,       30.0000,       14.0000,      120.0000,        4.0000,     2024.0000,      298.2081,        8.0408,      106.8386,        0.6554,     1006.8730,        0.8706,    98231.7928,        1.9008,       19.7201,       27.0507,      -28.3563,  299.3501,0.199040,  7.5640E-06
     -122.0000,       37.5000,       25.0000,        0.0000,       12.0000,      172.0000,        6.0000,     2024.0000,      287.6508,        8.7472,      282.5934,        0.3404,      847.1651,        0.2033,    94268.8091,        1.8484,       39.2519,       23.7071,      -41.7507,  296.5600,0.201272,  8.9337E-06
     -122.0000,       37.5000,       25.0000,        0.0000,       12.0000,      172.0000,        6.0000,     2024.0000,      305.4320,        0.3547,      248.7253,        0.6520,      782.5233,        0.2737,    86895.9496,        2.0162,       52.6177,       25.7861,       60.5484,  317.6025,0.184438,  1.9045E-06
     -112.0700,       33.4500,      331.0000,        0.0000,       13.0000,      200.0000,        7.0000,     2024.0000,      319.5369,        8.5432,      260.6946,        0.0403,     1241.0325,        0.0851,    86133.9231,        2.7805,       18.8800,      -21.3630,      -55.2397,  333.2584,0.171913,  1.2490E-05
       -0.1300,       51.5100,       11.0000,        0.0000,        9.0000,       80.0000,        3.0000,     2024.0000,      258.5293,        9.3112,      234.2502,        0.8874,      959.4647,        0.5704,    93554.6424,        1.4649,       52.4585,        2.1958,       23.0208,  261.6258,0.229219,  7.5307E-06
       25.0000,       23.5000,      200.0000,        0.0000,       11.0000,       90.0000,        3.0000,     2024.0000,      300.8652,       24.2419,       58.4588,        0.3207,      416.5054,        0.7353,    89308.8181,        4.7608,       41.6250,        5.2503,       51.0069,  301.3135,0.197469,  2.5287E-05
      151.2100,      -33.8700,       39.0000,        0.0000,       12.0000,      172.0000,        6.0000,     2024.0000,      314.2094,       10.5543,        0.2003,        0.5443,      492.3051,        0.5529,    95443.9833,        2.9927,       44.4779,      -15.9158,      -13.2993,  314.2094,0.187153,  1.5435E-05
       25.0000,       23.5000,      200.0000,        0.0000,       11.0000,       90.0000,        3.0000,     2024.0000,      311.3497,       17.3643,      107.4441,        0.3349,      440.7137,        0.4689,    92194.8168,        3.5111,       24.1514,      -16.6012,       92.6596,  312.6741,0.188381,  2.2015E-05
     -122.0000,       37.5000,       25.0000,        0.0000,       12.0000,      172.0000,        6.0000,     2024.0000,      308.1220,        3.9167,      249.0734,        0.4446,     1327.4650,        0.1836,    91486.4819,        2.5693,       51.5996,       16.9826,      -14.4180,  326.9717,0.176943,  6.3433E-06
      151.2100,      -33.8700,       39.0000,        0.0000,       12.0000,      172.0000,        6.0000,     2024.0000,      300.4590,        1.3963,       63.9352,        0.7096,     1122.5653,        0.1985,    87504.1252,        0.9476,       55.5147,      -27.2876,      -72.0643,  302.9174,0.196186,  2.2378E-06
       -0.1300,       51.5100,       11.0000,        0.0000,        9.0000,       80.0000,        3.0000,     2024.0000,      270.2122,       10.6395,      272.9373,        0.4884,      377.2059,        0.1774,    98298.6963,        2.4857,       61.0659,      -26.4213,       76.5232,  270.2122,0.222350,  1.0820E-05
      151.2100,      -33.8700,       39.0000,        0.0000,       12.0000,      172.0000,        6.0000,     2024.0000,      277.2661,       10.5545,      141.3075,        0.4165,     1295.6108,        0.0282,    99241.2649,        2.1034,       68.8695,       13.9780,       92.2356,  281.0442,0.213685,  9.4379E-06
      -18.0000,       65.0000,       52.0000,        0.0000,       10.0000,      355.0000,       12.0000,     2024.0000,      251.4339,        4.3334,       96.8560,        0.4878,      225.0919,        0.4209,    90182.4889,        2.8296,       79.2248,       10.7444,      104.3261,  251.4339,0.237373,  6.4590E-06
       25.0000,       23.5000,      200.0000,        0.0000,       11.0000,       90.0000,        3.0000,     2024.0000,      285.7361,       15.8811,      108.1681,        0.1545,      314.4626,        0.4448,    92076.9686,        2.7109,       18.8302,       19.5820,       13.5637,  287.1020,0.208838,  1.7718E-05
     -112.0700,       33.4500,      331.0000,        0.0000,       13.0000,      200.0000,        7.0000,     2024.0000,      320.6484,        8.5405,      335.2811,        0.0965,     1230.9232,        0.3239,    89677.2495,        3.9011,       52.6676,        2.4840,       12.7092,  330.1796,0.174376,  1.2444E-05
      103.8200,        1.3500,       15.0000,       30.0000,       14.0000,      120.0000,        4.0000,     2024.0000,      301.5994,        2.6170,      259.3324,        0.7649,      790.5326,        0.8213,    90216.9350,        1.2292,       10.6922,       14.0260,     -119.4273,  304.3846,0.195012,  2.7483E-06
      -18.0000,       65.0000,       52.0000,        0.0000,       10.0000,      355.0000,       12.0000,     2024.0000,      238.7640,       11.3393,       68.9794,        0.6152,      326.6364,        0.2566,    98537.5654,        1.2294,       48.6471,       18.2183,       40.6343,  239.7405,0.246728,  8.5234E-06
     -122.0000,       37.5000,       25.0000,        0.0000,       12.0000,      172.0000,        6.0000,     2024.0000,      304.1701,        9.0653,      271.9175,        0.0184,     1344.9547,        0.0955,    89614.6244,        0.7679,       49.5854,      -22.1979,       82.7382,  319.4877,0.182930,  6.5171E-06
      -18.0000,       65.0000,       52.0000,        0.0000,       10.0000,      355.0000,       12.0000,     2024.0000,      238.4764,       10.5910,       32.0420,        0.5313,      444.6778,        0.5312,    86241.8165,        1.0597,       72.1537,       -2.8608,      100.4408,  238.4764,0.247739,  5.9891E-06
      -18.0000,       65.0000,       52.0000,        0.0000,       10.0000,      355.0000,       12.0000,     2024.0000,      256.5851,       19.8970,       89.7358,        0.5996,      345.5913,        0.7989,    92627.5756,        2.2635,       88.2287,        4.7485,      -90.5484,  256.8237,0.233061,  1.3808E-05
      151.2100,      -33.8700,       39.0000,        0.0000,       12.0000,      172.0000,        6.0000,     2024.0000,      310.9009,       12.0504,      190.5467,        0.5816,      510.4141,        0.5527,    87770.7336,        0.5094,       69.8065,       26.3263,      -65.0784,  310.9010,0.189799,  7.6149E-06
       25.0000,       23.5000,      200.0000,        0.0000,       11.0000,       90.0000,        3.0000,     2024.0000,      299.9874,       19.0341,       84.5147,        0.2287,      402.4996,        0.6598,    90945.1783,        3.5361,       59.9054,       15.2870,      -92.4511,  300.6456,0.198004,  2.2797E-05
     -112.0700,       33.4500,      331.0000,        0.0000,       13.0000,      200.0000,        7.0000,     2024.0000,      312.8263,        5.9959,      261.2078,        0.2691,     1157.3861,        0.1504,    96712.1082,        3.2371,       27.8819,       28.5499,       33.8669,  328.4014,0.175799,  7.6792E-06
     -112.0700,       33.4500,      331.0000,        0.0000,       13.0000,      200.0000,        7.0000,     2024.0000,      287.1154,        4.7484,      244.4442,        0.2036,      833.3413,        0.2881,    91335.9086,        1.9363,       31.0883,      -24.3433,       31.4076,  298.8802,0.199416,  5.1387E-06
     -112.0700,       33.4500,      331.0000,        0.0000,       13.0000,      200.0000,        7.0000,     2024.0000,      290.3290,        0.3386,      302.2466,        0.4785,     1172.5304,        0.2811,    95985.6692,        3.8495,       22.0754,       18.7526,      -82.7167,  311.4880,0.189330,  2.0054E-06
      -18.0000,       65.0000,       52.0000,        0.0000,       10.0000,      355.0000,       12.0000,     2024.0000,      253.7466,       15.6123,      259.7152,        0.7017,      300.6243,        0.4494,    99809.4846,        1.0307,       54.2613,      -16.4003,       76.8270,  253.7466,0.235523,  8.2676E-06
      151.2100,      -33.8700,       39.0000,        0.0000,       12.0000,      172.0000,        6.0000,     2024.0000,      295.7493,        6.3862,      135.9984,        0.7034,      877.5499,        0.4396,    97555.8432,        1.8489,       53.9540,       27.8113,      117.6769,  301.2672,0.197506,  7.8424E-06
     -122.0000,       37.5000,       25.0000,        0.0000,       12.0000,      172.0000,        6.0000,     2024.0000,      282.4021,        3.2533,      271.1714,        0.1633,     1337.7680,        0.2223,   100010.5458,        1.8795,       59.0672,      -14.2203,      -49.9499,  298.8948,0.199404,  4.1018E-06
      -68.0000,      -16.5000,     3600.0000,        0.0000,       12.0000,      172.0000,        6.0000,     2024.0000,      292.0044,       15.6127,      315.0723,        0.1493,     1309.5124,        0.1247,    71206.6665,        2.7369,       50.8648,       11.5548,      116.7610,  299.1679,0.199186,  1.8221E-05
       55.3000,       25.2000,        5.0000,        0.0000,       10.0000,      280.0000,       10.0000,     2024.0000,      313.3434,        5.1797,       56.1652,        0.6485,     1232.4830,        0.1332,    90803.4989,        2.1147,        0.4655,       26.3411,      -74.8750,  328.7143,0.175549,  6.4885E-06
       25.0000,       23.5000,      200.0000,        0.0000,       11.0000,       90.0000,        3.0000,     2024.0000,      288.4720,       17.6944,      163.1095,        0.4444,      577.2677,        0.4123,    87377.7200,        4.3338,        9.9014,       37.7020,      -43.1727,  290.5190,0.206105,  1.7347E-05
     -112.0700,       33.4500,      331.0000,        0.0000,       13.0000,      200.0000,        7.0000,     2024.0000,      287.8322,        1.6776,      231.4201,        0.3862,     1023.0511,        0.3159,    95593.0810,        1.8237,       27.4382,        6.1524,       -0.0670,  307.5876,0.192450,  2.8658E-06
       55.3000,       25.2000,        5.0000,        0.0000,       10.0000,      280.0000,       10.0000,     2024.0000,      275.5605,        2.8573,       63.7200,        0.3721,      623.9892,        0.3641,    97418.2921,        3.7480,       44.9825,      -23.4164,      -42.5443,  284.3104,0.211072,  4.2870E-06
      -68.0000,      -16.5000,     3600.0000,        0.0000,       12.0000,      172.0000,        6.0000,     2024.0000,      294.4890,       13.6553,      357.8572,        0.0467,     1065.6979,        0.2100,    76334.3081,        2.7216,       31.1006,       22.4902,      -29.3040,  297.3773,0.200618,  1.9585E-05
      -68.0000,      -16.5000,     3600.0000,        0.0000,       12.0000,      172.0000,        6.0000,     2024.0000,      244.5611,        4.9423,      219.7299,        0.2271,     1097.2649,        0.2885,    77536.4227,        1.8177,        5.8044,      -10.9275,      101.3155,  257.3034,0.232677,  4.2520E-06
      -18.0000,       65.0000,       52.0000,        0.0000,       10.0000,      355.0000,       12.0000,     2024.0000,      261.0326,       13.2601,      139.3038,        0.7133,      183.6163,        0.5522,    96852.7791,        1.8183,       63.0109,      -30.5175,      -63.3480,  261.6463,0.229203,  1.0697E-05
       55.3000,       25.2000,        5.0000,        0.0000,       10.0000,      280.0000,       10.0000,     2024.0000,      309.8033,        1.8376,      175.7109,        0.6806,     1164.0696,        0.2685,    88495.3141,        2.0063,       32.7056,       26.9099,       77.8706,  319.0210,0.183303,  3.4848E-06
     -122.0000,       37.5000,       25.0000,        0.0000,       12.0000,      172.0000,        6.0000,     2024.0000,      290.9701,       11.5161,      294.9868,        0.4263,      972.6244,        0.2661,    91263.8062,        1.8327,        2.3536,       22.4789,      101.2854,  299.8510,0.198639,  1.1534E-05
      -18.0000,       65.0000,       52.0000,        0.0000,       10.0000,      355.0000,       12.0000,     2024.0000,      261.1578,       10.5561,       35.9745,        0.8409,      652.1815,        0.6934,    89806.7870,        2.4328,       64.5264,      -11.0237,       85.6031,  261.1578,0.229594,  1.2055E-05
       -0.1300,       51.5100,       11.0000,        0.0000,        9.0000,       80.0000,        3.0000,     2024.0000,      274.9175,        0.2087,      251.7515,        0.9721,      516.5963,        0.1694,    87216.2521,        0.7493,       53.3412,       18.2853,      -52.1722,  289.3988,0.207001,  1.3548E-06
      151.2100,      -33.8700,       39.0000,        0.0000,       12.0000,      172.0000,        6.0000,     2024.0000,      259.1974,        6.1562,       16.2296,        0.4378,      508.9020,        0.3456,    96682.3837,        2.7496,       74.1717,      -28.2833,      -15.2201,  259.1974,0.231162,  5.3043E-06
      151.2100,      -33.8700,       39.0000,        0.0000,       12.0000,      172.0000,        6.0000,     2024.0000,      288.9309,        1.2825,      124.7586,        0.2064,      970.7418,        0.1882,    95354.5644,        2.4827,       62.7980,       18.7336,      -95.2918,  295.9768,0.201739,  3.6797E-06
      -18.0000,       65.0000,       52.0000,        0.0000,       10.0000,      355.0000,       12.0000,     2024.0000,      248.1876,        4.9362,       27.5626,        0.6812,      338.4257,        0.2614,    92706.8905,        1.5042,       51.0774,      -19.0794,       45.8026,  249.3786,0.239017,  3.2383E-06
      151.2100,      -33.8700,       39.0000,        0.0000,       12.0000,      172.0000,        6.0000,     2024.0000,      257.5569,        0.6590,      164.1969,        0.8186,      897.6371,        0.2300,    96546.7158,        3.0646,       77.3216,       26.6712,        8.1884,  257.5569,0.232475,  2.3445E-06
       -0.1300,       51.5100,       11.0000,        0.0000,        9.0000,       80.0000,        3.0000,     2024.0000,      254.1928,        4.9237,       99.6918,        0.8660,      881.0073,        0.1359,    93203.1186,        2.7412,       31.4174,       27.3602,      -65.4593,  264.8795,0.226616,  6.4683E-06
       55.3000,       25.2000,        5.0000,        0.0000,       10.0000,      280.0000,       10.0000,     2024.0000,      288.1509,        3.6325,      273.7680,        0.1534,     1131.5951,        0.1964,    91648.7502,        3.8787,        4.3313,       -2.7383,      -77.9900,  303.9932,0.195325,  4.5883E-06
       55.3000,       25.2000,        5.0000,        0.0000,       10.0000,      280.0000,       10.0000,     2024.0000,      315.7542,        2.0539,       75.5131,        0.1645,      689.3602,        0.0718,    90790.7769,        2.3794,       44.7820,       25.1615,       74.8665,  320.1540,0.182397,  2.8648E-06
      151.2100,      -33.8700,       39.0000,        0.0000,       12.0000,      172.0000,        6.0000,     2024.0000,      308.2074,       11.7817,       86.0507,        0.3332,     1083.2639,        0.1187,    96823.1784,        0.6759,       69.7379,       18.8439,       87.5797,  310.7406,0.189928,  9.1137E-06
      151.2100,      -33.8700,       39.0000,        0.0000,       12.0000,      172.0000,        6.0000,     2024.0000,      261.0697,        7.3391,      143.1950,        0.6713,     1300.3976,        0.1794,    89674.1574,        1.3759,       71.1945,       11.0432,      -64.7203,  261.0697,0.229664,  5.8274E-06
       -0.1300,       51.5100,       11.0000,        0.0000,        9.0000,       80.0000,        3.0000,     2024.0000,      311.1305,        1.9787,      237.6848,        0.8502,      861.9971,        0.7265,    88107.2954,        2.5310,       64.7844,      -20.1172,       80.7121,  311.1305,0.189616,  2.8713E-06
       -0.1300,       51.5100,       11.0000,        0.0000,        9.0000,       80.0000,        3.0000,     2024.0000,      311.7091,        6.9133,      247.3389,        0.4799,      608.2828,        0.4912,    91658.0622,        2.5013,       23.2229,      -21.6083,      -55.9779,  315.5112,0.186111,  1.0383E-05
     -112.0700,       33.4500,      331.0000,        0.0000,       13.0000,      200.0000,        7.0000,     2024.0000,      323.0410,       10.6046,      272.4460,        0.1676,     1098.6926,        0.0529,    89189.1115,        2.2591,        4.4636,      -29.7177,     -103.7156,  334.8039,0.170677,  1.3380E-05
       -0.1300,       51.5100,       11.0000,        0.0000,        9.0000,       80.0000,        3.0000,     2024.0000,      308.4573,        4.7947,      124.8708,        0.7946,     1167.2013,        0.5200,    86912.3730,        2.9637,       52.9842,      -24.1685,      -71.8668,  318.2421,0.183926,  7.5263E-06
     -112.0700,       33.4500,      331.0000,        0.0000,       13.0000,      200.0000,        7.0000,     2024.0000,      300.1694,        3.4596,      222.4532,        0.4135,     1257.5892,        0.1467,    88198.7040,        3.6312,       32.8262,       20.8439,      -22.7606,  320.0621,0.182470,  4.6927E-06
      103.8200,        1.3500,       15.0000,       30.0000,       14.0000,      120.0000,        4.0000,     2024.0000,      285.4948,        8.9421,      214.0860,        0.7516,      733.4424,        0.6922,   100841.7794,        0.8262,       40.4029,       22.8195,      -76.8267,  286.2568,0.209515,  6.9127E-06
       -0.1300,       51.5100,       11.0000,        0.0000,        9.0000,       80.0000,        3.0000,     2024.0000,      313.3898,        0.0243,      149.3296,        0.4542,      492.8986,        0.1649,    99234.4785,        0.8711,       42.7365,       -9.9576,       76.9421,  313.3898,0.187808,  9.4874E-07
       55.3000,       25.2000,        5.0000,        0.0000,       10.0000,      280.0000,       10.0000,     2024.0000,      277.3335,       10.1504,      270.5099,        0.6732,     1273.6955,        0.1920,    92498.2557,        2.3623,       36.5334,       15.8881,      -35.5603,  290.5597,0.206072,  1.1131E-05
       55.3000,       25.2000,        5.0000,        0.0000,       10.0000,      280.0000,       10.0000,     2024.0000,      304.6100,       10.9505,      122.3404,        0.7317,     1099.9469,        0.3130,    96645.4863,        4.1521,       10.1328,       11.7793,      -86.4156,  311.8657,0.189027,  1.3200E-05
      -68.0000,      -16.5000,     3600.0000,        0.0000,       12.0000,      172.0000,        6.0000,     2024.0000,      282.5451,        8.4959,      349.4007,        0.1428,     1254.9109,        0.0996,    67552.9064,        3.4650,       48.6207,      -25.0979,       -1.9749,  282.9094,0.212192,  7.3824E-06
      103.8200,        1.3500,       15.0000,       30.0000,       14.0000,      120.0000,        4.0000,     2024.0000,      304.2664,        6.6601,      154.5151,        0.7947,     1073.7375,        0.6458,    91069.5548,        2.2245,       41.2837,       26.6101,      -76.9750,  305.3232,0.194261,  8.4735E-06
      -68.0000,      -16.5000,     3600.0000,        0.0000,       12.0000,      172.0000,        6.0000,     2024.0000,      262.5580,        2.4445,      333.2387,        0.2134,     1302.9543,        0.0644,    62907.6585,        2.4293,       20.6729,       15.3850,      -47.1432,  279.6684,0.214785,  3.9714E-06
      -18.0000,       65.0000,       52.0000,        0.0000,       10.0000,      355.0000,       12.0000,     2024.0000,      249.2874,        9.7385,      133.8585,        0.7220,      165.2579,        0.5985,    92675.3164,        2.4503,       85.0143,      -20.7916,      110.9625,  249.2874,0.239090,  8.6202E-06
     -112.0700,       33.4500,      331.0000,        0.0000,       13.0000,      200.0000,        7.0000,     2024.0000,      310.5011,        5.5788,      345.6920,        0.2356,     1189.9433,        0.3495,    86636.1425,        2.9199,       18.1674,      -18.2591,      -46.0197,  322.9671,0.180146,  7.0954E-06
      -18.0000,       65.0000,       52.0000,        0.0000,       10.0000,      355.0000,       12.0000,     2024.0000,      252.2333,        7.4924,       17.7909,        0.7444,      137.1545,        0.3003,    99564.1814,        1.8976,       59.6239,      -10.5798,      108.5049,  252.2333,0.236733,  6.0550E-06
      -68.0000,      -16.5000,     3600.0000,        0.0000,       12.0000,      172.0000,        6.0000,     2024.0000,      249.0547,        8.7045,      222.4226,        0.2229,     1057.3860,        0.2051,    64323.6089,        2.9764,       46.6359,        2.7034,       89.7140,  254.9553,0.234556,  6.7352E-06
      103.8200,        1.3500,       15.0000,       30.0000,       14.0000,      120.0000,        4.0000,     2024.0000,      293.5870,        1.3432,      305.8589,        0.6308,      960.9638,        0.6400,    95442.0293,        2.3308,       29.9167,      -21.3353,      -20.6493,  298.0298,0.200096,  3.0414E-06
     -122.0000,       37.5000,       25.0000,        0.0000,       12.0000,      172.0000,        6.0000,     2024.0000,      311.3859,        5.6406,      285.7426,        0.0083,     1351.3311,        0.3741,    95329.3771,        0.7361,        9.7423,       17.5863,        4.8540,  332.3856,0.172612,  4.6119E-06
      151.2100,      -33.8700,       39.0000,        0.0000,       12.0000,      172.0000,        6.0000,     2024.0000,      286.9364,        7.0229,      109.2358,        0.8681,      702.2672,        0.0655,    98984.9890,        0.6357,       63.2566,      -11.1773,       86.3784,  289.8863,0.206611,  5.1558E-06
       25.0000,       23.5000,      200.0000,        0.0000,       11.0000,       90.0000,        3.0000,     2024.0000,      312.1498,       22.1178,      120.6129,        0.1563,      613.9970,        0.7756,    86120.9804,        4.6706,        4.9126,        0.4660,        6.3203,  312.9965,0.188123,  1.9740E-05
       55.3000,       25.2000,        5.0000,        0.0000,       10.0000,      280.0000,       10.0000,     2024.0000,      281.8151,       11.3713,      206.2633,        0.7164,     1267.2780,        0.2134,    92532.0630,        1.7735,       43.1495,       -5.1589,       84.6286,  284.9316,0.210575,  1.0483E-05
      151.2100,      -33.8700,       39.0000,        0.0000,       12.0000,      172.0000,        6.0000,     2024.0000,      259.7424,        0.8899,       67.5054,        0.5056,     1110.9587,        0.5477,    96388.1039,        2.4767,       41.3597,      -10.4590,       56.0672,  261.1523,0.229598,  1.9749E-06
      -68.0000,      -16.5000,     3600.0000,        0.0000,       12.0000,      172.0000,        6.0000,     2024.0000,      275.4736,       12.6761,      251.3709,        0.3242,      999.6365,        0.0811,    66984.0394,        2.7367,       38.7926,       12.2309,      -35.6832,  278.0222,0.216102,  1.1423E-05
      103.8200,        1.3500,       15.0000,       30.0000,       14.0000,      120.0000,        4.0000,     2024.0000,      283.7015,        3.5361,      169.9244,        0.9811,      788.0744,        0.9827,    96664.6778,        1.4709,        4.7730,      -20.1830,      -31.2849,  283.9456,0.211364,  3.4410E-06
     -122.0000,       37.5000,       25.0000,        0.0000,       12.0000,      172.0000,        6.0000,     2024.0000,      306.9649,        3.9185,      150.9394,        0.6967,      749.6884,        0.3699,    98348.2242,        3.0265,        9.9217,      -30.0761,       45.1637,  315.9377,0.185770,  5.9452E-06
     -122.0000,       37.5000,       25.0000,        0.0000,       12.0000,      172.0000,        6.0000,     2024.0000,      290.8316,        9.1739,      303.6426,        0.5189,      769.9181,        0.3837,    95659.1897,        1.5739,       12.9964,      -21.0243,      -95.2789,  297.9477,0.200162,  9.9465E-06
      -68.0000,      -16.5000,     3600.0000,        0.0000,       12.0000,      172.0000,        6.0000,     2024.0000,      286.6176,       10.4081,      190.8840,        0.1289,     1061.1464,        0.1866,    72216.0108,        2.5633,       29.7371,        2.9911,       82.6948,  293.5520,0.203678,  1.2124E-05
       -0.1300,       51.5100,       11.0000,        0.0000,        9.0000,       80.0000,        3.0000,     2024.0000,      284.1991,        5.8040,       99.5538,        0.7614,     1057.6889,        0.7004,   100683.1742,        1.5891,       31.5987,       -0.2721,       79.9034,  284.5841,0.210853,  6.4753E-06
       25.0000,       23.5000,      200.0000,        0.0000,       11.0000,       90.0000,        3.0000,     2024.0000,      306.2549,       18.7490,       73.7453,        0.0181,      793.8933,        0.7042,    85771.6596,        2.6698,       21.1256,      -11.6107,      128.7073,  307.5204,0.192504,  2.2155E-05
       25.0000,       23.5000,      200.0000,        0.0000,       11.0000,       90.0000,        3.0000,     2024.0000,      293.3229,       18.6712,       50.1271,        0.0938,      376.3304,        0.4081,    89478.7535,        4.5680,       13.3183,      -17.3488,      -84.8140,  294.8496,0.202640,  2.1324E-05
     -122.0000,       37.5000,       25.0000,        0.0000,       12.0000,      172.0000,        6.0000,     2024.0000,      283.6425,        3.6498,      154.3112,        0.4074,      907.9554,        0.1510,    90767.4016,        0.9695,       12.6449,      -27.4378,       93.0333,  301.6788,0.197177,  3.5267E-06
       25.0000,       23.5000,      200.0000,        0.0000,       11.0000,       90.0000,        3.0000,     2024.0000,      316.4442,       22.0907,       20.3391,        0.2442,      850.3348,        0.7476,    92292.4989,        4.9473,       38.8625,       35.1673,       81.0606,  317.1194,0.184824,  2.5020E-05
       55.3000,       25.2000,        5.0000,        0.0000,       10.0000,      280.0000,       10.0000,     2024.0000,      292.9994,        2.6888,      277.7002,        0.4314,     1071.1094,        0.3117,    89483.3665,        1.4797,       46.8206,       25.3084,      -30.8875,  311.7617,0.189111,  3.6256E-06
     -122.0000,       37.5000,       25.0000,        0.0000,       12.0000,      172.0000,        6.0000,     2024.0000,      313.2984,        4.1876,      174.4369,        0.4604,      835.4165,        0.4167,    93196.0852,        1.3845,       11.1294,        3.1148,       55.1165,  325.7689,0.177905,  4.5148E-06
      103.8200,        1.3500,       15.0000,       30.0000,       14.0000,      120.0000,        4.0000,     2024.0000,      305.2271,        1.0382,      281.8550,        0.7650,      621.6103,        0.6895,    89456.8040,        1.9152,       35.9352,       16.1428,       39.6716,  309.6843,0.190773,  2.0314E-06
       25.0000,       23.5000,      200.0000,        0.0000,       11.0000,       90.0000,        3.0000,     2024.0000,      304.5473,       18.1054,      205.4933,        0.4228,      113.6012,        0.7839,    85640.8340,        4.1327,       28.8566,        3.2239,     -101.0616,  304.7183,0.194745,  2.0999E-05
       -0.1300,       51.5100,       11.0000,        0.0000,        9.0000,       80.0000,        3.0000,     2024.0000,      292.5923,        2.2601,      139.8509,        0.6121,      377.2848,        0.2965,    87213.8014,        1.6142,       49.3209,        2.9437,      -82.3976,  299.3283,0.199057,  2.5380E-06
     -122.0000,       37.5000,       25.0000,        0.0000,       12.0000,      172.0000,        6.0000,     2024.0000,      322.8285,        6.9876,      312.9576,        0.1803,      810.2608,        0.1026,    90861.4118,        2.5303,       15.7742,       20.0000,        4.2096,  334.9104,0.170592,  9.3823E-06
     -112.0700,       33.4500,      331.0000,        0.0000,       13.0000,      200.0000,        7.0000,     2024.0000,      304.4413,        4.2421,      336.2271,        0.1060,      879.8481,        0.0601,    91353.2155,        2.8025,       22.9589,      -25.5095,      -78.4952,  317.2693,0.184705,  5.3247E-06
       -0.1300,       51.5100,       11.0000,        0.0000,        9.0000,       80.0000,        3.0000,     2024.0000,      282.2115,        6.7028,      216.0779,        0.8790,      398.6466,        0.4281,    96506.0922,        0.6023,       51.6243,      -27.5155,      -50.0683,  286.9347,0.208972,  4.6419E-06
      -68.0000,      -16.5000,     3600.0000,        0.0000,       12.0000,      172.0000,        6.0000,     2024.0000,      265.8719,       11.7924,      240.5995,        0.1548,     1003.8881,        0.2972,    74771.1355,        2.7278,        2.0523,       25.3397,      -76.3801,  271.2282,0.221537,  1.3048E-05
     -112.0700,       33.4500,      331.0000,        0.0000,       13.0000,      200.0000,        7.0000,     2024.0000,      289.9056,        6.6667,      235.7344,        0.2221,     1141.1271,        0.0097,    91609.2026,        4.0173,       38.5971,       21.0976,      -28.1834,  303.7772,0.195498,  8.7625E-06
       25.0000,       23.5000,      200.0000,        0.0000,       11.0000,       90.0000,        3.0000,     2024.0000,      310.1718,       18.4816,      130.7611,        0.1374,      274.3465,        0.8785,    99778.1437,        3.1721,       55.1088,       30.1807,      109.8119,  310.2232,0.190341,  2.2508E-05
      151.2100,      -33.8700,       39.0000,        0.0000,       12.0000,      172.0000,        6.0000,     2024.0000,      299.4915,       11.0684,       70.2166,        0.2233,     1194.5758,        0.5235,    99745.0891,        2.8114,       39.5132,       22.0475,       79.8037,  301.5055,0.197316,  1.4887E-05
     -112.0700,       33.4500,      331.0000,        0.0000,       13.0000,      200.0000,        7.0000,     2024.0000,      317.9929,        6.2544,      225.7133,        0.3957,      980.2956,        0.3955,    87784.6871,        2.0276,       20.7832,      -12.7716,       29.8897,  329.6093,0.174833,  8.8946E-06
     -112.0700,       33.4500,      331.0000,        0.0000,       13.0000,      200.0000,        7.0000,     2024.0000,      299.9919,        7.1057,      313.9777,        0.2655,     1036.8231,        0.1267,    90768.2377,        0.9816,       11.5679,       28.9384,      -53.5085,  316.2388,0.185529,  5.2690E-06
      151.2100,      -33.8700,       39.0000,        0.0000,       12.0000,      172.0000,        6.0000,     2024.0000,      311.6025,        5.1785,      150.4921,        0.6408,      539.3423,        0.4558,   100159.6625,        0.5367,       51.2026,       23.0168,      114.3614,  316.1164,0.185627,  4.0220E-06
       55.3000,       25.2000,        5.0000,        0.0000,       10.0000,      280.0000,       10.0000,     2024.0000,      275.1460,        2.6334,      182.2820,        0.7974,      758.5697,        0.0792,    98553.1954,        2.0928,       50.2878,        2.2740,      109.4208,  275.1460,0.218403,  3.7806E-06
       -0.1300,       51.5100,       11.0000,        0.0000,        9.0000,       80.0000,        3.0000,     2024.0000,      303.7584,        1.7059,      165.6123,        0.8742,     1015.0750,        0.3003,    92612.2553,        1.2609,       37.4075,      -11.5909,       15.3077,  316.2398,0.185528,  2.3206E-06
      151.2100,      -33.8700,       39.0000,        0.0000,       12.0000,      172.0000,        6.0000,     2024.0000,      258.9131,       10.0876,       43.6319,        0.8350,     1146.4171,        0.1995,    97106.1694,        1.7277,       25.3832,      -16.2919,      123.0792,  267.9853,0.224132,  9.4756E-06
       55.3000,       25.2000,        5.0000,        0.0000,       10.0000,      280.0000,       10.0000,     2024.0000,      305.0776,        2.3001,      244.6745,        0.4055,      697.6219,        0.3972,    94281.8204,        2.5031,       50.0426,       30.2012,       12.8087,  312.3430,0.188646,  3.4922E-06
      -68.0000,      -16.5000,     3600.0000,        0.0000,       12.0000,      172.0000,        6.0000,     2024.0000,      278.7027,        7.3744,      324.4678,        0.0836,     1347.1309,        0.0932,    74706.5035,        2.0136,       12.7959,      -28.5903,       89.3478,  292.9491,0.204161,  7.3856E-06
     -122.0000,       37.5000,       25.0000,        0.0000,       12.0000,      172.0000,        6.0000,     2024.0000,      294.3938,       11.2212,      277.9928,        0.1802,     1238.2534,        0.2750,    93218.2662,        1.6428,       23.0798,       19.2718,       10.8338,  306.8289,0.193057,  9.3486E-06
     -112.0700,       33.4500,      331.0000,        0.0000,       13.0000,      200.0000,        7.0000,     2024.0000,      312.7812,        0.9236,      310.7342,        0.4595,      916.0896,        0.1796,    97538.1191,        3.5877,       46.0015,       17.3671,        6.8739,  331.4627,0.173350,  3.1827E-06
      -68.0000,      -16.5000,     3600.0000,        0.0000,       12.0000,      172.0000,        6.0000,     2024.0000,      269.9442,        3.1510,      313.6157,        0.5335,     1047.4758,        0.1262,    72020.7251,        2.7389,       48.0008,        2.8443,      -94.9896,  281.7885,0.213089,  4.5261E-06
       -0.1300,       51.5100,       11.0000,        0.0000,        9.0000,       80.0000,        3.0000,     2024.0000,      294.3092,        9.8916,      319.5780,        0.3539,      682.5135,        0.3828,    95907.0899,        2.1190,       43.2660,        8.9576,       40.5084,  296.0831,0.201654,  8.8439E-06
     -122.0000,       37.5000,       25.0000,        0.0000,       12.0000,      172.0000,        6.0000,     2024.0000,      317.8112,        3.6072,      251.6279,        0.5145,      766.6092,        0.2730,    99753.6996,        2.7906,       44.4219,       28.4139,      101.2929,  325.3441,0.178245,  5.6552E-06
      -18.0000,       65.0000,       52.0000,        0.0000,       10.0000,      355.0000,       12.0000,     2024.0000,      260.1504,        7.8068,      191.0108,        0.8927,      214.6840,        0.7076,    93892.3703,        2.0329,       82.3036,        4.0790,      -82.6206,  260.7359,0.229931,  9.0098E-06
       -0.1300,       51.5100,       11.0000,        0.0000,        9.0000,       80.0000,        3.0000,     2024.0000,      299.8152,        8.1861,      191.4573,        0.4163,      379.4092,        0.1185,    95391.8741,        2.8875,       35.2574,      -12.3920,      -92.2289,  303.4444,0.195765,  1.3163E-05
     -112.0700,       33.4500,      331.0000,        0.0000,       13.0000,      200.0000,        7.0000,     2024.0000,      318.3029,        6.6739,      275.6275,        0.0813,      884.8901,        0.3192,    94632.7505,        2.2642,       34.0743,       23.6623,     -112.1198,  324.7055,0.178756,  8.2001E-06
      103.8200,        1.3500,       15.0000,       30.0000,       14.0000,      120.0000,        4.0000,     2024.0000,      313.2340,        0.9926,      174.3061,        0.8576,      651.6901,        0.9940,    92601.4153,        2.5044,        1.0964,      -11.1930,     -124.9422,  313.3261,0.187859,  2.6891E-06
       55.3000,       25.2000,        5.0000,        0.0000,       10.0000,      280.0000,       10.0000,     2024.0000,      277.8294,        8.7569,      111.4908,        0.5744,     1277.5683,        0.2075,    90652.6115,        3.0051,       28.3542,       26.2772,      -59.8449,  289.9257,0.206579,  1.0081E-05
       55.3000,       25.2000,        5.0000,        0.0000,       10.0000,      280.0000,       10.0000,     2024.0000,      292.1192,        9.2310,      124.0388,        0.7284,      733.8105,        0.0097,    87642.1026,        2.3022,        9.3928,       -2.4486,       51.5281,  299.6962,0.198763,  9.1346E-06
      -68.0000,      -16.5000,     3600.0000,        0.0000,       12.0000,      172.0000,        6.0000,     2024.0000,      258.0497,       14.0062,      152.7150,        0.0752,      996.3921,        0.2637,    76144.7018,        2.8288,       11.0088,      -26.6757,       87.2293,  262.6303,0.228416,  1.6713E-05
       25.0000,       23.5000,      200.0000,        0.0000,       11.0000,       90.0000,        3.0000,     2024.0000,      304.8469,       21.7813,       63.8093,        0.3008,      407.0868,        0.5243,    89908.3156,        4.2499,       37.6645,       11.6772,      -90.0930,  305.9516,0.193759,  2.5821E-05
      -18.0000,       65.0000,       52.0000,        0.0000,       10.0000,      355.0000,       12.0000,     2024.0000,      256.7312,       14.6744,      174.4506,        0.5619,      489.3151,        0.5574,    92876.9395,        1.1455,       60.3712,       26.7631,       68.0384,  256.7312,0.233135,  7.5968E-06
      -18.0000,       65.0000,       52.0000,        0.0000,       10.0000,      355.0000,       12.0000,     2024.0000,      234.0716,       15.1345,      166.7917,        0.7755,      417.5757,        0.6471,    84940.8407,        0.9455,       89.7193,       11.2650,       52.8558,  234.3945,0.251004,  9.6163E-06
       -0.1300,       51.5100,       11.0000,        0.0000,        9.0000,       80.0000,        3.0000,     2024.0000,      278.8834,       10.7895,      226.3316,        0.6413,      501.2874,        0.4835,    91313.5302,        1.9308,       34.7612,        0.2294,       26.4900,  280.5563,0.214075,  1.1516E-05
     -122.0000,       37.5000,       25.0000,        0.0000,       12.0000,      172.0000,        6.0000,     2024.0000,      278.5811,       11.6000,      158.9409,        0.6885,     1235.5444,        0.2638,    98359.5821,        0.7786,       42.0628,      -12.4236,       52.5002,  291.3247,0.205460,  7.9992E-06
     -112.0700,       33.4500,      331.0000,        0.0000,       13.0000,      200.0000,        7.0000,     2024.0000,      286.0651,        1.5453,      294.5397,        0.3635,     1110.7309,        0.1309,    85671.3493,        3.0822,       43.9779,       18.7902,      -54.5076,  302.3705,0.196624,  3.5387E-06
      -68.0000,      -16.5000,     3600.0000,        0.0000,       12.0000,      172.0000,        6.0000,     2024.0000,      290.6469,        9.4685,      327.9979,        0.3299,      985.0563,        0.3817,    69785.8948,        3.3656,       25.3249,        3.1425,      117.1524,  297.2530,0.200718,  1.1094E-05
       -0.1300,       51.5100,       11.0000,        0.0000,        9.0000,       80.0000,        3.0000,     2024.0000,      267.9974,        0.7631,      217.6304,        0.8256,      912.0576,        0.1377,   100079.4830,        2.1290,       34.8934,       -0.7756,     -123.3036,  280.9510,0.213759,  2.0260E-06
       -0.1300,       51.5100,       11.0000,        0.0000,        9.0000,       80.0000,        3.0000,     2024.0000,      271.4040,        4.8267,      303.6889,        0.8473,      512.3163,        0.0840,    92981.1660,        0.9374,       35.5223,      -31.4731,     -111.4843,  277.6383,0.216409,  3.7948E-06
      151.2100,      -33.8700,       39.0000,        0.0000,       12.0000,      172.0000,        6.0000,     2024.0000,      310.2079,        9.3307,       59.9748,        0.7167,     1065.2147,        0.2027,   101298.4985,        0.6697,       55.8688,       21.3578,        2.0002,  310.2079,0.190354,  5.9429E-06
     -112.0700,       33.4500,      331.0000,        0.0000,       13.0000,      200.0000,        7.0000,     2024.0000,      298.7645,        4.7820,      300.5490,        0.0644,     1034.0509,        0.1156,    94731.6103,        3.8698,       14.4717,       -3.8941,      -55.1297,  315.4512,0.186159,  8.2889E-06
      103.8200,        1.3500,       15.0000,       30.0000,       14.0000,      120.0000,        4.0000,     2024.0000,      319.6368,        1.3807,      252.5295,        0.6020,     1014.8014,        0.6761,    88347.7546,        1.4416,       28.9925,        1.2222,      -52.4227,  323.7664,0.179507,  2.2154E-06
      -68.0000,      -16.5000,     3600.0000,        0.0000,       12.0000,      172.0000,        6.0000,     2024.0000,      281.4375,        1.1881,      181.1778,        0.2674,      912.3001,        0.2939,    66347.0001,        2.5579,       45.3406,       26.1563,       71.7243,  288.2525,0.207918,  2.7338E-06
       55.3000,       25.2000,        5.0000,        0.0000,       10.0000,      280.0000,       10.0000,     2024.0000,      321.0916,       10.1286,      194.7487,        0.7010,      811.9416,        0.4328,    99713.1290,        2.0779,       23.3601,      -30.4338,      -67.1488,  326.5775,0.177258,  8.6531E-06
       55.3000,       25.2000,        5.0000,        0.0000,       10.0000,      280.0000,       10.0000,     2024.0000,      310.5951,        7.2407,      116.0059,        0.1651,     1321.1738,        0.2222,    86738.4101,        4.2266,       28.9449,      -19.4392,       79.3228,  317.6115,0.184431,  9.6236E-06
     -112.0700,       33.4500,      331.0000,        0.0000,       13.0000,      200.0000,        7.0000,     2024.0000,      305.4381,        3.6715,      244.7890,        0.2656,     1327.5059,        0.3506,    87735.5829,        1.2952,       52.5418,      -24.0978,       89.9727,  322.0443,0.180885,  4.2414E-06
       55.3000,       25.2000,        5.0000,        0.0000,       10.0000,      280.0000,       10.0000,     2024.0000,      296.7713,       11.0924,      109.4967,        0.4436,      936.6026,        0.2335,    97691.8505,        2.3635,       18.8928,        3.1064,      -46.0096,  305.2127,0.194350,  1.3878E-05
       55.3000,       25.2000,        5.0000,        0.0000,       10.0000,      280.0000,       10.0000,     2024.0000,      312.6354,        3.3901,      288.7478,        0.7808,      795.8453,        0.3333,    95800.5390,        1.4911,       20.1872,       -0.5355,      -42.3795,  326.0943,0.177645,  4.9902E-06
      103.8200,        1.3500,       15.0000,       30.0000,       14.0000,      120.0000,        4.0000,     2024.0000,      305.3531,        0.0706,      226.9901,        0.6837,      802.5990,        0.7986,    96629.6417,        2.3756,        1.2043,      -18.1439,       14.4253,  309.5181,0.190906,  1.7193E-06
       25.0000,       23.5000,      200.0000,        0.0000,       11.0000,       90.0000,        3.0000,     2024.0000,      308.8604,       16.2616,      155.8182,        0.2290,      931.2185,        0.7723,    95325.7198,        4.1335,        0.5725,       20.5687,       24.0991,  310.4330,0.190174,  2.0100E-05
      151.2100,      -33.8700,       39.0000,        0.0000,       12.0000,      172.0000,        6.0000,     2024.0000,      303.7174,        9.3782,       86.1367,        0.7542,     1333.9277,        0.3241,    92086.0692,        2.5486,       54.9157,        1.6796,     -112.1880,  311.0154,0.189708,  1.1429E-05
     -112.0700,       33.4500,      331.0000,        0.0000,       13.0000,      200.0000,        7.0000,     2024.0000,      310.2210,       10.2525,      304.3969,        0.3328,      906.4659,        0.0470,    99723.2612,        3.0354,       37.2383,       14.5074,       56.5302,  320.3687,0.182225,  7.9059E-06
      151.2100,      -33.8700,       39.0000,        0.0000,       12.0000,      172.0000,        6.0000,     2024.0000,      279.0776,        9.2278,      170.5716,        0.2302,      896.5122,        0.1456,    88578.3206,        2.0119,       46.1027,       -3.8705,       89.7634,  283.4463,0.211763,  6.3714E-06
      103.8200,        1.3500,       15.0000,       30.0000,       14.0000,      120.0000,        4.0000,     2024.0000,      320.9890,        2.1724,      163.3067,        0.9777,      933.6167,        0.8284,    91489.0935,        2.1715,       24.0071,      -25.6000,      -76.2461,  322.8651,0.180228,  3.2523E-06
      103.8200,        1.3500,       15.0000,       30.0000,       14.0000,      120.0000,        4.0000,     2024.0000,      309.6204,        4.2454,      179.3677,        0.9666,      936.3842,        0.9646,    89571.7721,        0.6476,       34.1430,      -31.3332,      -54.8641,  309.8576,0.190634,  3.0943E-06
     -112.0700,       33.4500,      331.0000,        0.0000,       13.0000,      200.0000,        7.0000,     2024.0000,      284.3664,        1.5771,      191.3048,        0.4146,     1338.3569,        0.1081,    98248.1351,        3.0097,       27.3746,        7.0063,       13.2330,  316.8520,0.185038,  3.9312E-06
     -122.0000,       37.5000,       25.0000,        0.0000,       12.0000,      172.0000,        6.0000,     2024.0000,      322.2080,        8.2035,      309.4317,        0.2448,     1152.3862,        0.3595,    88505.0441,        2.8940,       41.8785,        2.0083,      -29.2845,  331.9239,0.172981,  1.2690E-05
      -18.0000,       65.0000,       52.0000,        0.0000,       10.0000,      355.0000,       12.0000,     2024.0000,      260.3346,        8.8275,      259.5915,        0.7858,       63.2699,        0.6675,    87884.3134,        0.6045,       86.2976,       -4.8469,     -123.7641,  260.3346,0.230252,  5.1150E-06
       -0.1300,       51.5100,       11.0000,        0.0000,        9.0000,       80.0000,        3.0000,     2024.0000,      274.2499,        7.6350,      328.2660,        0.5737,      518.1833,        0.4057,    91360.4655,        1.0949,       17.3051,       -8.9127,      -82.7776,  278.2419,0.215926,  5.3421E-06
      -68.0000,      -16.5000,     3600.0000,        0.0000,       12.0000,      172.0000,        6.0000,     2024.0000,      295.8700,        3.1270,      218.1702,        0.2125,     1117.3820,        0.2642,    77447.2079,        3.4243,       40.0433,       21.7299,       56.3028,  302.3946,0.196604,  5.1699E-06
      -18.0000,       65.0000,       52.0000,        0.0000,       10.0000,      355.0000,       12.0000,     2024.0000,      248.0623,        5.4305,       95.0033,        0.5963,      426.3168,        0.7015,    99031.4129,        0.7630,       78.8382,      -10.5390,      -33.1197,  251.0121,0.237710,  3.3107E-06
       25.0000,       23.5000,      200.0000,        0.0000,       11.0000,       90.0000,        3.0000,     2024.0000,      305.5509,       20.2334,      122.4924,        0.3343,      784.8118,        0.9484,    88078.2746,        4.1658,       53.5461,        4.6493,      101.0488,  305.6328,0.194014,  1.9605E-05
      -68.0000,      -16.5000,     3600.0000,        0.0000,       12.0000,      172.0000,        6.0000,     2024.0000,      264.2930,       12.7631,      270.6085,        0.5158,      893.5746,        0.0755,    62033.1313,        2.0316,       48.0918,       -0.9193,       31.9460,  265.3374,0.226250,  1.1764E-05
      103.8200,        1.3500,       15.0000,       30.0000,       14.0000,      120.0000,        4.0000,     2024.0000,      309.2453,        5.0955,      168.9048,        0.6874,     1314.0652,        0.8425,    98771.6050,        1.4859,       28.6538,      -16.9537,      -40.0918,  311.1774,0.189578,  5.5793E-06
      151.2100,      -33.8700,       39.0000,        0.0000,       12.0000,      172.0000,        6.0000,     2024.0000,      291.6073,       10.4249,       93.9838,        0.4101,     1244.7060,        0.4221,    98101.8725,        1.8433,       77.5879,       10.8617,      -33.3808,  291.6073,0.205234,  9.8804E-06
       25.0000,       23.5000,      200.0000,        0.0000,       11.0000,       90.0000,        3.0000,     2024.0000,      293.8415,       21.7707,       16.6056,        0.3889,      761.1258,        0.3549,   100054.6750,        4.1146,       54.8339,       14.5799,       13.9773,  296.1257,0.201619,  2.4744E-05
      -18.0000,       65.0000,       52.0000,        0.0000,       10.0000,      355.0000,       12.0000,     2024.0000,      242.6823,        5.5124,      176.1274,        0.5069,      575.6607,        0.6655,    96669.2812,        1.2916,       74.3710,       -0.9335,      -10.1193,  246.5706,0.241263,  4.0485E-06
     -122.0000,       37.5000,       25.0000,        0.0000,       12.0000,      172.0000,        6.0000,     2024.0000,      282.0623,        4.2035,      355.9006,        0.4915,     1064.1612,        0.2440,    96448.9277,        0.9483,       49.8800,      -21.9122,      -82.5334,  295.0397,0.202488,  3.8179E-06
     -122.0000,       37.5000,       25.0000,        0.0000,       12.0000,      172.0000,        6.0000,     2024.0000,      296.4244,        0.9009,      272.0857,        0.2495,     1101.1672,        0.3698,    89306.1054,        3.1105,       53.4549,      -21.0799,      -33.4471,  311.3067,0.189475,  3.0357E-06
      151.2100,      -33.8700,       39.0000,        0.0000,       12.0000,      172.0000,        6.0000,     2024.0000,      257.7794,        0.7486,       30.7011,        0.4016,     1139.0130,        0.4546,    93275.4012,        1.7340,       70.4961,      -11.9890,       30.2495,  257.7794,0.232296,  1.0982E-06
       55.3000,       25.2000,        5.0000,        0.0000,       10.0000,      280.0000,       10.0000,     2024.0000,      279.0910,        0.8758,      203.1281,        0.3257,      780.1098,        0.3853,    99321.4674,        1.6794,       30.5156,       -8.9962,     -101.2560,  291.9130,0.204990,  1.9203E-06
       -0.1300,       51.5100,       11.0000,        0.0000,        9.0000,       80.0000,        3.0000,     2024.0000,      288.3879,        2.9556,      236.9229,        0.4935,      372.6988,        0.4062,    95507.4374,        0.8116,       27.7199,      -23.7450,     -102.7041,  292.2980,0.204682,  2.5005E-06
       -0.1300,       51.5100,       11.0000,        0.0000,        9.0000,       80.0000,        3.0000,     2024.0000,      256.8616,        5.0518,      158.5819,        0.3592,      686.3331,        0.0739,    93937.6670,        2.6202,       52.6670,       -1.6482,       -2.3481,  265.7714,0.225903,  5.4364E-06
      -18.0000,       65.0000,       52.0000,        0.0000,       10.0000,      355.0000,       12.0000,     2024.0000,      235.8292,       14.0420,       96.6645,        0.7329,      335.2381,        0.4591,    88297.1103,        2.2528,       65.6722,        5.9518,       -0.1315,  237.3103,0.248672,  1.1465E-05
       -0.1300,       51.5100,       11.0000,        0.0000,        9.0000,       80.0000,        3.0000,     2024.0000,      288.3285,       11.0553,      305.7768,        0.8530,      763.1300,        0.7171,    89758.4182,        3.0714,       50.1952,       15.3167,      -29.7270,  290.5743,0.206061,  1.2162E-05
       -0.1300,       51.5100,       11.0000,        0.0000,        9.0000,       80.0000,        3.0000,     2024.0000,      293.6602,        8.2876,      302.4296,        0.5650,      549.0247,        0.1093,    93895.8380,        0.7618,       59.9239,      -15.5974,      119.8075,  293.6602,0.203592,  7.1096E-06
       25.0000,       23.5000,      200.0000,        0.0000,       11.0000,       90.0000,        3.0000,     2024.0000,      280.6991,       21.0304,       47.0611,        0.2321,      806.5666,        0.7603,    94857.5614,        3.6286,       12.7505,      -19.3235,       10.3874,  281.8524,0.213038,  2.3073E-05
       55.3000,       25.2000,        5.0000,        0.0000,       10.0000,      280.0000,       10.0000,     2024.0000,      305.2119,       10.6276,      262.6234,        0.2802,      927.9523,        0.4249,    97144.1156,        2.5563,       32.8508,       -9.7828,      -11.4822,  311.4528,0.189358,  1.0781E-05
      -18.0000,       65.0000,       52.0000,        0.0000,       10.0000,      355.0000,       12.0000,     2024.0000,      242.1968,       20.2431,      199.7144,        0.8953,        9.2189,        0.8865,    95922.6804,        0.7098,       64.8103,      -12.8344,      -49.2332,  242.2065,0.244755,  1.2696E-05
      103.8200,        1.3500,       15.0000,       30.0000,       14.0000,      120.0000,        4.0000,     2024.0000,      298.8658,        1.7341,      298.9861,        0.6033,      634.8246,        0.8545,    95803.5447,        2.4742,        7.2495,       11.2454,       97.1973,  301.0595,0.197672,  3.1866E-06
     -122.0000,       37.5000,       25.0000,        0.0000,       12.0000,      172.0000,        6.0000,     2024.0000,      281.9880,       10.3877,      358.6344,        0.6122,     1191.1048,        0.4394,    88259.4536,        1.8313,       46.5304,       11.1267,       77.7110,  288.8206,0.207464,  9.3883E-06
      103.8200,        1.3500,       15.0000,       30.0000,       14.0000,      120.0000,        4.0000,     2024.0000,      295.5850,        4.4997,       60.3037,        0.8050,     1028.1889,        0.9162,    87368.2159,        1.6294,       32.1387,      -24.4061,      -92.5492,  296.2389,0.201529,  4.9308E-06
      103.8200,        1.3500,       15.0000,       30.0000,       14.0000,      120.0000,        4.0000,     2024.0000,      272.6644,        1.1628,      186.1492,        0.9680,     1011.6901,        0.8296,    87784.3511,        2.2669,       15.3780,        5.8266,      -53.2069,  275.6756,0.217980,  2.6516E-06
     -112.0700,       33.4500,      331.0000,        0.0000,       13.0000,      200.0000,        7.0000,     2024.0000,      287.0124,        2.7797,      349.8148,        0.0012,     1325.4116,        0.1158,    87125.9231,        3.9078,       50.6046,        9.9473,       82.2630,  310.2362,0.190331,  4.8966E-06
      151.2100,      -33.8700,       39.0000,        0.0000,       12.0000,      172.0000,        6.0000,     2024.0000,      301.9260,        4.2777,        7.2802,        0.7162,     1294.0152,        0.3584,    95206.9132,        1.5612,       40.6587,      -22.2445,       78.7512,  307.7272,0.192338,  4.2010E-06
      -18.0000,       65.0000,       52.0000,        0.0000,       10.0000,      355.0000,       12.0000,     2024.0000,      252.8176,        5.1023,      118.5729,        0.6691,       65.9916,        0.3415,    93547.7469,        2.7723,       86.7239,       25.6310,       99.0122,  252.8176,0.236266,  7.0763E-06
      -68.0000,      -16.5000,     3600.0000,        0.0000,       12.0000,      172.0000,        6.0000,     2024.0000,      288.7406,        6.1208,      233.8020,        0.1207,     1026.1884,        0.2737,    66596.3546,        1.0977,       27.6648,       13.3260,       11.4147,  295.1803,0.202376,  5.6884E-06
       55.3000,       25.2000,        5.0000,        0.0000,       10.0000,      280.0000,       10.0000,     2024.0000,      280.5793,        3.5189,       62.5778,        0.3393,     1174.1793,        0.3637,   101059.3551,        3.0151,       42.0464,      -29.2440,       31.9195,  289.8876,0.206610,  5.0449E-06
      -18.0000,       65.0000,       52.0000,        0.0000,       10.0000,      355.0000,       12.0000,     2024.0000,      236.9890,        9.1842,       76.9575,        0.4516,      315.6823,        0.5195,    93094.7897,        2.5622,       84.5337,      -15.6884,       92.0659,  236.9890,0.248929,  7.9098E-06
      103.8200,        1.3500,       15.0000,       30.0000,       14.0000,      120.0000,        4.0000,     2024.0000,      316.0509,        0.8756,      184.2609,        0.8632,      891.7749,        0.6960,    94336.6677,        1.1671,       34.2101,       21.6909,       39.8816,  322.6737,0.180381,  1.6691E-06
       25.0000,       23.5000,      200.0000,        0.0000,       11.0000,       90.0000,        3.0000,     2024.0000,      279.3333,       19.7119,      137.1006,        0.3558,      963.9278,        0.6154,    87651.7558,        4.9113,       43.4163,      -20.9030,       46.4016,  281.0152,0.213708,  2.2923E-05
     -122.0000,       37.5000,       25.0000,        0.0000,       12.0000,      172.0000,        6.0000,     2024.0000,      296.4244,        7.9993,      320.8777,        0.4606,     1271.0232,        0.2043,    89859.8762,        0.5822,       28.1566,        2.3475,       38.5947,  318.3648,0.183828,  4.9047E-06
       -0.1300,       51.5100,       11.0000,        0.0000,        9.0000,       80.0000,        3.0000,     2024.0000,      303.4168,        0.0352,      140.6783,        0.8536,      757.3064,        0.2610,    87245.6872,        0.8106,       37.0014,        1.7767,      -96.6639,  318.8733,0.183421,  8.9931E-07
     -122.0000,       37.5000,       25.0000,        0.0000,       12.0000,      172.0000,        6.0000,     2024.0000,      290.3000,        6.8938,      186.6129,        0.6665,      798.4288,        0.2631,    99470.9476,        2.9230,        0.0766,       29.4023,       51.1733,  298.4707,0.199743,  9.1353E-06
      -68.0000,      -16.5000,     3600.0000,        0.0000,       12.0000,      172.0000,        6.0000,     2024.0000,      254.1406,       16.5357,      336.4327,        0.5420,     1228.2047,        0.1832,    70483.1024,        2.9059,       41.5417,       26.7864,      104.2986,  259.0481,0.231282,  1.9652E-05
       -0.1300,       51.5100,       11.0000,        0.0000,        9.0000,       80.0000,        3.0000,     2024.0000,      285.5845,       11.0745,      128.3669,        0.7485,      428.8063,        0.7092,    97664.9845,        3.0594,       39.9233,      -12.8111,     -111.0308,  286.4752,0.209340,  1.1899E-05
      -18.0000,       65.0000,       52.0000,        0.0000,       10.0000,      355.0000,       12.0000,     2024.0000,      240.9523,       14.7007,      246.2122,        0.5975,      584.3871,        0.5642,    85111.6619,        2.8314,       71.6871,       17.7675,      -91.4946,  241.8307,0.245055,  1.3436E-05
       55.3000,       25.2000,        5.0000,        0.0000,       10.0000,      280.0000,       10.0000,     2024.0000,      318.7036,        8.6813,       79.8247,        0.2869,      955.8528,        0.2559,    92599.6556,        3.2394,       11.0046,      -30.0064,       93.3610,  324.2305,0.179136,  1.0312E-05
      151.2100,      -33.8700,       39.0000,        0.0000,       12.0000,      172.0000,        6.0000,     2024.0000,      300.6854,        9.1986,       19.4929,        0.4892,     1224.9418,        0.2201,    96129.7709,        2.2232,       64.4436,       -7.3959,       -4.0809,  300.6854,0.197972,  1.1710E-05
       55.3000,       25.2000,        5.0000,        0.0000,       10.0000,      280.0000,       10.0000,     2024.0000,      281.8387,        5.9661,      261.6766,        0.6510,      710.4679,        0.4040,    92909.2573,        2.1023,       26.8850,      -13.5634,       70.0239,  285.9642,0.209749,  5.8531E-06
       25.0000,       23.5000,      200.0000,        0.0000,       11.0000,       90.0000,        3.0000,     2024.0000,      318.8119,       20.4248,      186.6594,        0.3443,      180.4095,        0.8164,    99304.2901,        3.5687,       51.8326,       25.2667,      -39.1293,  319.0024,0.183318,  2.8285E-05
       25.0000,       23.5000,      200.0000,        0.0000,       11.0000,       90.0000,        3.0000,     2024.0000,      315.5889,       13.4003,      166.6495,        0.1313,      272.1248,        0.8591,    93938.2305,        3.9807,        9.2104,       29.7849,     -109.8342,  315.9048,0.185796,  1.5488E-05
       55.3000,       25.2000,        5.0000,        0.0000,       10.0000,      280.0000,       10.0000,     2024.0000,      282.3776,       11.6449,      286.3229,        0.2052,      632.4027,        0.3428,    97991.6776,        2.4362,       27.1770,      -22.0802,       35.4541,  285.5782,0.210057,  9.7117E-06
     -112.0700,       33.4500,      331.0000,        0.0000,       13.0000,      200.0000,        7.0000,     2024.0000,      309.9386,       10.1477,      244.2390,        0.0010,      927.1968,        0.3725,    91719.4386,        2.0021,       35.6010,        7.0426,       66.6664,  318.1526,0.183998,  1.0518E-05
       -0.1300,       51.5100,       11.0000,        0.0000,        9.0000,       80.0000,        3.0000,     2024.0000,      309.5459,        6.7772,      111.8728,        0.8715,      841.9093,        0.2751,    92993.7201,        1.2441,       18.4427,      -29.2894,       -0.8213,  316.4475,0.185362,  7.0583E-06
      103.8200,        1.3500,       15.0000,       30.0000,       14.0000,      120.0000,        4.0000,     2024.0000,      291.8302,        5.4692,      194.2265,        0.8463,     1134.7968,        0.7103,    86965.6311,        1.8686,       10.6901,       -0.8172,       46.8058,  297.5291,0.200497,  5.2145E-06
      -68.0000,      -16.5000,     3600.0000,        0.0000,       12.0000,      172.0000,        6.0000,     2024.0000,      289.4497,       12.6416,      201.6117,        0.2621,     1053.7916,        0.1552,    78416.7453,        1.4785,       13.9807,       11.9319,       59.7098,  297.5935,0.200445,  1.1917E-05
      103.8200,        1.3500,       15.0000,       30.0000,       14.0000,      120.0000,        4.0000,     2024.0000,      304.1414,        3.2406,      136.1013,        0.8225,      702.1584,        0.7357,    91718.1191,        0.7820,       17.9535,      -26.5621,       -6.1442,  307.3302,0.192656,  3.0025E-06
     -112.0700,       33.4500,      331.0000,        0.0000,       13.0000,      200.0000,        7.0000,     2024.0000,      301.8889,        3.8091,      222.9815,        0.2200,      914.6841,        0.1190,    95240.2062,        3.3596,        2.8151,       24.4015,       73.3814,  317.8025,0.184278,  7.8358E-06
     -122.0000,       37.5000,       25.0000,        0.0000,       12.0000,      172.0000,        6.0000,     2024.0000,      322.1411,        6.1637,      175.5698,        0.6656,     1028.2998,        0.0134,    88588.7219,        1.4791,       33.2858,      -15.9870,     -140.2988,  337.6606,0.168391,  5.7932E-06
      -68.0000,      -16.5000,     3600.0000,        0.0000,       12.0000,      172.0000,        6.0000,     2024.0000,      275.4747,        3.5688,      156.3049,        0.0321,     1299.3817,        0.1651,    71227.5024,        2.0330,       38.8897,      -21.3212,     -125.1092,  296.0395,0.201688,  4.7480E-06
       55.3000,       25.2000,        5.0000,        0.0000,       10.0000,      280.0000,       10.0000,     2024.0000,      310.7794,        0.6010,      200.6587,        0.6443,     1061.3396,        0.2480,    99931.3501,        3.0604,       45.5894,        4.5684,       57.4453,  320.9593,0.181753,  2.2736E-06
       -0.1300,       51.5100,       11.0000,        0.0000,        9.0000,       80.0000,        3.0000,     2024.0000,      300.8901,        5.9553,       99.9504,        0.7599,      711.4863,        0.3069,    91633.7714,        2.3330,       39.4014,      -30.8919,      -10.0753,  307.1403,0.192808,  6.2978E-06
     -122.0000,       37.5000,       25.0000,        0.0000,       12.0000,      172.0000,        6.0000,     2024.0000,      296.9606,        5.3500,      196.3573,        0.3024,     1065.5255,        0.2503,    93108.2424,        0.7164,       37.1612,      -10.8513,      109.7635,  311.8028,0.189078,  4.3173E-06
      -68.0000,      -16.5000,     3600.0000,        0.0000,       12.0000,      172.0000,        6.0000,     2024.0000,      261.3421,        4.6826,      215.4551,        0.1093,     1081.4286,        0.1697,    77981.1391,        1.2365,       37.8419,       -8.9698,       61.8118,  270.3324,0.222254,  4.1436E-06
     -112.0700,       33.4500,      331.0000,        0.0000,       13.0000,      200.0000,        7.0000,     2024.0000,      304.3047,        5.6497,      275.6031,        0.2805,     1264.8606,        0.1811,    97964.9770,        1.1212,        2.0346,       -9.9117,       49.3549,  328.1842,0.175973,  5.1614E-06
       -0.1300,       51.5100,       11.0000,        0.0000,        9.0000,       80.0000,        3.0000,     2024.0000,      296.8379,        0.3225,      201.7308,        0.5545,      940.9641,        0.3277,    97419.4303,        2.7874,       32.9074,       18.3799,       34.9978,  304.6697,0.194784,  2.0003E-06
     -112.0700,       33.4500,      331.0000,        0.0000,       13.0000,      200.0000,        7.0000,     2024.0000,      290.7233,        4.3159,      269.6115,        0.0084,      918.3228,        0.3200,    98933.9763,        2.1284,       42.8924,        2.1188,      108.8950,  302.2555,0.196716,  5.1454E-06
      -68.0000,      -16.5000,     3600.0000,        0.0000,       12.0000,      172.0000,        6.0000,     2024.0000,      284.8661,       16.3326,      343.1212,        0.4108,     1082.0607,        0.2565,    70436.1910,        1.4682,       35.3932,      -28.6303,     -121.4160,  291.4969,0.205322,  1.2926E-05
     -112.0700,       33.4500,      331.0000,        0.0000,       13.0000,      200.0000,        7.0000,     2024.0000,      316.8385,        8.3373,      237.7269,        0.0586,     1308.4947,        0.0727,    90956.2110,        3.5106,        7.7660,      -12.8153,      -52.7569,  333.4653,0.171748,  1.0770E-05
     -112.0700,       33.4500,      331.0000,        0.0000,       13.0000,      200.0000,        7.0000,     2024.0000,      285.4550,        4.5501,      221.1272,        0.2045,     1330.1272,        0.3656,    85328.5790,        1.1893,       26.4330,        5.1125,       72.3770,  306.4661,0.193347,  4.5317E-06
      103.8200,        1.3500,       15.0000,       30.0000,       14.0000,      120.0000,        4.0000,     2024.0000,      274.4410,        4.7921,      265.9676,        0.9378,      906.2015,        0.7986,    87621.2602,        1.5806,       34.9975,       -7.2804,      -98.9123,  275.7780,0.217898,  4.5980E-06
      -68.0000,      -16.5000,     3600.0000,        0.0000,       12.0000,      172.0000,        6.0000,     2024.0000,      300.6109,       11.4971,      245.4923,        0.1054,     1021.9728,        0.0461,    72936.8622,        2.9386,       37.2692,        5.1639,     -102.1409,  308.4030,0.191798,  1.5133E-05
       25.0000,       23.5000,      200.0000,        0.0000,       11.0000,       90.0000,        3.0000,     2024.0000,      304.1173,       22.9035,      214.6494,        0.0724,      961.4030,        0.8369,    92135.4978,        4.8444,       49.1093,       23.3232,      -17.3298,  304.9279,0.194578,  2.3846E-05
       25.0000,       23.5000,      200.0000,        0.0000,       11.0000,       90.0000,        3.0000,     2024.0000,      313.2995,       23.9306,      206.8438,        0.3056,      583.9989,        0.9622,    89463.8803,        4.1889,       61.3667,      -16.6263,      -16.0151,  313.3998,0.187800,  2.7690E-05
     -112.0700,       33.4500,      331.0000,        0.0000,       13.0000,      200.0000,        7.0000,     2024.0000,      283.9621,        8.4248,      222.6190,        0.3685,     1231.4687,        0.0220,   100131.4405,        1.3586,       42.6350,      -17.2576,     -104.1549,  294.8356,0.202651,  8.5053E-06
      -18.0000,       65.0000,       52.0000,        0.0000,       10.0000,      355.0000,       12.0000,     2024.0000,      241.5176,        6.8658,      115.1315,        0.6673,       98.8850,        0.3117,    94515.4033,        2.2302,       55.4771,       10.2217,      -37.5515,  242.4353,0.244572,  5.8773E-06
       25.0000,       23.5000,      200.0000,        0.0000,       11.0000,       90.0000,        3.0000,     2024.0000,      284.2729,       17.0155,        5.5973,        0.0847,      734.5740,        0.6811,    99641.4134,        4.3289,       11.7912,       -7.6178,        8.1215,  286.0626,0.209670,  1.7388E-05
      151.2100,      -33.8700,       39.0000,        0.0000,       12.0000,      172.0000,        6.0000,     2024.0000,      266.0437,        1.1844,       72.5184,        0.4205,      656.5931,        0.0124,    96135.1974,        0.6553,       75.8714,       12.7703,       69.0080,  266.0437,0.225685,  1.3428E-06
      151.2100,      -33.8700,       39.0000,        0.0000,       12.0000,      172.0000,        6.0000,     2024.0000,      319.4421,        1.7682,      118.9080,        0.8992,      958.3646,        0.3807,    92511.5553,        3.0547,       84.0153,        3.7952,        0.8369,  319.4421,0.182966,  2.8531E-06
      -18.0000,       65.0000,       52.0000,        0.0000,       10.0000,      355.0000,       12.0000,     2024.0000,      240.2998,        9.4726,       88.9912,        0.4725,      108.7777,        0.9349,    92627.1103,        1.6362,       56.7682,        3.6738,     -119.9024,  240.2998,0.246280,  7.2274E-06
       25.0000,       23.5000,      200.0000,        0.0000,       11.0000,       90.0000,        3.0000,     2024.0000,      296.4590,       19.2748,       28.0134,        0.1853,      353.0257,        0.5598,    94247.3875,        3.4271,        4.6559,       14.3893,      117.0520,  297.4286,0.200577,  2.1750E-05
       25.0000,       23.5000,      200.0000,        0.0000,       11.0000,       90.0000,        3.0000,     2024.0000,      306.3788,       22.4307,       44.1381,        0.3843,      565.7431,        0.5568,    91380.7232,        3.6775,       22.0424,       -0.3197,       56.3177,  307.7265,0.192339,  2.5469E-05
       25.0000,       23.5000,      200.0000,        0.0000,       11.0000,       90.0000,        3.0000,     2024.0000,      284.9888,       22.3776,      213.0484,        0.4407,       29.6864,        0.6354,    92277.7072,        4.5928,        8.5170,       32.2002,      -11.0666,  285.0440,0.210485,  3.3275E-05
       25.0000,       23.5000,      200.0000,        0.0000,       11.0000,       90.0000,        3.0000,     2024.0000,      309.5347,       19.3206,      153.0339,        0.3874,      135.5314,        0.3915,    90296.5641,        2.6190,       55.7510,       -1.6068,       88.3228,  309.7298,0.190736,  1.9444E-05
       25.0000,       23.5000,      200.0000,        0.0000,       11.0000,       90.0000,        3.0000,     2024.0000,      322.5854,       23.8070,      183.9151,        0.0021,      790.4473,        0.4404,    94572.8110,        3.8631,       22.6179,      -13.0688,      -61.1345,  325.2421,0.178326,  2.8154E-05
      103.8200,        1.3500,       15.0000,       30.0000,       14.0000,      120.0000,        4.0000,     2024.0000,      296.1972,        4.9398,       96.1505,        0.7771,      743.0165,        0.6093,    98106.6273,        2.0955,        6.3214,       13.0053,       11.9087,  300.8571,0.197834,  7.4299E-06
       55.3000,       25.2000,        5.0000,        0.0000,       10.0000,      280.0000,       10.0000,     2024.0000,      281.6911,        2.2553,      176.6700,        0.5869,     1313.5034,        0.4446,    92583.4462,        4.2485,       32.3305,      -25.5823,      -84.0668,  297.2429,0.200726,  4.1081E-06
      -18.0000,       65.0000,       52.0000,        0.0000,       10.0000,      355.0000,       12.0000,     2024.0000,      242.1304,       14.7389,      259.7151,        0.9000,       64.8403,        0.8559,    88887.6849,        1.2756,       77.4253,       -7.7004,       85.4870,  242.1304,0.244816,  8.4836E-06
      -68.0000,      -16.5000,     3600.0000,        0.0000,       12.0000,      172.0000,        6.0000,     2024.0000,      299.8149,        7.0080,      193.5849,        0.1721,     1170.8071,        0.0214,    64410.9850,        2.4172,       44.8730,       30.0804,      100.1959,  310.6385,0.190009,  8.6616E-06
       -0.1300,       51.5100,       11.0000,        0.0000,        9.0000,       80.0000,        3.0000,     2024.0000,      264.1298,        2.0742,      336.9556,        0.3831,     1270.2488,        0.2041,    87503.5926,        0.5244,       63.4714,      -28.9273,      -74.1863,  290.8295,0.205856,  2.3303E-06
       -0.1300,       51.5100,       11.0000,        0.0000,        9.0000,       80.0000,        3.0000,     2024.0000,      290.9322,       12.9156,      275.3793,        0.5866,      962.7010,        0.5597,    89122.4782,        2.1529,       15.5343,       17.7175,      -32.3535,  294.0222,0.203302,  1.0270E-05
     -112.0700,       33.4500,      331.0000,        0.0000,       13.0000,      200.0000,        7.0000,     2024.0000,      323.0221,        9.5385,      210.5777,        0.3976,      887.7891,        0.2772,    93906.6437,        0.9334,       37.1562,      -22.4955,     -111.9117,  329.7876,0.174690,  5.6269E-06
       55.3000,       25.2000,        5.0000,        0.0000,       10.0000,      280.0000,       10.0000,     2024.0000,      312.1191,        8.3156,       73.2381,        0.2232,      944.6948,        0.0035,    96247.3303,        2.5812,        8.4963,      -11.0069,       44.2311,  322.4462,0.180563,  1.1341E-05
      -18.0000,       65.0000,       52.0000,        0.0000,       10.0000,      355.0000,       12.0000,     2024.0000,      263.1857,       17.3068,      147.0639,        0.9751,      292.1020,        0.8413,    87382.8058,        2.6756,       54.2469,       24.8208,       63.4476,  263.1857,0.227971,  1.7637E-05
     -122.0000,       37.5000,       25.0000,        0.0000,       12.0000,      172.0000,        6.0000,     2024.0000,      296.8002,        0.6703,      246.0376,        0.5584,     1241.2395,        0.1040,    96208.7301,        0.6216,       31.9215,      -15.7463,      -11.1254,  334.0485,0.171281,  1.6564E-06
      -68.0000,      -16.5000,     3600.0000,        0.0000,       12.0000,      172.0000,        6.0000,     2024.0000,      284.4891,        5.1551,      175.3369,        0.2089,     1340.1493,        0.3892,    69894.8045,        3.3949,       44.8243,       -0.3406,      -85.2514,  292.4308,0.204575,  8.6931E-06
       55.3000,       25.2000,        5.0000,        0.0000,       10.0000,      280.0000,       10.0000,     2024.0000,      318.0999,        0.1712,       80.5114,        0.7256,      913.3490,        0.2460,    98752.7311,        3.0451,       43.2556,        9.1615,       80.4529,  323.9634,0.179349,  1.4834E-06
     -112.0700,       33.4500,      331.0000,        0.0000,       13.0000,      200.0000,        7.0000,     2024.0000,      283.9094,        9.5137,      302.1153,        0.2418,      888.4168,        0.1142,    95894.8808,        3.6275,       32.7798,      -18.6283,       15.5082,  293.1154,0.204028,  1.2479E-05
       55.3000,       25.2000,        5.0000,        0.0000,       10.0000,      280.0000,       10.0000,     2024.0000,      295.7508,        8.3298,      245.0191,        0.8045,     1276.5309,        0.0235,    88595.3856,        3.7102,       43.0453,      -29.1724,      124.6308,  296.8906,0.201008,  1.0741E-05
      -18.0000,       65.0000,       52.0000,        0.0000,       10.0000,      355.0000,       12.0000,     2024.0000,      254.3221,       12.0227,       70.5898,        0.6135,      272.8490,        0.9500,    89701.4236,        1.9839,       66.5850,       28.2081,      -64.1081,  254.4315,0.234975,  9.8883E-06
     -112.0700,       33.4500,      331.0000,        0.0000,       13.0000,      200.0000,        7.0000,     2024.0000,      301.1580,        5.1746,      192.2811,        0.4736,     1038.1079,        0.1820,    92272.1496,        0.9550,       33.8673,        7.8471,     -105.7235,  314.6692,0.186785,  4.4345E-06
      103.8200,        1.3500,       15.0000,       30.0000,       14.0000,      120.0000,        4.0000,     2024.0000,      293.8000,        5.1084,      164.7071,        0.6465,     1295.2081,        0.7207,    99234.5738,        2.0304,       15.3475,       17.8516,      -18.9949,  298.5322,0.199694,  5.9045E-06
     -112.0700,       33.4500,      331.0000,        0.0000,       13.0000,      200.0000,        7.0000,     2024.0000,      298.0507,        9.2080,      257.5920,        0.2401,     1242.8987,        0.1540,    88518.6871,        3.3568,        6.3676,      -31.3397,       15.1137,  310.0371,0.190490,  1.2509E-05
     -122.0000,       37.5000,       25.0000,        0.0000,       12.0000,      172.0000,        6.0000,     2024.0000,      307.0403,        7.3833,      298.4378,        0.2056,     1034.6573,        0.2096,   100738.4092,        3.0900,       40.5370,        1.4384,       80.4700,  317.0698,0.184864,  8.1512E-06
      -68.0000,      -16.5000,     3600.0000,        0.0000,       12.0000,      172.0000,        6.0000,     2024.0000,      292.9713,        4.7406,      349.7248,        0.3387,     1293.1552,        0.3797,    61579.4823,        3.3988,        3.7241,       -8.8047,      -97.7968,  305.3315,0.194255,  5.5774E-06
      151.2100,      -33.8700,       39.0000,        0.0000,       12.0000,      172.0000,        6.0000,     2024.0000,      280.6440,        9.7301,      187.6500,        0.4015,     1264.2021,        0.4894,    95070.9605,        2.5169,       26.7574,       26.3477,      -86.0352,  284.2031,0.211158,  8.3601E-06
       55.3000,       25.2000,        5.0000,        0.0000,       10.0000,      280.0000,       10.0000,     2024.0000,      290.6169,        3.0058,      239.1472,        0.5039,      914.6634,        0.4491,    97302.6535,        2.9537,        7.8225,       16.5283,       95.4788,  298.1707,0.199983,  4.7375E-06
       -0.1300,       51.5100,       11.0000,        0.0000,        9.0000,       80.0000,        3.0000,     2024.0000,      297.9529,        1.3730,      328.5980,        0.9266,      531.6619,        0.2346,    91501.7056,        1.1713,       41.5210,       27.7496,      102.4337,  297.9529,0.200158,  1.6975E-06
     -112.0700,       33.4500,      331.0000,        0.0000,       13.0000,      200.0000,        7.0000,     2024.0000,      307.1405,        1.2215,      321.2439,        0.2239,     1101.0698,        0.0509,    94004.5825,        3.2899,       25.9611,        8.1592,     -112.9713,  329.8315,0.174655,  4.1001E-06
       55.3000,       25.2000,        5.0000,        0.0000,       10.0000,      280.0000,       10.0000,     2024.0000,      314.2483,        5.8417,      245.0057,        0.4444,     1176.7219,        0.2028,    92055.7136,        2.3688,        9.6068,       19.3714,      -55.0683,  328.8965,0.175403,  7.3017E-06
     -122.0000,       37.5000,       25.0000,        0.0000,       12.0000,      172.0000,        6.0000,     2024.0000,      300.0671,       11.8824,      320.5439,        0.6346,     1180.2148,        0.2789,    92780.8686,        1.4734,       46.5590,       20.8402,       84.0721,  308.1774,0.191978,  1.1747E-05
       25.0000,       23.5000,      200.0000,        0.0000,       11.0000,       90.0000,        3.0000,     2024.0000,      321.7216,       18.0012,      116.0756,        0.1427,      796.0083,        0.8429,    87354.8334,        3.7344,       50.1192,       -3.0905,      -16.4175,  322.6056,0.180435,  2.3878E-05
      151.2100,      -33.8700,       39.0000,        0.0000,       12.0000,      172.0000,        6.0000,     2024.0000,      296.9221,        0.9829,       86.6112,        0.8619,     1173.6260,        0.3462,    94529.6551,        0.8843,       83.8052,      -26.3352,      -37.8932,  296.9221,0.200982,  1.5827E-06
      151.2100,      -33.8700,       39.0000,        0.0000,       12.0000,      172.0000,        6.0000,     2024.0000,      279.9997,        6.7757,      137.2804,        0.2322,     1217.9621,        0.3208,    88269.2180,        0.5942,       68.7538,      -19.3830,      123.3229,  291.7095,0.205152,  3.8436E-06
      103.8200,        1.3500,       15.0000,       30.0000,       14.0000,      120.0000,        4.0000,     2024.0000,      304.1369,        5.4047,      215.8214,        0.6233,     1147.6611,        0.9907,    96116.4893,        2.3258,        5.0028,      -11.3149,       25.9763,  304.3009,0.195079,  6.8325E-06
     -112.0700,       33.4500,      331.0000,        0.0000,       13.0000,      200.0000,        7.0000,     2024.0000,      301.8763,       10.4342,      328.6551,        0.0980,     1036.3782,        0.0546,    90660.5138,        1.1196,       33.7281,       18.7333,      -30.9318,  315.2890,0.186289,  8.7610E-06
      103.8200,        1.3500,       15.0000,       30.0000,       14.0000,      120.0000,        4.0000,     2024.0000,      273.1036,        6.6137,       86.7773,        0.8029,     1038.5429,        0.7515,    92082.7989,        1.2775,       17.5696,      -28.0911,     -116.9716,  276.0320,0.217694,  5.8218E-06
      103.8200,        1.3500,       15.0000,       30.0000,       14.0000,      120.0000,        4.0000,     2024.0000,      316.5976,        9.1227,      209.1153,        0.8161,      562.3606,        0.9395,   101238.8227,        1.6198,       31.6436,       26.2221,       61.4630,  317.0597,0.184872,  9.7019E-06
      -68.0000,      -16.5000,     3600.0000,        0.0000,       12.0000,      172.0000,        6.0000,     2024.0000,      257.5791,        2.0358,      226.0169,        0.5020,     1320.3105,        0.2952,    68889.4063,        2.3607,       25.0263,       28.1799,     -119.4087,  275.9334,0.217773,  3.6640E-06
       -0.1300,       51.5100,       11.0000,        0.0000,        9.0000,       80.0000,        3.0000,     2024.0000,      253.7468,        6.5445,      277.2473,        0.7830,      893.6235,        0.5542,    90400.9829,        0.7201,        9.9973,      -12.4991,      -99.5892,  258.4868,0.231731,  4.1860E-06
      103.8200,        1.3500,       15.0000,       30.0000,       14.0000,      120.0000,        4.0000,     2024.0000,      302.3636,       10.0073,      166.6472,        0.7283,      523.7823,        0.9149,   101097.9861,        2.0981,       35.8971,       17.8888,       28.2314,  302.7793,0.196297,  1.0091E-05
       -0.1300,       51.5100,       11.0000,        0.0000,        9.0000,       80.0000,        3.0000,     2024.0000,      258.9287,        8.6747,      295.6244,        0.9736,      977.9202,        0.0677,    95138.3671,        1.7279,       39.0920,        7.6976,       44.4226,  263.0458,0.228083,  7.5456E-06
     -112.0700,       33.4500,      331.0000,        0.0000,       13.0000,      200.0000,        7.0000,     2024.0000,      315.9875,        7.3946,      330.7478,        0.2051,     1343.7188,        0.0793,   100989.5603,        3.2752,       23.6055,       10.8831,       22.6597,  335.4930,0.170126,  1.4471E-05
       -0.1300,       51.5100,       11.0000,        0.0000,        9.0000,       80.0000,        3.0000,     2024.0000,      303.9243,        4.0145,      142.7655,        0.6893,      341.9714,        0.6584,    93969.1694,        1.8156,        4.4334,       15.3381,       38.1069,  305.1280,0.194418,  4.5801E-06
      151.2100,      -33.8700,       39.0000,        0.0000,       12.0000,      172.0000,        6.0000,     2024.0000,      257.2083,        0.4976,      116.4558,        0.6407,      908.0419,        0.0798,    97101.0984,        2.5274,       40.7981,       30.6751,      -11.9160,  257.2083,0.232753,  1.9520E-06
      103.8200,        1.3500,       15.0000,       30.0000,       14.0000,      120.0000,        4.0000,     2024.0000,      292.2220,        7.7194,      209.9588,        0.7987,     1359.8611,        0.8321,    96248.0343,        2.3064,       26.7012,      -19.4993,      -60.4473,  293.6774,0.203578,  6.9680E-06
      103.8200,        1.3500,       15.0000,       30.0000,       14.0000,      120.0000,        4.0000,     2024.0000,      290.4704,        1.1766,       87.1686,        0.9478,      767.6250,        0.6218,    93282.5662,        0.8847,       15.1122,      -27.4159,       32.6868,  297.2560,0.200715,  1.8317E-06
     -122.0000,       37.5000,       25.0000,        0.0000,       12.0000,      172.0000,        6.0000,     2024.0000,      285.4122,        4.8398,      224.1041,        0.3057,     1094.3134,        0.3148,    86931.3295,        3.4131,       24.8508,        8.6571,      -95.7444,  298.2283,0.199937,  5.9962E-06
       55.3000,       25.2000,        5.0000,        0.0000,       10.0000,      280.0000,       10.0000,     2024.0000,      288.5175,        7.8836,       55.0715,        0.6458,     1309.6393,        0.1975,    88256.6125,        4.2445,        7.6658,       23.6671,     -107.5796,  299.6729,0.198782,  1.0855E-05
       -0.1300,       51.5100,       11.0000,        0.0000,        9.0000,       80.0000,        3.0000,     2024.0000,      277.7112,        0.5082,      229.9721,        0.9824,      995.1419,        0.5768,    99402.5507,        2.5357,       31.2306,      -23.4727,       89.3265,  277.8150,0.216268,  1.9760E-06
     -122.0000,       37.5000,       25.0000,        0.0000,       12.0000,      172.0000,        6.0000,     2024.0000,      318.3201,        6.2240,      172.6591,        0.2050,      998.2547,        0.2643,    96436.5916,        1.9256,       50.6035,       29.8149,     -138.7168,  324.5379,0.178890,  5.7856E-06
      103.8200,        1.3500,       15.0000,       30.0000,       14.0000,      120.0000,        4.0000,     2024.0000,      301.6389,        8.5049,       61.5126,        0.9829,      791.8137,        0.8752,    92165.1702,        1.2350,        4.3175,       -5.9599,      -99.9791,  303.0221,0.196102,  7.4410E-06
       55.3000,       25.2000,        5.0000,        0.0000,       10.0000,      280.0000,       10.0000,     2024.0000,      304.8083,        2.6429,      189.6023,        0.1583,     1245.2620,        0.3954,    96198.0325,        2.5858,        4.0871,      -10.6699,      105.8600,  318.0330,0.184094,  4.4994E-06
     -112.0700,       33.4500,      331.0000,        0.0000,       13.0000,      200.0000,        7.0000,     2024.0000,      286.2866,        9.8477,      257.7742,        0.0729,     1197.6242,        0.3214,    88301.0733,        3.1783,        7.4998,        8.1339,      -75.9531,  295.7814,0.201895,  9.6891E-06
      151.2100,      -33.8700,       39.0000,        0.0000,       12.0000,      172.0000,        6.0000,     2024.0000,      316.6466,        6.0507,       20.7803,        0.3387,      924.6452,        0.0963,    92377.7083,        2.1828,       63.7579,      -17.7218,        2.3990,  316.6466,0.185203,  8.6456E-06
      151.2100,      -33.8700,       39.0000,        0.0000,       12.0000,      172.0000,        6.0000,     2024.0000,      303.2048,        8.9469,      192.1326,        0.6840,      470.3943,        0.5829,    97412.3006,        2.2050,       31.7230,       16.3162,     -105.1782,  304.8851,0.194612,  9.2279E-06
     -122.0000,       37.5000,       25.0000,        0.0000,       12.0000,      172.0000,        6.0000,     2024.0000,      284.7090,        7.9235,      151.9075,        0.4298,      754.4066,        0.2921,    92002.8880,        2.5959,       23.4639,      -23.9300,      -26.8388,  292.0675,0.204866,  9.5427E-06
      103.8200,        1.3500,       15.0000,       30.0000,       14.0000,      120.0000,        4.0000,     2024.0000,      293.2109,        6.6955,      193.6831,        0.7134,      762.6497,        0.6281,    97119.1265,        2.2744,       29.7544,       30.9032,        8.6336,  295.8599,0.201832,  9.0596E-06
      103.8200,        1.3500,       15.0000,       30.0000,       14.0000,      120.0000,        4.0000,     2024.0000,      276.9559,        0.3150,      187.7227,        0.9166,      630.5135,        0.7246,    93461.5243,        1.1861,       12.2838,        9.5361,      -37.8209,  280.7894,0.213889,  1.0470E-06
       55.3000,       25.2000,        5.0000,        0.0000,       10.0000,      280.0000,       10.0000,     2024.0000,      306.1830,        9.3841,      196.7207,        0.8112,      991.5835,        0.4164,    94219.7645,        1.7346,       29.4569,       -1.3823,      -29.9707,  315.3970,0.186202,  7.8938E-06
      -68.0000,      -16.5000,     3600.0000,        0.0000,       12.0000,      172.0000,        6.0000,     2024.0000,      274.4593,        2.6538,      295.7435,        0.2091,     1169.0836,        0.0166,    69178.5434,        0.9767,       42.3901,      -28.0421,     -127.0648,  299.5144,0.198908,  2.9148E-06
     -122.0000,       37.5000,       25.0000,        0.0000,       12.0000,      172.0000,        6.0000,     2024.0000,      315.5739,        5.6991,      333.4828,        0.0179,      788.6915,        0.3138,    94138.5453,        2.4884,       20.1505,       20.4502,       31.3220,  325.4043,0.178197,  7.8759E-06
       -0.1300,       51.5100,       11.0000,        0.0000,        9.0000,       80.0000,        3.0000,     2024.0000,      278.6764,       10.5227,      227.0809,        0.7385,      858.1384,        0.2647,    86875.5197,        2.8823,       42.2001,       -1.9389,       97.6506,  278.6764,0.215579,  1.2572E-05
      103.8200,        1.3500,       15.0000,       30.0000,       14.0000,      120.0000,        4.0000,     2024.0000,      304.9471,        9.1275,       74.1587,        0.7526,      661.4504,        0.6209,    89626.4860,        1.2012,       29.4925,      -20.9936,       -3.4396,  307.3192,0.192665,  7.6027E-06
       55.3000,       25.2000,        5.0000,        0.0000,       10.0000,      280.0000,       10.0000,     2024.0000,      285.0308,        1.0782,      212.9636,        0.7011,      947.5401,        0.0514,    90510.2175,        1.7226,       27.6215,        7.1344,      110.4333,  295.1811,0.202375,  2.0924E-06
       55.3000,       25.2000,        5.0000,        0.0000,       10.0000,      280.0000,       10.0000,     2024.0000,      296.7018,        8.5469,      214.7108,        0.5219,     1046.7876,        0.2944,   100796.5926,        2.8129,       32.5626,       -1.2622,       30.9255,  304.0778,0.195258,  9.5450E-06
      -18.0000,       65.0000,       52.0000,        0.0000,       10.0000,      355.0000,       12.0000,     2024.0000,      235.9151,       20.0873,      215.1812,        0.5576,      305.4748,        0.7847,    88451.0977,        1.4423,       49.1716,       10.1663,       82.4699,  235.9151,0.249788,  1.0408E-05
      -18.0000,       65.0000,       52.0000,        0.0000,       10.0000,      355.0000,       12.0000,     2024.0000,      256.5606,       12.4764,      165.6460,        0.8389,      448.3535,        0.6332,    89335.9530,        0.5329,       61.2321,      -12.2619,       60.8656,  256.6375,0.233210,  7.9913E-06
       -0.1300,       51.5100,       11.0000,        0.0000,        9.0000,       80.0000,        3.0000,     2024.0000,      296.3517,        2.0115,      138.3771,        0.5547,     1228.7501,        0.1788,    88040.2406,        3.0701,       40.4679,       13.3487,      -82.3455,  318.7658,0.183507,  3.6210E-06
      151.2100,      -33.8700,       39.0000,        0.0000,       12.0000,      172.0000,        6.0000,     2024.0000,      305.9631,        8.6215,       58.5723,        0.7230,      957.2971,        0.2823,   100336.5429,        2.4636,       33.4230,        2.9945,       72.8605,  309.2489,0.191121,  1.0492E-05
       55.3000,       25.2000,        5.0000,        0.0000,       10.0000,      280.0000,       10.0000,     2024.0000,      304.9428,        3.3290,      250.3439,        0.5959,     1351.7102,        0.4330,   100786.5245,        1.5058,       33.7683,      -26.8298,     -112.8638,  319.1948,0.183164,  4.1071E-06
      103.8200,        1.3500,       15.0000,       30.0000,       14.0000,      120.0000,        4.0000,     2024.0000,      280.0112,        1.5799,      202.9455,        0.8816,     1030.4476,        0.9096,    98235.2028,        0.8646,       10.3990,       27.7273,      101.1700,  282.3419,0.212646,  1.8098E-06
       55.3000,       25.2000,        5.0000,        0.0000,       10.0000,      280.0000,       10.0000,     2024.0000,      286.4452,        1.5370,      239.6322,        0.4112,     1338.5836,        0.2403,    93047.3600,        1.4455,        3.7002,       17.0902,       12.4387,  309.5888,0.190849,  2.1295E-06
       -0.1300,       51.5100,       11.0000,        0.0000,        9.0000,       80.0000,        3.0000,     2024.0000,      294.0424,       13.2414,      313.3722,        0.7996,     1130.1933,        0.4966,    95749.9599,        1.4193,       57.1174,       21.0696,      -42.1499,  301.2484,0.197521,  1.1612E-05
       25.0000,       23.5000,      200.0000,        0.0000,       11.0000,       90.0000,        3.0000,     2024.0000,      278.9280,       13.3369,       23.0641,        0.3427,      883.6647,        0.3968,    94933.2614,        2.8847,       22.8409,       12.5767,      129.6563,  282.4591,0.212553,  1.6824E-05
     -122.0000,       37.5000,       25.0000,        0.0000,       12.0000,      172.0000,        6.0000,     2024.0000,      290.6686,        1.3720,      332.0324,        0.6207,     1214.0771,        0.1332,   101110.1055,        3.4204,       31.2856,       -0.5131,       21.6531,  319.9931,0.182526,  3.2903E-06
       -0.1300,       51.5100,       11.0000,        0.0000,        9.0000,       80.0000,        3.0000,     2024.0000,      276.8041,        0.0051,      205.5671,        0.7072,      703.7203,        0.1978,    88835.9460,        2.9499,       34.0884,       10.2842,      -89.2299,  291.1239,0.205621,  1.2483E-06
      151.2100,      -33.8700,       39.0000,        0.0000,       12.0000,      172.0000,        6.0000,     2024.0000,      315.0240,        2.9340,       82.8343,        0.8551,     1189.4388,        0.4851,    88352.2743,        2.0523,       66.4299,       -3.2373,       42.5668,  315.0240,0.186501,  4.4701E-06
       -0.1300,       51.5100,       11.0000,        0.0000,        9.0000,       80.0000,        3.0000,     2024.0000,      271.5541,       12.8386,      303.0036,        0.6220,      666.7427,        0.2897,    99826.8723,        2.7519,       17.2011,       16.3932,      103.1875,  272.3662,0.220627,  1.7681E-05
      -68.0000,      -16.5000,     3600.0000,        0.0000,       12.0000,      172.0000,        6.0000,     2024.0000,      304.3522,       12.4918,      302.2674,        0.2147,      924.5713,        0.2830,    69698.4910,        2.0801,       44.5553,       -8.1694,      -42.3258,  306.1036,0.193637,  1.0680E-05
      151.2100,      -33.8700,       39.0000,        0.0000,       12.0000,      172.0000,        6.0000,     2024.0000,      292.7211,        2.3646,      163.3709,        0.6841,      718.6973,        0.3291,    92538.8911,        1.8487,       85.5077,      -25.3095,       65.0594,  292.7211,0.204343,  3.9833E-06
      -68.0000,      -16.5000,     3600.0000,        0.0000,       12.0000,      172.0000,        6.0000,     2024.0000,      271.6659,        2.0797,      187.3083,        0.3394,     1272.6445,        0.0162,    75846.9321,        0.5936,       18.6259,      -13.8275,       54.7191,  295.4243,0.202181,  2.2146E-06
      -68.0000,      -16.5000,     3600.0000,        0.0000,       12.0000,      172.0000,        6.0000,     2024.0000,      296.7823,        8.0062,      347.8413,        0.0726,     1051.3110,        0.2696,    65562.6509,        0.7316,       45.1325,       15.1416,       40.2748,  299.9308,0.198575,  5.3632E-06
       -0.1300,       51.5100,       11.0000,        0.0000,        9.0000,       80.0000,        3.0000,     2024.0000,      316.3327,        6.1330,      154.3949,        0.9928,      511.3133,        0.3457,    88430.2242,        1.1573,       64.8450,       22.5604,       48.8738,  316.5827,0.185254,  5.7756E-06
       -0.1300,       51.5100,       11.0000,        0.0000,        9.0000,       80.0000,        3.0000,     2024.0000,      261.4529,        6.7332,      206.9725,        0.5799,     1064.3481,        0.1137,    99271.4586,        1.0263,       63.0589,      -17.2132,       84.1814,  261.4529,0.229358,  3.6383E-06
       -0.1300,       51.5100,       11.0000,        0.0000,        9.0000,       80.0000,        3.0000,     2024.0000,      272.7494,        1.6710,      166.9964,        0.8017,      844.4720,        0.3656,    97787.8281,        2.5421,       34.0997,      -29.1753,      -15.5000,  282.8056,0.212276,  2.5130E-06
      -18.0000,       65.0000,       52.0000,        0.0000,       10.0000,      355.0000,       12.0000,     2024.0000,      237.2950,       12.4191,      260.2085,        0.4716,      221.3620,        0.2610,    90291.9313,        1.0652,       52.6255,      -14.9110,       48.4441,  237.7482,0.248321,  8.1966E-06
     -112.0700,       33.4500,      331.0000,        0.0000,       13.0000,      200.0000,        7.0000,     2024.0000,      314.3338,        4.8543,      296.2345,        0.0834,      882.0775,        0.2345,   100751.0528,        1.2821,        6.0724,      -14.4366,       71.2057,  330.4864,0.174131,  4.5952E-06
     -122.0000,       37.5000,       25.0000,        0.0000,       12.0000,      172.0000,        6.0000,     2024.0000,      313.2199,        9.4736,      215.1892,        0.3368,      815.6598,        0.0052,    99203.6595,        0.7747,       50.2316,       23.2183,      -34.1455,  325.0567,0.178475,  6.7657E-06
      -18.0000,       65.0000,       52.0000,        0.0000,       10.0000,      355.0000,       12.0000,     2024.0000,      248.1087,       18.3564,       77.1459,        0.8528,      481.9603,        0.6186,    91413.6610,        2.3855,       56.5287,        5.1615,       40.2751,  248.5702,0.239664,  1.3329E-05
     -112.0700,       33.4500,      331.0000,        0.0000,       13.0000,      200.0000,        7.0000,     2024.0000,      295.4434,        0.0616,      225.3913,        0.3289,     1256.4906,        0.0837,    94656.0758,        1.5028,       47.0461,      -16.8541,       26.4424,  330.1668,0.174387,  1.3011E-06
       55.3000,       25.2000,        5.0000,        0.0000,       10.0000,      280.0000,       10.0000,     2024.0000,      284.2198,        9.9913,      263.6980,        0.8247,      903.3337,        0.3901,    96585.0191,        2.6099,       19.5788,      -16.8406,      -62.3143,  290.4950,0.206124,  1.4666E-05
      103.8200,        1.3500,       15.0000,       30.0000,       14.0000,      120.0000,        4.0000,     2024.0000,      283.6857,        5.1273,      258.4509,        0.9184,     1277.4013,        0.9967,    89802.4481,        1.9944,       15.4217,      -14.6975,      117.9611,  283.7648,0.211508,  5.5221E-06
      151.2100,      -33.8700,       39.0000,        0.0000,       12.0000,      172.0000,        6.0000,     2024.0000,      286.5208,       10.8124,      148.2804,        0.6347,      712.1415,        0.2554,    97723.7565,        1.6302,       62.6337,      -26.5118,      -50.4292,  286.5208,0.209303,  8.9712E-06
     -112.0700,       33.4500,      331.0000,        0.0000,       13.0000,      200.0000,        7.0000,     2024.0000,      299.8128,        8.0625,      271.6174,        0.3011,     1359.8057,        0.3875,    92892.3814,        3.6306,       38.2976,       29.3034,       -4.7915,  309.1727,0.191182,  9.3614E-06
      -68.0000,      -16.5000,     3600.0000,        0.0000,       12.0000,      172.0000,        6.0000,     2024.0000,      301.7778,        4.6361,      303.9785,        0.1585,     1359.6426,        0.1237,    64834.7319,        2.9039,       25.5663,       15.8446,        7.8941,  311.6283,0.189217,  8.3554E-06
       25.0000,       23.5000,      200.0000,        0.0000,       11.0000,       90.0000,        3.0000,     2024.0000,      306.5566,       16.4148,      147.8295,        0.2900,      667.2911,        0.7350,    97707.9920,        2.8662,       19.7405,       30.8010,      -29.9060,  307.8559,0.192235,  2.0409E-05
       25.0000,       23.5000,      200.0000,        0.0000,       11.0000,       90.0000,        3.0000,     2024.0000,      280.7848,       20.2963,       10.1225,        0.2247,       81.9753,        0.6368,    99789.0089,        4.2511,       28.2610,      -19.7823,       52.7645,  280.9386,0.213769,  1.7715E-05
      -68.0000,      -16.5000,     3600.0000,        0.0000,       12.0000,      172.0000,        6.0000,     2024.0000,      244.4185,       10.6491,      273.7293,        0.3511,     1229.8177,        0.0035,    68607.7868,        2.2064,        6.1276,       29.4255,     -103.8972,  255.1785,0.234377,  1.0512E-05
     -122.0000,       37.5000,       25.0000,        0.0000,       12.0000,      172.0000,        6.0000,     2024.0000,      321.0560,        9.3670,      201.6694,        0.6764,     1232.2988,        0.1163,    93371.3208,        2.4453,       46.3366,      -15.0970,       10.5314,  334.2011,0.171159,  1.1980E-05
      103.8200,        1.3500,       15.0000,       30.0000,       14.0000,      120.0000,        4.0000,     2024.0000,      286.0140,        6.2597,      269.0558,        0.6629,      985.3256,        0.6857,   100163.6409,        2.4855,       24.9780,      -12.7431,      -30.5840,  288.6830,0.207574,  7.5545E-06
      -18.0000,       65.0000,       52.0000,        0.0000,       10.0000,      355.0000,       12.0000,     2024.0000,      260.7738,        6.4771,       41.9201,        0.5092,      313.2464,        0.6368,    91961.6167,        1.5356,       48.5498,       -1.0427,       88.3998,  260.7738,0.229901,  6.1776E-06
     -112.0700,       33.4500,      331.0000,        0.0000,       13.0000,      200.0000,        7.0000,     2024.0000,      315.8971,        2.4385,      307.4781,        0.4847,     1360.0077,        0.3128,    88717.2988,        3.7717,       48.9773,      -23.7744,      -93.6732,  325.6420,0.178006,  4.9754E-06
       25.0000,       23.5000,      200.0000,        0.0000,       11.0000,       90.0000,        3.0000,     2024.0000,      290.6502,       13.2892,      148.4922,        0.3858,       39.7967,        0.8149,    94107.5916,        2.6111,       31.6572,        0.7380,      -39.1741,  290.7269,0.205938,  1.5074E-05
      -18.0000,       65.0000,       52.0000,        0.0000,       10.0000,      355.0000,       12.0000,     2024.0000,      239.3367,       10.8080,       20.0345,        0.8823,      135.1613,        0.9385,    88913.4261,        0.5522,       83.8443,       22.9133,      119.4088,  239.3367,0.247051,  5.7589E-06
      -18.0000,       65.0000,       52.0000,        0.0000,       10.0000,      355.0000,       12.0000,     2024.0000,      254.3234,       20.7135,      180.7089,        0.9484,      477.9042,        0.6848,    95422.5215,        1.5694,       68.1769,      -19.1746,       72.9744,  254.3234,0.235061,  1.5475E-05
       25.0000,       23.5000,      200.0000,        0.0000,       11.0000,       90.0000,        3.0000,     2024.0000,      307.2469,       18.2384,       43.6038,        0.1665,      945.9981,        0.6755,    94783.7724,        2.9046,       29.6374,       41.1632,       90.9587,  308.4413,0.191767,  2.2961E-05
      151.2100,      -33.8700,       39.0000,        0.0000,       12.0000,      172.0000,        6.0000,     2024.0000,      259.3597,        5.4578,      205.8641,        0.3305,     1003.9243,        0.5290,   100472.9607,        1.3817,       47.8637,      -12.8354,        3.5165,  259.3597,0.231032,  4.1893E-06
      151.2100,      -33.8700,       39.0000,        0.0000,       12.0000,      172.0000,        6.0000,     2024.0000,      306.8483,        1.7411,      116.1698,        0.6488,     1341.1196,        0.1085,   101239.2364,        1.2015,       63.1728,       22.9199,      105.9191,  322.8767,0.180219,  3.0022E-06
     -122.0000,       37.5000,       25.0000,        0.0000,       12.0000,      172.0000,        6.0000,     2024.0000,      296.3784,        4.1815,      262.4319,        0.2630,     1197.8672,        0.0046,    94735.4883,        2.2337,       25.6575,        4.9929,        4.9281,  323.4956,0.179724,  6.0011E-06
       -0.1300,       51.5100,       11.0000,        0.0000,        9.0000,       80.0000,        3.0000,     2024.0000,      307.1976,        3.0982,      322.1115,        0.5798,     1115.4371,        0.1591,    90089.2255,        1.4909,       11.2362,      -11.9853,       92.6176,  314.4715,0.186943,  3.7495E-06
       55.3000,       25.2000,        5.0000,        0.0000,       10.0000,      280.0000,       10.0000,     2024.0000,      303.5298,        3.8110,      198.1880,        0.6502,      733.4314,        0.0777,    97884.8721,        3.5077,       19.7210,      -22.0116,       66.2443,  311.9351,0.188972,  5.5170E-06
      -68.0000,      -16.5000,     3600.0000,        0.0000,       12.0000,      172.0000,        6.0000,     2024.0000,      271.7676,       15.7858,      354.8194,        0.5192,      892.8509,        0.2558,    60964.1539,        2.8117,       39.8610,      -28.5202,      -10.6080,  272.6853,0.220372,  1.6113E-05
     -122.0000,       37.5000,       25.0000,        0.0000,       12.0000,      172.0000,        6.0000,     2024.0000,      296.7181,        2.0191,      255.2787,        0.2535,     1114.0968,        0.1645,    91883.9872,        2.9587,       50.2684,      -17.1719,       52.7213,  314.5060,0.186915,  4.1557E-06
       25.0000,       23.5000,      200.0000,        0.0000,       11.0000,       90.0000,        3.0000,     2024.0000,      291.7520,       15.9018,       26.8511,        0.0720,       99.7493,        0.4810,    91849.7506,        3.9854,       20.8682,       13.2684,      -58.2407,  292.1849,0.204772,  1.7438E-05
      151.2100,      -33.8700,       39.0000,        0.0000,       12.0000,      172.0000,        6.0000,     2024.0000,      261.0043,        7.6772,       55.2976,        0.6767,      854.4796,        0.2481,    90574.0247,        1.1961,       31.8686,       13.8399,      100.3588,  267.6053,0.224436,  7.2010E-06
      151.2100,      -33.8700,       39.0000,        0.0000,       12.0000,      172.0000,        6.0000,     2024.0000,      292.0723,        6.2271,       14.2858,        0.6541,      449.9156,        0.1028,    96970.6342,        3.0048,       43.1158,      -11.4325,      -38.8927,  292.0723,0.204862,  5.2532E-06
     -112.0700,       33.4500,      331.0000,        0.0000,       13.0000,      200.0000,        7.0000,     2024.0000,      290.9407,        1.3572,      254.2941,        0.0641,      978.2654,        0.2552,    90806.9232,        1.6009,        7.9141,      -19.3151,      -46.9078,  311.4815,0.189335,  2.5950E-06
      -18.0000,       65.0000,       52.0000,        0.0000,       10.0000,      355.0000,       12.0000,     2024.0000,      261.2781,       11.9820,      233.2036,        0.4881,      363.6061,        0.3252,    93275.6987,        0.7013,       85.5292,        2.1031,      103.8741,  261.2781,0.229498,  5.4424E-06
      103.8200,        1.3500,       15.0000,       30.0000,       14.0000,      120.0000,        4.0000,     2024.0000,      309.1488,        9.8867,      131.2986,        0.8090,     1160.3743,        0.9766,    97911.8801,        1.9959,        7.7002,      -11.5963,      -95.9507,  309.4280,0.190978,  9.3427E-06
      -18.0000,       65.0000,       52.0000,        0.0000,       10.0000,      355.0000,       12.0000,     2024.0000,      260.8705,        4.6916,       65.8098,        0.5479,      652.0897,        0.4102,    90818.3185,        0.5382,       55.0044,       11.4840,      -84.8656,  265.2851,0.226292,  3.2252E-06
     -122.0000,       37.5000,       25.0000,        0.0000,       12.0000,      172.0000,        6.0000,     2024.0000,      287.9824,        2.4522,      333.7182,        0.2167,      785.5277,        0.2872,   100253.4155,        2.6961,        8.1661,       15.4391,       -5.1145,  301.8810,0.197015,  3.9908E-06
     -122.0000,       37.5000,       25.0000,        0.0000,       12.0000,      172.0000,        6.0000,     2024.0000,      286.9876,        5.8747,      156.7828,        0.6938,      915.8266,        0.1566,   100898.4958,        1.2829,       42.1350,       30.4373,      105.2270,  297.2055,0.200756,  5.4740E-06
      -68.0000,      -16.5000,     3600.0000,        0.0000,       12.0000,      172.0000,        6.0000,     2024.0000,      305.1608,        7.7126,      243.1937,        0.4393,     1009.1107,        0.0168,    68039.1217,        0.9174,       19.3157,       28.6001,        6.3330,  314.9078,0.186594,  7.6754E-06
       -0.1300,       51.5100,       11.0000,        0.0000,        9.0000,       80.0000,        3.0000,     2024.0000,      287.3870,       11.1761,      125.0690,        0.7276,      541.6215,        0.1573,   101296.7361,        2.0629,       15.0573,       -1.9818,     -103.8043,  290.8384,0.205849,  1.1129E-05
      103.8200,        1.3500,       15.0000,       30.0000,       14.0000,      120.0000,        4.0000,     2024.0000,      308.9219,        5.4379,      157.5583,        0.9226,     1082.6670,        0.6532,    99201.4916,        2.3874,       36.6485,       27.1687,        0.1847,  312.1819,0.188774,  7.2250E-06
       -0.1300,       51.5100,       11.0000,        0.0000,        9.0000,       80.0000,        3.0000,     2024.0000,      291.7990,       11.9196,      261.5150,        0.3565,      846.7320,        0.0617,    89436.5383,        2.2041,       26.7395,       -5.2575,       -5.2622,  298.4134,0.199789,  1.2349E-05
     -122.0000,       37.5000,       25.0000,        0.0000,       12.0000,      172.0000,        6.0000,     2024.0000,      305.6295,        5.7730,      324.9582,        0.3165,     1133.7441,        0.1759,    96876.6785,        1.0487,        8.8972,       28.8567,       21.8333,  325.4786,0.178137,  6.2073E-06
      -68.0000,      -16.5000,     3600.0000,        0.0000,       12.0000,      172.0000,        6.0000,     2024.0000,      256.3711,        1.5290,      214.9575,        0.5317,      970.2423,        0.3752,    62926.5262,        0.7549,        2.1696,       -9.3179,      -29.4062,  270.6932,0.221965,  1.8804E-06
       -0.1300,       51.5100,       11.0000,        0.0000,        9.0000,       80.0000,        3.0000,     2024.0000,      256.3835,        6.5191,      183.9999,        0.3966,      344.5374,        0.2217,    88364.7504,        1.0631,       42.8338,       -3.8073,       36.9706,  258.3018,0.231879,  4.8924E-06
      151.2100,      -33.8700,       39.0000,        0.0000,       12.0000,      172.0000,        6.0000,     2024.0000,      260.4811,       11.4284,       48.2972,        0.5950,     1020.9121,        0.0541,   101146.8650,        0.7067,       49.1520,       16.1759,       96.1111,  267.3212,0.224663,  8.5514E-06
      -68.0000,      -16.5000,     3600.0000,        0.0000,       12.0000,      172.0000,        6.0000,     2024.0000,      288.7939,        8.8840,      318.6982,        0.5044,      912.4431,        0.2031,    76098.8807,        2.7410,       49.3500,       30.4575,       57.3139,  290.8589,0.205833,  8.9009E-06
      151.2100,      -33.8700,       39.0000,        0.0000,       12.0000,      172.0000,        6.0000,     2024.0000,      293.0698,        0.0621,      151.4415,        0.4055,      661.1832,        0.2885,    91509.2126,        2.4499,       64.6943,      -21.2632,       84.7453,  295.5087,0.202113,  1.5248E-06
      -68.0000,      -16.5000,     3600.0000,        0.0000,       12.0000,      172.0000,        6.0000,     2024.0000,      279.6134,       14.4717,      158.9382,        0.1411,     1055.3186,        0.0851,    66198.2474,        0.9453,       26.5685,       10.8610,     -109.3196,  290.2997,0.206280,  1.0369E-05
       25.0000,       23.5000,      200.0000,        0.0000,       11.0000,       90.0000,        3.0000,     2024.0000,      301.0542,       23.8802,      117.6875,        0.2530,      228.5547,        0.3799,    98792.7532,        4.2192,        6.2202,       -3.9397,       38.8817,  301.8383,0.197049,  3.0254E-05
     -112.0700,       33.4500,      331.0000,        0.0000,       13.0000,      200.0000,        7.0000,     2024.0000,      311.0136,        8.3205,      337.9905,        0.4212,      924.3053,        0.1686,    88396.7176,        1.2923,       30.7933,      -12.7869,      -20.0197,  323.8418,0.179447,  6.2465E-06
       25.0000,       23.5000,      200.0000,        0.0000,       11.0000,       90.0000,        3.0000,     2024.0000,      309.0373,       21.3546,      112.4311,        0.3194,      728.3506,        0.6363,    92596.9660,        4.0296,       32.7097,        4.7482,      -44.5491,  310.8124,0.189870,  2.6842E-05
     -122.0000,       37.5000,       25.0000,        0.0000,       12.0000,      172.0000,        6.0000,     2024.0000,      313.3898,        8.2992,      263.6717,        0.5303,     1068.7002,        0.2396,   101154.2745,        0.5271,        0.9773,       25.8333,      -53.0926,  329.8901,0.174608,  5.1506E-06
     -122.0000,       37.5000,       25.0000,        0.0000,       12.0000,      172.0000,        6.0000,     2024.0000,      310.2593,        6.1025,      201.6274,        0.0340,     1235.5400,        0.3773,    90606.4652,        3.5248,       53.0316,       11.7888,       93.0806,  318.0437,0.184085,  7.0106E-06
       -0.1300,       51.5100,       11.0000,        0.0000,        9.0000,       80.0000,        3.0000,     2024.0000,      268.7713,        4.0964,      146.8731,        0.5153,     1193.9178,        0.7221,    89366.0641,        1.7021,       15.9868,      -30.6357,       48.2431,  271.3253,0.221460,  3.8809E-06
      151.2100,      -33.8700,       39.0000,        0.0000,       12.0000,      172.0000,        6.0000,     2024.0000,      301.5936,        5.8530,       10.1696,        0.3811,     1187.7307,        0.2132,    94353.9090,        1.6621,       45.8855,       18.7020,       92.3321,  309.2820,0.191094,  5.6754E-06
     -112.0700,       33.4500,      331.0000,        0.0000,       13.0000,      200.0000,        7.0000,     2024.0000,      302.2323,        5.8259,      349.2447,        0.4586,     1200.6366,        0.2478,    98186.5710,        1.2795,       31.5999,      -27.2304,        9.0114,  319.6805,0.182776,  5.8575E-06
      -68.0000,      -16.5000,     3600.0000,        0.0000,       12.0000,      172.0000,        6.0000,     2024.0000,      298.3174,        4.6887,      274.9829,        0.1774,     1244.9752,        0.0303,    63247.4929,        2.1179,       48.7796,       14.9560,     -106.1661,  315.0734,0.186461,  6.6333E-06
       -0.1300,       51.5100,       11.0000,        0.0000,        9.0000,       80.0000,        3.0000,     2024.0000,      308.7708,        1.9998,      143.4185,        0.4324,     1018.1132,        0.6429,    88902.1102,        0.6249,       59.6320,      -25.0322,       36.2849,  311.4644,0.189348,  2.2116E-06
      151.2100,      -33.8700,       39.0000,        0.0000,       12.0000,      172.0000,        6.0000,     2024.0000,      290.9923,        4.5069,      129.2161,        0.5002,      694.4199,        0.5985,    88149.6285,        2.7470,       41.9669,      -27.1212,      -95.4979,  293.3233,0.203861,  6.5088E-06
     -122.0000,       37.5000,       25.0000,        0.0000,       12.0000,      172.0000,        6.0000,     2024.0000,      285.5843,       11.2587,      208.5100,        0.1362,     1343.0518,        0.0792,    92216.0946,        1.1230,       12.9048,       20.0970,       65.6055,  304.2883,0.195089,  7.2085E-06
      -68.0000,      -16.5000,     3600.0000,        0.0000,       12.0000,      172.0000,        6.0000,     2024.0000,      258.8275,        9.5868,      226.4996,        0.2794,     1237.6034,        0.1537,    61353.3118,        3.4087,       25.3441,       -2.0503,       33.5696,  264.9778,0.226538,  1.2010E-05
      103.8200,        1.3500,       15.0000,       30.0000,       14.0000,      120.0000,        4.0000,     2024.0000,      280.8289,        6.2737,      160.9259,        0.6712,      725.6210,        0.6342,    91798.7144,        0.5901,       22.0130,        8.3137,      100.9478,  286.9719,0.208942,  3.7637E-06
     -122.0000,       37.5000,       25.0000,        0.0000,       12.0000,      172.0000,        6.0000,     2024.0000,      281.0317,        6.1138,      349.7453,        0.4384,      957.3952,        0.2554,    93824.3678,        3.3929,       23.8602,       16.8204,      -37.0947,  292.5558,0.204475,  7.6497E-06
      -68.0000,      -16.5000,     3600.0000,        0.0000,       12.0000,      172.0000,        6.0000,     2024.0000,      248.9514,        0.9031,      209.3820,        0.0161,     1159.5586,        0.0017,    65063.2700,        1.6392,       44.4049,      -10.2334,     -107.2922,  273.5944,0.219644,  1.2640E-06
      103.8200,        1.3500,       15.0000,       30.0000,       14.0000,      120.0000,        4.0000,     2024.0000,      272.8257,        5.2754,      147.9219,        0.8033,     1083.8248,        0.9426,    90385.7427,        0.5263,       23.3637,      -19.7630,      -86.4191,  273.5442,0.219685,  3.1064E-06
     -122.0000,       37.5000,       25.0000,        0.0000,       12.0000,      172.0000,        6.0000,     2024.0000,      292.4811,        7.8256,      257.1952,        0.5753,     1228.4536,        0.2485,    95876.2428,        0.5064,       35.5599,        1.3258,       -9.5682,  312.5591,0.188473,  4.9906E-06
      -68.0000,      -16.5000,     3600.0000,        0.0000,       12.0000,      172.0000,        6.0000,     2024.0000,      254.6664,        8.3937,      348.2885,        0.3435,     1242.7878,        0.0575,    64178.5620,        3.5521,       28.7301,       -8.9050,     -111.0799,  267.3028,0.224678,  1.1281E-05
       55.3000,       25.2000,        5.0000,        0.0000,       10.0000,      280.0000,       10.0000,     2024.0000,      306.1311,        8.7010,      178.0559,        0.4751,     1108.1829,        0.0499,    95730.0989,        3.2903,       10.5681,       10.4662,      113.0211,  315.0608,0.186471,  1.4316E-05
      151.2100,      -33.8700,       39.0000,        0.0000,       12.0000,      172.0000,        6.0000,     2024.0000,      271.4839,        3.2052,       22.1457,        0.4140,      615.8767,        0.2069,    96437.3860,        2.2089,       77.4418,       22.8783,       85.3669,  272.0447,0.220884,  4.1130E-06
     -112.0700,       33.4500,      331.0000,        0.0000,       13.0000,      200.0000,        7.0000,     2024.0000,      313.3486,        5.6769,      342.9150,        0.2708,      891.6552,        0.1422,    87087.2139,        2.0385,       46.0063,       29.4204,       13.4702,  325.1723,0.178382,  7.4890E-06
      151.2100,      -33.8700,       39.0000,        0.0000,       12.0000,      172.0000,        6.0000,     2024.0000,      272.3659,       10.1181,      148.6171,        0.3828,      985.1975,        0.5216,    94198.4995,        0.6520,       56.5733,        5.8114,     -117.4082,  277.9839,0.216133,  6.4402E-06
     -122.0000,       37.5000,       25.0000,        0.0000,       12.0000,      172.0000,        6.0000,     2024.0000,      279.0541,       11.7873,      311.2833,        0.5885,     1206.4453,        0.0315,    97425.8212,        0.7743,       47.1978,      -30.0629,       41.0328,  293.0050,0.204116,  8.6000E-06
       55.3000,       25.2000,        5.0000,        0.0000,       10.0000,      280.0000,       10.0000,     2024.0000,      277.0138,        9.2183,      150.8732,        0.8152,      971.9959,        0.2370,    90823.0816,        3.4580,       36.4995,      -14.1177,       63.9043,  281.2595,0.213512,  1.0166E-05
       -0.1300,       51.5100,       11.0000,        0.0000,        9.0000,       80.0000,        3.0000,     2024.0000,      283.8082,        2.4736,      318.3485,        0.5043,     1163.9307,        0.5016,    94125.3277,        2.7119,       42.7807,      -18.3664,      -14.8556,  295.2083,0.202353,  4.0650E-06
      -68.0000,      -16.5000,     3600.0000,        0.0000,       12.0000,      172.0000,        6.0000,     2024.0000,      294.8184,        5.8370,      300.8544,        0.1758,     1035.8198,        0.1702,    67583.5892,        1.1702,       39.3929,       23.8292,        8.0666,  298.2717,0.199903,  5.0146E-06
      103.8200,        1.3500,       15.0000,       30.0000,       14.0000,      120.0000,        4.0000,     2024.0000,      306.8145,        1.6621,      168.5280,        0.7690,      914.6642,        0.8806,    95752.9128,        2.4608,       38.4267,      -17.1403,      -31.5665,  307.6985,0.192361,  2.8160E-06
      151.2100,      -33.8700,       39.0000,        0.0000,       12.0000,      172.0000,        6.0000,     2024.0000,      289.6332,        0.3080,       35.5539,        0.3345,      893.9534,        0.4629,    92522.1877,        1.7207,       79.5471,      -20.4017,      -80.1076,  289.6332,0.206813,  1.3474E-06
      103.8200,        1.3500,       15.0000,       30.0000,       14.0000,      120.0000,        4.0000,     2024.0000,      289.2422,        2.6408,      212.8629,        0.6767,      562.2221,        0.8990,   100889.4450,        1.8840,        1.4332,       18.6128,      -23.9152,  290.3587,0.206233,  3.5356E-06
     -112.0700,       33.4500,      331.0000,        0.0000,       13.0000,      200.0000,        7.0000,     2024.0000,      298.7670,        0.1613,      292.0499,        0.0581,      856.7901,        0.2657,    86161.9514,        2.4369,       30.6003,       25.4471,       37.6697,  317.9793,0.184137,  1.9954E-06
      -18.0000,       65.0000,       52.0000,        0.0000,       10.0000,      355.0000,       12.0000,     2024.0000,      235.5058,       17.9075,      146.6858,        0.6511,      579.3851,        0.4124,    87166.7330,        1.3400,       60.9874,       29.0035,       14.3764,  237.5114,0.248511,  1.2483E-05
      103.8200,        1.3500,       15.0000,       30.0000,       14.0000,      120.0000,        4.0000,     2024.0000,      274.9857,        2.6642,      137.6458,        0.6022,     1157.7948,        0.9468,    90404.4193,        1.4186,        2.6373,       15.9668,       26.3974,  276.2714,0.217503,  3.0608E-06
      -18.0000,       65.0000,       52.0000,        0.0000,       10.0000,      355.0000,       12.0000,     2024.0000,      241.4152,        7.5548,      120.4337,        0.7472,      343.0349,        0.5740,    89458.2802,        1.6584,       79.1506,       -1.0897,      -47.4660,  243.7985,0.243481,  5.8429E-06
     -122.0000,       37.5000,       25.0000,        0.0000,       12.0000,      172.0000,        6.0000,     2024.0000,      320.4285,        5.5712,      258.3396,        0.0179,      982.8833,        0.0370,    89376.5628,        2.0887,       12.3711,        6.3626,       30.6344,  340.4585,0.166153,  6.4585E-06
     -122.0000,       37.5000,       25.0000,        0.0000,       12.0000,      172.0000,        6.0000,     2024.0000,      321.7533,        8.4842,      289.1797,        0.5367,      726.7415,        0.0388,    91752.1525,        1.0638,       17.0405,       30.5863,       56.6953,  333.7374,0.171530,  6.7816E-06
     -122.0000,       37.5000,       25.0000,        0.0000,       12.0000,      172.0000,        6.0000,     2024.0000,      321.2483,        2.9483,      159.1632,        0.5395,     1082.2025,        0.2736,    96440.4228,        0.6112,       46.8322,       11.8697,       -3.9366,  341.9151,0.164988,  3.4601E-06
       25.0000,       23.5000,      200.0000,        0.0000,       11.0000,       90.0000,        3.0000,     2024.0000,      283.4990,       24.4467,      151.6047,        0.2082,      569.6563,        0.4450,    93190.5292,        3.4327,        2.4439,      -10.5543,       13.3924,  285.1633,0.210389,  2.9353E-05
       55.3000,       25.2000,        5.0000,        0.0000,       10.0000,      280.0000,       10.0000,     2024.0000,      281.5830,        3.7991,       93.8246,        0.2935,      638.3937,        0.0222,    92643.9048,        2.4910,        9.9615,      -28.5696,      -36.9623,  292.0001,0.204920,  5.3827E-06
      103.8200,        1.3500,       15.0000,       30.0000,       14.0000,      120.0000,        4.0000,     2024.0000,      289.7829,        9.0511,      133.6193,        0.6428,     1179.8247,        0.9410,    94638.1639,        1.3499,       31.1817,       19.9908,       -8.4041,  290.3651,0.206228,  7.1054E-06
      151.2100,      -33.8700,       39.0000,        0.0000,       12.0000,      172.0000,        6.0000,     2024.0000,      283.3522,        2.6091,       78.7942,        0.7983,     1275.1245,        0.0934,    91356.9149,        0.6849,       59.9972,       20.7880,      -73.1340,  285.2931,0.210286,  2.1672E-06
       55.3000,       25.2000,        5.0000,        0.0000,       10.0000,      280.0000,       10.0000,     2024.0000,      288.0652,       10.6199,      116.1503,        0.2367,      773.9046,        0.1970,    92744.9737,        3.6278,       26.3775,       -9.2284,       34.2098,  293.2916,0.203887,  1.1262E-05
       55.3000,       25.2000,        5.0000,        0.0000,       10.0000,      280.0000,       10.0000,     2024.0000,      306.7676,        8.7761,      144.4875,        0.3515,     1149.0045,        0.2514,   101136.0739,        2.8686,       21.2219,       24.3918,      -82.1765,  316.6546,0.185196,  1.4202E-05
       -0.1300,       51.5100,       11.0000,        0.0000,        9.0000,       80.0000,        3.0000,     2024.0000,      267.7585,        0.3770,      165.9078,        0.8173,      772.6048,        0.5743,    89514.6549,        2.8865,       52.6846,       14.5996,       65.1236,  267.7585,0.224313,  1.6699E-06
      -18.0000,       65.0000,       52.0000,        0.0000,       10.0000,      355.0000,       12.0000,     2024.0000,      251.3107,        3.7044,      240.1431,        0.7076,      285.0607,        0.8641,   100465.6208,        2.5539,       83.3030,        3.1984,      106.6165,  251.3107,0.237471,  4.3204E-06
       55.3000,       25.2000,        5.0000,        0.0000,       10.0000,      280.0000,       10.0000,     2024.0000,      277.5534,       11.2829,      136.4224,        0.2965,     1065.8206,        0.0565,    88769.7112,        4.0606,       39.9458,      -15.0323,      -82.6831,  287.7604,0.208312,  1.4840E-05
      151.2100,      -33.8700,       39.0000,        0.0000,       12.0000,      172.0000,        6.0000,     2024.0000,      298.5938,        1.5868,      180.3139,        0.8883,     1299.7840,        0.2229,    99588.5983,        1.8809,       60.2048,      -28.2416,      110.0921,  312.8015,0.188279,  3.0857E-06
       25.0000,       23.5000,      200.0000,        0.0000,       11.0000,       90.0000,        3.0000,     2024.0000,      318.7067,       22.6339,       88.7183,        0.0220,      443.4102,        0.6658,    91644.7404,        2.5263,       25.0843,       32.9546,        6.5085,  319.5201,0.182904,  2.3097E-05
       25.0000,       23.5000,      200.0000,        0.0000,       11.0000,       90.0000,        3.0000,     2024.0000,      287.2183,       14.9907,      209.1938,        0.1737,      839.2123,        0.4532,    93350.5996,        4.5541,       21.5413,       17.4946,      -67.5100,  291.1315,0.205615,  1.5526E-05
      103.8200,        1.3500,       15.0000,       30.0000,       14.0000,      120.0000,        4.0000,     2024.0000,      317.6143,        7.0517,      269.0909,        0.7433,      911.8138,        0.8461,    90091.4410,        2.4728,       34.0155,       -6.9326,       77.8668,  319.8957,0.182603,  9.0873E-06
      -68.0000,      -16.5000,     3600.0000,        0.0000,       12.0000,      172.0000,        6.0000,     2024.0000,      286.9633,        4.5994,      243.0034,        0.3873,     1222.6661,        0.3650,    69606.7109,        3.2762,       33.0286,       13.9699,       82.0028,  296.0586,0.201673,  6.9293E-06
      -68.0000,      -16.5000,     3600.0000,        0.0000,       12.0000,      172.0000,        6.0000,     2024.0000,      266.4363,        4.5427,      287.4626,        0.3462,     1115.4101,        0.0163,    60934.8152,        0.5125,       38.5974,       -6.1758,       54.6971,  277.3900,0.216608,  3.7569E-06
     -112.0700,       33.4500,      331.0000,        0.0000,       13.0000,      200.0000,        7.0000,     2024.0000,      296.6642,        6.4945,      305.7239,        0.1965,      903.0001,        0.1305,    94913.1129,        3.8664,        2.4998,       25.8042,       54.8948,  308.3626,0.191830,  8.6259E-06
      103.8200,        1.3500,       15.0000,       30.0000,       14.0000,      120.0000,        4.0000,     2024.0000,      307.8243,        8.2216,      194.7112,        0.6438,     1311.6751,        0.6668,    88244.5389,        1.0571,        2.0218,      -19.8468,       69.3071,  314.5024,0.186918,  6.9546E-06
     -122.0000,       37.5000,       25.0000,        0.0000,       12.0000,      172.0000,        6.0000,     2024.0000,      304.0278,        0.1916,      175.8275,        0.4154,      774.4932,        0.4155,    99091.0124,        1.1196,       50.8425,        1.3441,     -104.5188,  313.4253,0.187780,  9.4000E-07
       25.0000,       23.5000,      200.0000,        0.0000,       11.0000,       90.0000,        3.0000,     2024.0000,      292.6591,       18.5760,      151.3014,        0.1339,      533.3140,        0.4354,    97583.3810,        3.1517,       20.6365,        0.8972,      112.2492,  294.3096,0.203072,  1.7945E-05
      -68.0000,      -16.5000,     3600.0000,        0.0000,       12.0000,      172.0000,        6.0000,     2024.0000,      245.6629,        9.9132,      159.8856,        0.0578,     1147.5267,        0.0453,    61972.8003,        3.4347,       34.2440,      -22.5455,       67.2614,  251.7446,0.237124,  8.1038E-06
      151.2100,      -33.8700,       39.0000,        0.0000,       12.0000,      172.0000,        6.0000,     2024.0000,      266.4780,        6.9096,       53.8562,        0.5613,      990.9216,        0.0611,    93782.5753,        1.5233,       37.1986,      -26.6739,      -82.5769,  272.4285,0.220577,  6.5494E-06
       25.0000,       23.5000,      200.0000,        0.0000,       11.0000,       90.0000,        3.0000,     2024.0000,      297.2930,       17.7192,        5.1626,        0.1181,       71.4359,        0.6641,    89570.6959,        3.8954,       46.8851,       28.0387,       32.1868,  297.4145,0.200588,  2.2910E-05
      103.8200,        1.3500,       15.0000,       30.0000,       14.0000,      120.0000,        4.0000,     2024.0000,      292.8985,        4.9435,       83.8829,        0.9639,     1138.1834,        0.9052,    87136.5843,        1.9091,       26.5742,       14.9338,      -33.8007,  293.9586,0.203353,  6.4467E-06
       25.0000,       23.5000,      200.0000,        0.0000,       11.0000,       90.0000,        3.0000,     2024.0000,      291.4971,       21.1252,      184.7176,        0.3394,      330.3150,        0.5162,   100353.9962,        4.7671,        6.6320,       24.3859,      -83.6996,  292.4144,0.204589,  2.0833E-05
       25.0000,       23.5000,      200.0000,        0.0000,       11.0000,       90.0000,        3.0000,     2024.0000,      300.3009,       14.0984,      188.9496,        0.4493,      764.3153,        0.4575,    89892.8424,        4.6857,       49.6784,      -19.7911,      135.7639,  301.3364,0.197451,  1.2446E-05
       55.3000,       25.2000,        5.0000,        0.0000,       10.0000,      280.0000,       10.0000,     2024.0000,      303.4578,       10.3468,      255.2709,        0.8224,      904.7840,        0.4409,    88267.0225,        2.7591,       33.3179,      -26.9579,       34.7725,  307.2631,0.192710,  1.5369E-05
      -68.0000,      -16.5000,     3600.0000,        0.0000,       12.0000,      172.0000,        6.0000,     2024.0000,      256.5147,        7.7546,      166.2755,        0.2306,      885.1636,        0.1422,    60184.0401,        3.3305,       10.3634,        0.4490,        7.9345,  263.6288,0.227617,  8.4164E-06
     -122.0000,       37.5000,       25.0000,        0.0000,       12.0000,      172.0000,        6.0000,     2024.0000,      320.8033,        5.3847,      348.9005,        0.2977,      769.5419,        0.4061,   100217.9672,        0.9805,       59.5834,        9.1251,       31.3371,  328.5275,0.175698,  4.6669E-06
     -112.0700,       33.4500,      331.0000,        0.0000,       13.0000,      200.0000,        7.0000,     2024.0000,      290.0775,        3.0082,      295.3816,        0.2440,      953.7142,        0.2600,   101010.5763,        3.8823,       38.6502,      -25.1641,     -109.4828,  298.6428,0.199606,  4.7777E-06
      -68.0000,      -16.5000,     3600.0000,        0.0000,       12.0000,      172.0000,        6.0000,     2024.0000,      296.2715,        9.7107,      250.5127,        0.4684,      942.1649,        0.1325,    70568.0032,        0.9405,       13.7741,      -30.0019,     -114.6093,  307.1877,0.192770,  6.8181E-06
     -122.0000,       37.5000,       25.0000,        0.0000,       12.0000,      172.0000,        6.0000,     2024.0000,      318.3437,        2.6969,      187.9658,        0.1545,      738.7599,        0.2190,    93266.6308,        2.7103,       54.0430,       23.1902,       32.9349,  328.4622,0.175750,  5.7500E-06
       55.3000,       25.2000,        5.0000,        0.0000,       10.0000,      280.0000,       10.0000,     2024.0000,      295.6664,        9.9147,       86.0380,        0.6994,      836.1837,        0.3388,    96584.8107,        2.8412,       41.2871,       14.4239,      108.0864,  296.6321,0.201214,  1.1105E-05
      151.2100,      -33.8700,       39.0000,        0.0000,       12.0000,      172.0000,        6.0000,     2024.0000,      287.8900,        8.4219,       80.1829,        0.6221,      719.7479,        0.2788,    94522.3825,        0.6475,       79.3104,       24.4167,       38.7597,  287.8900,0.208208,  6.1386E-06
      151.2100,      -33.8700,       39.0000,        0.0000,       12.0000,      172.0000,        6.0000,     2024.0000,      274.1770,        6.7084,      140.1233,        0.5006,      981.6706,        0.2649,    91335.4773,        1.3575,       61.6749,       18.4270,      -80.1179,  275.9995,0.217720,  5.1329E-06
      -18.0000,       65.0000,       52.0000,        0.0000,       10.0000,      355.0000,       12.0000,     2024.0000,      237.9841,       19.7529,      227.9325,        0.5858,      620.2760,        0.5524,    85050.2767,        2.0072,       70.4075,       13.1526,     -115.0553,  238.0643,0.248069,  1.3906E-05
       25.0000,       23.5000,      200.0000,        0.0000,       11.0000,       90.0000,        3.0000,     2024.0000,      313.6903,       18.8660,       74.1953,        0.1794,      936.3869,        0.5397,    93569.3607,        2.9244,       32.7382,       12.5970,       11.6844,  316.6236,0.185221,  2.4610E-05
       25.0000,       23.5000,      200.0000,        0.0000,       11.0000,       90.0000,        3.0000,     2024.0000,      308.7411,       22.3830,      109.8926,        0.4444,      765.8011,        0.7304,    96706.7916,        3.7232,       42.4685,       23.0189,      -19.7035,  309.8994,0.190600,  2.9119E-05
       -0.1300,       51.5100,       11.0000,        0.0000,        9.0000,       80.0000,        3.0000,     2024.0000,      306.8241,        3.0946,      216.7025,        0.6132,      677.7275,        0.6702,    93486.1934,        0.5153,       53.6379,      -10.2372,      -54.2621,  313.5665,0.187667,  3.4429E-06
       25.0000,       23.5000,      200.0000,        0.0000,       11.0000,       90.0000,        3.0000,     2024.0000,      286.4771,       14.9700,       62.7399,        0.2676,      326.4946,        0.8359,    94856.4440,        3.1382,       56.0038,      -17.5721,       98.8673,  286.5956,0.209244,  1.3626E-05
       -0.1300,       51.5100,       11.0000,        0.0000,        9.0000,       80.0000,        3.0000,     2024.0000,      306.3007,        4.7568,      305.5134,        0.7955,      407.9583,        0.3796,    97140.5686,        0.6617,       29.9060,       -4.4551,        2.2731,  310.7401,0.189928,  4.2527E-06
       25.0000,       23.5000,      200.0000,        0.0000,       11.0000,       90.0000,        3.0000,     2024.0000,      315.7830,       18.2202,       62.4065,        0.2833,       33.6250,        0.4750,    97172.7718,        4.1725,       48.1330,       -0.3389,      126.0061,  315.8261,0.185859,  2.2471E-05
      -18.0000,       65.0000,       52.0000,        0.0000,       10.0000,      355.0000,       12.0000,     2024.0000,      248.1805,       12.8456,      210.0454,        0.5591,      534.2889,        0.5152,    87737.7155,        0.6931,       58.5279,       -7.6526,     -121.2298,  248.1805,0.239976,  8.6803E-06
       25.0000,       23.5000,      200.0000,        0.0000,       11.0000,       90.0000,        3.0000,     2024.0000,      302.8655,       23.0482,        3.6767,        0.0320,      419.8726,        0.5610,    96087.0619,        4.0538,       41.9433,       21.1039,      -84.3924,  303.8054,0.195476,  2.4434E-05
     -112.0700,       33.4500,      331.0000,        0.0000,       13.0000,      200.0000,        7.0000,     2024.0000,      287.8098,        3.8660,      219.4441,        0.0665,     1176.8484,        0.1170,    87659.8140,        1.2850,       35.7235,       14.9136,      -83.2987,  304.9650,0.194548,  3.9812E-06
      151.2100,      -33.8700,       39.0000,        0.0000,       12.0000,      172.0000,        6.0000,     2024.0000,      312.1326,        7.5326,       78.8242,        0.3837,      701.7230,        0.5865,    95813.4704,        0.6147,       53.2734,       29.2216,       -2.3438,  312.1326,0.188814,  4.9345E-06
     -122.0000,       37.5000,       25.0000,        0.0000,       12.0000,      172.0000,        6.0000,     2024.0000,      303.1475,        1.7355,      263.7482,        0.1363,     1188.7023,        0.3023,   100363.5279,        1.1245,       22.4775,      -27.6432,      -66.1862,  325.5069,0.178114,  3.2557E-06
      -18.0000,       65.0000,       52.0000,        0.0000,       10.0000,      355.0000,       12.0000,     2024.0000,      251.5802,        9.7492,      251.5975,        0.4683,      378.0746,        0.8540,    98251.6169,        0.7012,       80.1825,       -9.2890,      109.1792,  251.5802,0.237256,  6.2333E-06
       55.3000,       25.2000,        5.0000,        0.0000,       10.0000,      280.0000,       10.0000,     2024.0000,      275.9302,        5.9231,      299.3612,        0.4626,      861.3168,        0.1761,    95085.0527,        3.5116,       47.3735,      -20.6803,        2.5214,  285.5902,0.210048,  6.7421E-06
       25.0000,       23.5000,      200.0000,        0.0000,       11.0000,       90.0000,        3.0000,     2024.0000,      283.4491,       15.9633,       59.4778,        0.2668,      889.3691,        0.8096,    86184.6998,        4.9636,       59.1803,      -15.8241,       45.8465,  284.1506,0.211200,  1.9711E-05
       -0.1300,       51.5100,       11.0000,        0.0000,        9.0000,       80.0000,        3.0000,     2024.0000,      288.4182,       10.4198,      284.6375,        0.7721,     1059.5578,        0.2761,    96083.8033,        1.8953,       58.1329,       14.7582,       45.7755,  289.8209,0.206663,  9.0433E-06
      103.8200,        1.3500,       15.0000,       30.0000,       14.0000,      120.0000,        4.0000,     2024.0000,      294.0681,        9.6898,      225.9827,        0.9424,      687.6446,        0.7786,    86889.7607,        0.5451,       19.7466,      -16.0595,      -25.2568,  295.7999,0.201880,  4.1824E-06
       25.0000,       23.5000,      200.0000,        0.0000,       11.0000,       90.0000,        3.0000,     2024.0000,      321.6290,       17.5501,      158.5935,        0.4230,      284.6785,        0.5233,    99212.6334,        3.2300,       49.2002,       21.6781,      -62.5221,  322.5449,0.180484,  2.1626E-05
     -112.0700,       33.4500,      331.0000,        0.0000,       13.0000,      200.0000,        7.0000,     2024.0000,      315.0483,        3.7547,      352.5185,        0.4684,      941.7025,        0.2662,    87393.2142,        1.8735,       15.7203,       26.1762,       86.2481,  330.6718,0.173983,  4.9802E-06
       -0.1300,       51.5100,       11.0000,        0.0000,        9.0000,       80.0000,        3.0000,     2024.0000,      266.3325,       10.9968,      171.4289,        0.7925,      675.2061,        0.7423,    95826.5544,        0.5088,       66.4097,       14.4231,      102.8392,  266.3325,0.225454,  5.8160E-06
      -68.0000,      -16.5000,     3600.0000,        0.0000,       12.0000,      172.0000,        6.0000,     2024.0000,      296.6533,        3.3921,      163.9711,        0.4865,      990.7323,        0.2975,    62205.9925,        2.6020,       50.2944,      -22.1370,      -20.6799,  297.0732,0.200861,  4.6889E-06
      -18.0000,       65.0000,       52.0000,        0.0000,       10.0000,      355.0000,       12.0000,     2024.0000,      248.7133,       18.3702,      174.3255,        0.9230,       56.3206,        0.7849,    96486.7678,        2.4778,       61.0825,       24.6590,       79.7034,  248.7133,0.239549,  1.5835E-05
      151.2100,      -33.8700,       39.0000,        0.0000,       12.0000,      172.0000,        6.0000,     2024.0000,      309.2183,        1.4622,      110.7149,        0.2020,      887.5787,        0.2980,    89045.6987,        1.2250,       29.0871,       22.1235,       88.7173,  318.0289,0.184097,  2.1575E-06
      -18.0000,       65.0000,       52.0000,        0.0000,       10.0000,      355.0000,       12.0000,     2024.0000,      240.9654,       10.1442,      198.0514,        0.8686,      481.8674,        0.5240,    84674.4485,        1.9348,       81.3528,      -22.1874,       28.0560,  242.6304,0.244416,  5.8270E-06
      103.8200,        1.3500,       15.0000,       30.0000,       14.0000,      120.0000,        4.0000,     2024.0000,      310.5203,        7.4518,      231.7465,        0.9525,     1087.3907,        0.8344,   101049.1846,        2.2076,       11.7095,        4.0327,      -55.4049,  312.5133,0.188509,  8.0369E-06
     -122.0000,       37.5000,       25.0000,        0.0000,       12.0000,      172.0000,        6.0000,     2024.0000,      313.5152,       10.4879,      213.4329,        0.2400,      850.4814,        0.3106,   100833.2356,        2.6401,       15.4583,      -16.2578,      -77.5393,  320.4615,0.182151,  1.6767E-05
      151.2100,      -33.8700,       39.0000,        0.0000,       12.0000,      172.0000,        6.0000,     2024.0000,      283.9337,       12.7498,       56.0372,        0.4782,     1136.3443,        0.5753,    88277.3584,        1.1891,       81.7834,      -27.4658,      -73.1235,  283.9337,0.211373,  1.0449E-05
      -18.0000,       65.0000,       52.0000,        0.0000,       10.0000,      355.0000,       12.0000,     2024.0000,      245.7347,       16.7309,       28.4222,        0.8868,      393.2548,        0.4135,    87086.3161,        0.8784,       61.0195,        5.4894,      -92.4003,  246.7965,0.241083,  9.4068E-06
       25.0000,       23.5000,      200.0000,        0.0000,       11.0000,       90.0000,        3.0000,     2024.0000,      305.0119,       15.0328,       78.5113,        0.2170,      776.1677,        0.4950,    94391.7680,        2.6762,       29.4820,       32.3588,      127.4408,  306.8783,0.193017,  1.5550E-05
      -68.0000,      -16.5000,     3600.0000,        0.0000,       12.0000,      172.0000,        6.0000,     2024.0000,      295.0142,       16.4233,      203.1538,        0.3834,     1267.2162,        0.1949,    64067.7898,        1.4927,        5.8547,       18.3401,       46.2555,  302.9983,0.196121,  1.2867E-05
      151.2100,      -33.8700,       39.0000,        0.0000,       12.0000,      172.0000,        6.0000,     2024.0000,      287.5542,        6.9924,       36.6465,        0.8349,      690.4525,        0.0163,    96224.5103,        0.7753,       51.5493,      -23.3114,       46.7824,  287.5542,0.208477,  6.0610E-06
      103.8200,        1.3500,       15.0000,       30.0000,       14.0000,      120.0000,        4.0000,     2024.0000,      308.6054,        0.3912,      136.7233,        0.9474,      669.1959,        0.7739,    92194.3004,        2.0452,       21.6858,      -30.7534,      -75.2147,  310.7860,0.189891,  2.2084E-06
       25.0000,       23.5000,      200.0000,        0.0000,       11.0000,       90.0000,        3.0000,     2024.0000,      297.1533,       18.9301,       48.7998,        0.1232,      801.3690,        0.5813,    85897.4606,        2.5784,       19.9671,       18.7989,      -44.6228,  299.6374,0.198810,  1.9507E-05
       55.3000,       25.2000,        5.0000,        0.0000,       10.0000,      280.0000,       10.0000,     2024.0000,      317.7953,        0.7259,       78.1026,        0.2213,     1294.6361,        0.0827,    92751.7522,        4.1483,       34.5876,      -30.0139,      -16.8263,  349.4619,0.158951,  2.5205E-06
     -112.0700,       33.4500,      331.0000,        0.0000,       13.0000,      200.0000,        7.0000,     2024.0000,      321.5019,        9.8596,      324.0307,        0.2802,     1319.3966,        0.0751,    90367.4910,        3.5919,       43.2734,       22.0582,       63.4929,  335.1930,0.170366,  1.4504E-05
      151.2100,      -33.8700,       39.0000,        0.0000,       12.0000,      172.0000,        6.0000,     2024.0000,      307.7298,        0.4123,      117.7166,        0.7784,      714.0331,        0.4363,    95794.3207,        1.4567,       67.5760,      -18.8184,      -61.6940,  307.7298,0.192336,  1.5658E-06
      151.2100,      -33.8700,       39.0000,        0.0000,       12.0000,      172.0000,        6.0000,     2024.0000,      281.1273,        4.0859,       70.1218,        0.8712,      944.4666,        0.4547,    94494.5831,        1.1186,       29.6370,      -29.8924,       64.3457,  284.5063,0.210915,  2.9852E-06
     -122.0000,       37.5000,       25.0000,        0.0000,       12.0000,      172.0000,        6.0000,     2024.0000,      293.3008,        0.9445,      292.2443,        0.4339,      893.7490,        0.1936,    88248.3138,        2.4151,       59.2900,        2.8673,       -1.3266,  309.2853,0.191092,  2.3216E-06
      151.2100,      -33.8700,       39.0000,        0.0000,       12.0000,      172.0000,        6.0000,     2024.0000,      285.2848,        5.7884,       17.8676,        0.6267,      928.0012,        0.4183,    93701.8875,        2.1854,       67.3687,       14.5047,       71.5519,  285.2848,0.210292,  6.3217E-06
       25.0000,       23.5000,      200.0000,        0.0000,       11.0000,       90.0000,        3.0000,     2024.0000,      281.9182,       13.3345,      162.8749,        0.0448,      364.3971,        0.6587,    95069.5700,        2.5243,        4.8070,      -18.6926,       42.0653,  283.0518,0.212079,  1.6694E-05
      103.8200,        1.3500,       15.0000,       30.0000,       14.0000,      120.0000,        4.0000,     2024.0000,      277.3466,        4.6473,       54.1278,        0.6624,     1047.5390,        0.8617,    90239.5394,        2.1789,       30.9088,        9.0531,       91.8252,  280.3416,0.214247,  4.6406E-06
       25.0000,       23.5000,      200.0000,        0.0000,       11.0000,       90.0000,        3.0000,     2024.0000,      308.3738,       16.3673,        0.8635,        0.1426,      921.5258,        0.9642,    92444.5813,        3.0048,       53.9564,      -18.6239,       45.7133,  308.5275,0.191698,  1.9488E-05
       25.0000,       23.5000,      200.0000,        0.0000,       11.0000,       90.0000,        3.0000,     2024.0000,      291.4147,       17.1495,       93.1342,        0.0968,      578.5183,        0.7922,   100082.0107,        3.7909,       43.6028,        1.3645,      -30.0943,  292.3352,0.204652,  1.5452E-05
     -112.0700,       33.4500,      331.0000,        0.0000,       13.0000,      200.0000,        7.0000,     2024.0000,      292.1542,        5.8414,      255.8004,        0.1277,     1335.7255,        0.0409,    88521.9000,        2.6548,        6.4262,      -17.1222,      -22.7155,  314.0152,0.187308,  7.9950E-06
      151.2100,      -33.8700,       39.0000,        0.0000,       12.0000,      172.0000,        6.0000,     2024.0000,      276.9941,        9.4709,       60.3473,        0.3390,      750.2344,        0.4944,    86724.4678,        1.5405,       81.4228,        3.7013,        3.3130,  276.9941,0.216925,  9.1627E-06
      -18.0000,       65.0000,       52.0000,        0.0000,       10.0000,      355.0000,       12.0000,     2024.0000,      253.4205,        8.5934,       71.2864,        0.7272,      548.1962,        0.3098,   101120.7512,        2.3215,       74.7742,       -9.1947,      -16.4577,  258.6492,0.231601,  7.8848E-06
       -0.1300,       51.5100,       11.0000,        0.0000,        9.0000,       80.0000,        3.0000,     2024.0000,      297.3367,        1.3776,      264.4755,        0.3555,     1165.8312,        0.4639,    97183.8972,        0.7923,       41.7091,      -17.4770,       75.6704,  297.3367,0.200651,  1.8075E-06
      151.2100,      -33.8700,       39.0000,        0.0000,       12.0000,      172.0000,        6.0000,     2024.0000,      315.6440,        7.4420,       83.3209,        0.8022,      991.9296,        0.0055,    88365.6677,        2.9443,       56.3429,       10.7538,        2.4874,  315.6440,0.186005,  1.1297E-05
      151.2100,      -33.8700,       39.0000,        0.0000,       12.0000,      172.0000,        6.0000,     2024.0000,      305.7939,        4.1254,      163.0074,        0.3271,      695.2687,        0.3612,    96303.7518,        1.8256,       59.6398,       30.0659,        9.8269,  305.7939,0.193885,  4.5187E-06
       55.3000,       25.2000,        5.0000,        0.0000,       10.0000,      280.0000,       10.0000,     2024.0000,      313.9815,        1.6772,       80.5926,        0.7221,      795.6253,        0.1399,    90940.0862,        4.0873,       41.7146,      -31.1876,      -50.6950,  330.8833,0.173813,  3.5221E-06
       55.3000,       25.2000,        5.0000,        0.0000,       10.0000,      280.0000,       10.0000,     2024.0000,      285.1480,        8.1456,       54.7125,        0.8230,      891.6826,        0.1099,    90224.2769,        3.5506,       50.9975,       -3.3076,       56.4437,  289.0788,0.207257,  1.0257E-05
      -18.0000,       65.0000,       52.0000,        0.0000,       10.0000,      355.0000,       12.0000,     2024.0000,      253.2391,       18.1180,       38.4719,        0.7536,        0.9908,        0.5184,    88301.5492,        2.7511,       65.8103,       12.8312,       85.2194,  253.2391,0.235929,  1.7674E-05
      151.2100,      -33.8700,       39.0000,        0.0000,       12.0000,      172.0000,        6.0000,     2024.0000,      289.5070,        7.0722,      148.8474,        0.2265,     1098.3976,        0.0370,    96156.8961,        3.0265,       85.7951,      -17.2450,     -102.6932,  293.1483,0.204001,  6.3068E-06
      151.2100,      -33.8700,       39.0000,        0.0000,       12.0000,      172.0000,        6.0000,     2024.0000,      279.2588,        7.5555,      150.3016,        0.6435,      885.9541,        0.1613,    93642.1160,        0.7753,       70.6878,      -21.1671,      -18.5214,  279.2588,0.215113,  5.2797E-06
      151.2100,      -33.8700,       39.0000,        0.0000,       12.0000,      172.0000,        6.0000,     2024.0000,      313.1166,        4.9427,      172.2476,        0.8238,      709.9437,        0.1709,    95753.4831,        1.1298,       35.5475,       12.3968,     -114.2451,  322.5296,0.180496,  5.1753E-06
       25.0000,       23.5000,      200.0000,        0.0000,       11.0000,       90.0000,        3.0000,     2024.0000,      308.0200,       24.6284,      193.6498,        0.3513,      483.1015,        0.7395,    89192.3199,        2.7089,       28.0595,       31.4262,      -44.5407,  308.6684,0.191585,  3.2224E-05
      -68.0000,      -16.5000,     3600.0000,        0.0000,       12.0000,      172.0000,        6.0000,     2024.0000,      280.9272,        2.3682,      239.2252,        0.2188,      989.8917,        0.0606,    61440.0570,        3.2126,       41.7080,      -18.8471,      -14.9434,  284.5036,0.210917,  3.4047E-06
     -122.0000,       37.5000,       25.0000,        0.0000,       12.0000,      172.0000,        6.0000,     2024.0000,      298.4884,        1.6720,      185.7840,        0.0669,     1130.7002,        0.2496,    89880.5053,        2.9794,       43.9362,        2.4327,       61.4971,  317.2904,0.184688,  4.1964E-06
       25.0000,       23.5000,      200.0000,        0.0000,       11.0000,       90.0000,        3.0000,     2024.0000,      308.8076,       23.4342,      166.1725,        0.1414,       53.9073,        0.8131,    98183.7176,        3.1244,       47.2917,       16.4077,      -92.2408,  308.8555,0.191436,  2.2513E-05
     -122.0000,       37.5000,       25.0000,        0.0000,       12.0000,      172.0000,        6.0000,     2024.0000,      287.0641,        7.8840,      311.8751,        0.6166,     1091.3225,        0.0877,    87263.6454,        1.8565,       17.6408,      -16.6609,       -9.6676,  304.0135,0.195309,  8.9729E-06
       25.0000,       23.5000,      200.0000,        0.0000,       11.0000,       90.0000,        3.0000,     2024.0000,      293.2878,       14.0499,        3.4535,        0.2639,      161.6352,        0.7005,    91942.4160,        2.6193,       27.9110,       31.4194,       85.8487,  293.5754,0.203660,  1.3821E-05
      -68.0000,      -16.5000,     3600.0000,        0.0000,       12.0000,      172.0000,        6.0000,     2024.0000,      292.7790,        6.2293,      294.5982,        0.5096,      937.9672,        0.3986,    61040.9432,        1.1923,        3.0225,      -23.2249,       83.8672,  301.6943,0.197165,  5.2468E-06
     -112.0700,       33.4500,      331.0000,        0.0000,       13.0000,      200.0000,        7.0000,     2024.0000,      312.5286,        5.0039,      243.5504,        0.2549,     1188.3033,        0.1360,    85641.1793,        2.7852,       49.2402,      -17.4059,       81.7301,  328.8651,0.175428,  8.3309E-06
       25.0000,       23.5000,      200.0000,        0.0000,       11.0000,       90.0000,        3.0000,     2024.0000,      319.5453,       23.5579,       85.1785,        0.0734,      915.2507,        0.7730,    98633.7877,        3.8287,       10.9211,      -17.1059,       76.8670,  320.6162,0.182027,  3.0058E-05
     -122.0000,       37.5000,       25.0000,        0.0000,       12.0000,      172.0000,        6.0000,     2024.0000,      301.3947,        9.7784,      331.7711,        0.1525,     1127.5191,        0.0982,    87194.1787,        1.6094,       16.9662,      -20.4013,      -56.6841,  316.7068,0.185155,  8.7946E-06
      151.2100,      -33.8700,       39.0000,        0.0000,       12.0000,      172.0000,        6.0000,     2024.0000,      266.1097,        1.8577,       11.9414,        0.5724,      696.7218,        0.4064,    93262.3739,        1.1886,       61.6273,      -24.9534,       81.7673,  267.8215,0.224263,  2.3789E-06
       55.3000,       25.2000,        5.0000,        0.0000,       10.0000,      280.0000,       10.0000,     2024.0000,      315.2300,        4.2998,      294.5228,        0.2696,     1167.6207,        0.2234,    89463.7878,        4.0939,        0.8756,       -9.7790,      -13.7533,  329.5625,0.174870,  6.0110E-06
      103.8200,        1.3500,       15.0000,       30.0000,       14.0000,      120.0000,        4.0000,     2024.0000,      312.2235,        1.9852,       67.1394,        0.6734,     1346.3288,        0.7238,    87975.0121,        1.5172,       24.3414,      -24.4490,       35.0033,  320.2213,0.182343,  2.9893E-06
       55.3000,       25.2000,        5.0000,        0.0000,       10.0000,      280.0000,       10.0000,     2024.0000,      301.1912,        2.3866,      238.1189,        0.7558,      643.4694,        0.2304,    94776.9513,        4.4615,        7.6705,       27.0469,      -58.6697,  310.5565,0.190075,  4.1829E-06
     -112.0700,       33.4500,      331.0000,        0.0000,       13.0000,      200.0000,        7.0000,     2024.0000,      288.6296,        7.2397,      307.7722,        0.4704,      987.9393,        0.0815,    85552.5709,        3.2469,       15.2024,       29.7978,      -72.5961,  299.5725,0.198862,  1.0588E-05
       55.3000,       25.2000,        5.0000,        0.0000,       10.0000,      280.0000,       10.0000,     2024.0000,      281.1271,        6.5763,      126.2252,        0.4740,      643.1936,        0.3532,   100255.5096,        2.3689,       39.7969,      -25.3477,      -32.1110,  287.7313,0.208335,  6.9668E-06
      -18.0000,       65.0000,       52.0000,        0.0000,       10.0000,      355.0000,       12.0000,     2024.0000,      259.2467,       19.9764,      238.2904,        0.6732,      346.9607,        0.7327,    98527.9535,        2.7633,       79.9859,      -11.1179,      -17.0626,  259.8524,0.230638,  2.3482E-05
      151.2100,      -33.8700,       39.0000,        0.0000,       12.0000,      172.0000,        6.0000,     2024.0000,      280.5753,       11.0264,       78.4867,        0.4973,      710.7559,        0.4964,    99508.6201,        1.6357,       30.8301,        8.5204,      -24.3646,  280.9427,0.213766,  9.4226E-06
      151.2100,      -33.8700,       39.0000,        0.0000,       12.0000,      172.0000,        6.0000,     2024.0000,      279.6191,        9.0839,      199.1378,        0.7558,     1001.8283,        0.3452,    94241.3784,        2.9247,       39.8984,        7.2093,       10.7744,  279.6191,0.214825,  8.0419E-06
       55.3000,       25.2000,        5.0000,        0.0000,       10.0000,      280.0000,       10.0000,     2024.0000,      278.5624,       10.7644,       59.8117,        0.3469,     1220.9082,        0.2797,    87343.2333,        1.6539,        2.2800,       15.1175,      -37.4405,  288.1684,0.207985,  1.0686E-05
      -18.0000,       65.0000,       52.0000,        0.0000,       10.0000,      355.0000,       12.0000,     2024.0000,      245.2441,       20.3302,      172.9276,        0.5189,      247.9348,        0.7028,    89925.5900,        0.6753,       54.2002,       18.9869,       39.3278,  245.5003,0.242120,  1.3014E-05
      103.8200,        1.3500,       15.0000,       30.0000,       14.0000,      120.0000,        4.0000,     2024.0000,      314.9223,        2.1575,      111.3507,        0.9990,      632.1874,        0.6149,    95504.8209,        0.7790,        0.9913,       12.4895,       70.5725,  320.9829,0.181734,  2.3184E-06
      103.8200,        1.3500,       15.0000,       30.0000,       14.0000,      120.0000,        4.0000,     2024.0000,      281.8486,        1.2877,      100.1356,        0.8100,     1020.7400,        0.7491,    94032.7043,        0.8367,       10.8627,        3.9588,     -125.8008,  287.7668,0.208307,  1.5441E-06
       55.3000,       25.2000,        5.0000,        0.0000,       10.0000,      280.0000,       10.0000,     2024.0000,      282.9776,       10.6294,      199.8904,        0.6417,      857.1309,        0.0358,    90500.5677,        4.1293,       15.8973,       14.5764,      -62.1746,  291.5119,0.205310,  1.1128E-05
       55.3000,       25.2000,        5.0000,        0.0000,       10.0000,      280.0000,       10.0000,     2024.0000,      313.7371,       10.6657,      130.0217,        0.6431,      725.5463,        0.4337,    92478.7658,        1.8299,       41.2113,       18.5230,       63.4432,  316.0431,0.185686,  1.4880E-05
       55.3000,       25.2000,        5.0000,        0.0000,       10.0000,      280.0000,       10.0000,     2024.0000,      312.6871,        7.9674,       86.7180,        0.4371,     1007.3311,        0.3947,    87084.6167,        2.8882,       35.0086,        7.5714,      -85.1684,  321.0891,0.181649,  9.8518E-06
      -18.0000,       65.0000,       52.0000,        0.0000,       10.0000,      355.0000,       12.0000,     2024.0000,      241.4670,        3.8168,      220.0737,        0.8602,      644.6087,        0.6019,    95464.3171,        2.1499,       87.2649,       16.2178,      -86.7804,  244.2684,0.243105,  3.7547E-06
       -0.1300,       51.5100,       11.0000,        0.0000,        9.0000,       80.0000,        3.0000,     2024.0000,      278.8419,        8.5282,      137.9945,        0.7187,      837.5133,        0.0652,    95826.1756,        2.5252,       44.9298,        2.9578,       66.3081,  278.9415,0.215367,  9.9989E-06
      -68.0000,      -16.5000,     3600.0000,        0.0000,       12.0000,      172.0000,        6.0000,     2024.0000,      283.5219,        1.6352,      156.5738,        0.2922,     1323.8918,        0.2315,    63788.7695,        2.0039,        8.8811,       17.0951,       96.0196,  305.8985,0.193801,  2.3901E-06
       25.0000,       23.5000,      200.0000,        0.0000,       11.0000,       90.0000,        3.0000,     2024.0000,      305.8561,       14.5031,       54.4444,        0.1668,      848.1444,        0.7762,    91650.8609,        2.5206,       31.7111,       35.2272,       86.8802,  306.8717,0.193023,  1.4630E-05
      151.2100,      -33.8700,       39.0000,        0.0000,       12.0000,      172.0000,        6.0000,     2024.0000,      286.3556,        1.6292,        7.1555,        0.5946,     1231.9521,        0.0734,    98931.0544,        2.6185,       66.1815,       18.0217,        9.2047,  286.3556,0.209436,  3.6676E-06
       25.0000,       23.5000,      200.0000,        0.0000,       11.0000,       90.0000,        3.0000,     2024.0000,      288.3068,       21.7918,      158.8625,        0.1581,      464.2198,        0.8272,    88656.8347,        4.9134,       33.3291,      -13.1242,      -48.3857,  288.8076,0.207474,  2.8393E-05
     -112.0700,       33.4500,      331.0000,        0.0000,       13.0000,      200.0000,        7.0000,     2024.0000,      315.8277,        5.6437,      336.9677,        0.3617,     1337.0218,        0.2607,    98463.8065,        3.6068,       13.8812,      -21.0017,      -19.9249,  332.5149,0.172508,  8.8205E-06
       55.3000,       25.2000,        5.0000,        0.0000,       10.0000,      280.0000,       10.0000,     2024.0000,      293.3325,        3.8424,      222.6464,        0.8339,      701.7395,        0.3611,    91455.3595,        2.8263,        1.4525,       20.2003,        7.9510,  300.2017,0.198359,  5.7186E-06
      -18.0000,       65.0000,       52.0000,        0.0000,       10.0000,      355.0000,       12.0000,     2024.0000,      248.1186,       16.5786,      225.5801,        0.8574,      389.7300,        0.4372,    99812.0271,        1.4668,       49.5992,      -13.2865,        3.4000,  249.6267,0.238819,  1.2924E-05
      151.2100,      -33.8700,       39.0000,        0.0000,       12.0000,      172.0000,        6.0000,     2024.0000,      266.4844,        5.1115,       54.3558,        0.4644,      573.4421,        0.3979,    97663.7670,        2.2567,       59.7385,      -30.2298,     -117.8051,  270.1724,0.222382,  5.2534E-06
     -122.0000,       37.5000,       25.0000,        0.0000,       12.0000,      172.0000,        6.0000,     2024.0000,      302.6488,        8.6973,      285.1280,        0.1588,     1219.3249,        0.0568,    89523.4562,        2.4362,       25.1874,       22.9123,       74.4028,  317.3707,0.184623,  8.8581E-06
      151.2100,      -33.8700,       39.0000,        0.0000,       12.0000,      172.0000,        6.0000,     2024.0000,      259.5075,       11.6444,       74.1123,        0.6925,      536.8067,        0.2645,    98498.6958,        2.4132,       45.0181,        8.3885,       45.3052,  259.5075,0.230914,  1.1073E-05
     -112.0700,       33.4500,      331.0000,        0.0000,       13.0000,      200.0000,        7.0000,     2024.0000,      316.3861,        5.2718,      228.6020,        0.1344,      825.5809,        0.0872,    86049.7821,        2.5459,       17.0830,       18.4501,      103.4722,  330.4613,0.174151,  6.8349E-06
     -112.0700,       33.4500,      331.0000,        0.0000,       13.0000,      200.0000,        7.0000,     2024.0000,      299.6107,        7.4656,      325.2644,        0.3880,      900.4684,        0.3512,    97445.2082,        2.5037,       54.6074,       -3.3103,       30.5556,  307.2553,0.192716,  9.1580E-06
      151.2100,      -33.8700,       39.0000,        0.0000,       12.0000,      172.0000,        6.0000,     2024.0000,      283.3566,        0.4505,      178.8920,        0.8666,     1347.3142,        0.3937,    98813.2765,        1.6384,       46.6372,      -26.1694,       13.9984,  283.3566,0.211835,  1.5134E-06
      -18.0000,       65.0000,       52.0000,        0.0000,       10.0000,      355.0000,       12.0000,     2024.0000,      247.6501,        3.7336,      218.4429,        0.5192,      598.8190,        0.3156,    88714.5900,        0.7433,       54.0044,       31.1123,        0.3197,  254.4825,0.234934,  2.6110E-06
       -0.1300,       51.5100,       11.0000,        0.0000,        9.0000,       80.0000,        3.0000,     2024.0000,      262.8824,        1.1284,      330.0435,        0.4620,      749.4440,        0.0649,    99268.7197,        3.0476,       32.6660,       23.1319,       66.8346,  265.3580,0.226234,  2.5246E-06
      103.8200,        1.3500,       15.0000,       30.0000,       14.0000,      120.0000,        4.0000,     2024.0000,      299.3516,        2.0744,      181.4828,        0.9476,      699.1624,        0.8155,    95528.5563,        0.9720,       40.3847,      -28.7868,      -88.7667,  300.0805,0.198456,  2.0331E-06
     -112.0700,       33.4500,      331.0000,        0.0000,       13.0000,      200.0000,        7.0000,     2024.0000,      319.3200,        7.4839,      267.9355,        0.3901,     1254.8334,        0.0255,    97939.0860,        3.5147,       41.7911,       24.6104,     -124.4019,  328.2723,0.175902,  1.3004E-05
       55.3000,       25.2000,        5.0000,        0.0000,       10.0000,      280.0000,       10.0000,     2024.0000,      282.8567,        3.0785,      210.1142,        0.6024,      828.5643,        0.1225,    88466.7295,        1.6730,        2.6026,      -20.8151,     -112.7136,  296.3711,0.201423,  4.4550E-06
     -122.0000,       37.5000,       25.0000,        0.0000,       12.0000,      172.0000,        6.0000,     2024.0000,      307.4076,        6.4726,      192.3313,        0.5560,     1113.7369,        0.0668,    93404.5769,        2.0428,        3.8421,      -31.3207,      -42.9875,  324.5584,0.178873,  7.0842E-06
      103.8200,        1.3500,       15.0000,       30.0000,       14.0000,      120.0000,        4.0000,     2024.0000,      314.6742,        8.1475,      165.2543,        0.8364,     1008.7792,        0.6888,    87350.3129,        1.8631,       22.9660,      -17.0731,      -67.7164,  317.1546,0.184796,  8.3437E-06
       55.3000,       25.2000,        5.0000,        0.0000,       10.0000,      280.0000,       10.0000,     2024.0000,      299.6223,        1.1448,       87.6781,        0.3497,     1221.9124,        0.0376,    96455.4241,        1.5086,       43.8917,       10.5250,       79.8846,  308.8994,0.191400,  1.8036E-06
       55.3000,       25.2000,        5.0000,        0.0000,       10.0000,      280.0000,       10.0000,     2024.0000,      277.0003,       11.5570,      247.5517,        0.2291,     1200.8085,        0.0702,    97258.3936,        3.1939,        1.7274,      -29.4505,      -98.6596,  285.1152,0.210428,  1.4362E-05
      -68.0000,      -16.5000,     3600.0000,        0.0000,       12.0000,      172.0000,        6.0000,     2024.0000,      303.1726,       11.3413,      148.0407,        0.4936,     1276.8006,        0.2670,    73721.1232,        2.2122,       32.8314,        6.6649,      113.8379,  312.8040,0.188277,  1.1948E-05
     -122.0000,       37.5000,       25.0000,        0.0000,       12.0000,      172.0000,        6.0000,     2024.0000,      300.2148,        8.6460,      337.6968,        0.1467,     1250.3907,        0.4291,    91092.9048,        1.6835,        3.1298,       19.4713,       69.7101,  311.7417,0.189127,  8.8402E-06
      151.2100,      -33.8700,       39.0000,        0.0000,       12.0000,      172.0000,        6.0000,     2024.0000,      310.3060,        8.6345,      125.3152,        0.2000,     1170.1055,        0.0027,    98988.5529,        1.6023,       25.2717,        0.1780,      -77.8728,  319.0009,0.183319,  7.4969E-06
     -112.0700,       33.4500,      331.0000,        0.0000,       13.0000,      200.0000,        7.0000,     2024.0000,      323.0881,        8.2431,      264.7094,        0.0027,     1253.6515,        0.3156,    93691.7027,        2.3370,       26.0969,       27.6064,       66.2077,  335.4583,0.170153,  8.1966E-06
      103.8200,        1.3500,       15.0000,       30.0000,       14.0000,      120.0000,        4.0000,     2024.0000,      308.2019,        1.9332,      244.8539,        0.8284,     1100.7607,        0.9943,    99478.3406,        0.7752,       33.0041,        8.6525,      -77.9451,  308.2650,0.191908,  2.1712E-06
      103.8200,        1.3500,       15.0000,       30.0000,       14.0000,      120.0000,        4.0000,     2024.0000,      314.3510,        7.4550,      125.3669,        0.8019,     1006.2182,        0.9031,    88533.8970,        0.7507,       30.9268,       24.9809,       98.1746,  316.3465,0.185443,  5.2345E-06
     -122.0000,       37.5000,       25.0000,        0.0000,       12.0000,      172.0000,        6.0000,     2024.0000,      309.6522,        3.4518,      181.1535,        0.0924,     1007.9737,        0.0643,   100549.4646,        2.7068,       44.6553,        9.1632,       59.5062,  326.9142,0.176989,  5.6530E-06
      -68.0000,      -16.5000,     3600.0000,        0.0000,       12.0000,      172.0000,        6.0000,     2024.0000,      294.5662,        6.6435,      198.0214,        0.4099,     1036.9864,        0.2677,    60127.1540,        1.6410,       13.4686,       10.9307,       29.4542,  303.9010,0.195399,  5.1868E-06
       -0.1300,       51.5100,       11.0000,        0.0000,        9.0000,       80.0000,        3.0000,     2024.0000,      256.5348,        8.8965,      187.4888,        0.5938,      610.7221,        0.3657,    89474.5828,        1.8621,       36.8299,      -21.8291,       42.4377,  258.2807,0.231895,  8.7725E-06
      103.8200,        1.3500,       15.0000,       30.0000,       14.0000,      120.0000,        4.0000,     2024.0000,      322.6766,        8.7340,      279.3741,        0.7510,      802.6057,        0.8701,    94872.0488,        0.9844,       10.1749,       27.8316,       34.6832,  324.1620,0.179190,  7.6306E-06
     -122.0000,       37.5000,       25.0000,        0.0000,       12.0000,      172.0000,        6.0000,     2024.0000,      307.6905,        7.3524,      294.1259,        0.3204,     1323.5469,        0.1539,    99138.7696,        1.9257,        3.4879,       24.2071,       80.8968,  326.3134,0.177469,  8.5076E-06
      103.8200,        1.3500,       15.0000,       30.0000,       14.0000,      120.0000,        4.0000,     2024.0000,      312.7022,        6.5968,      165.9809,        0.9003,      565.3604,        0.9905,   100831.8587,        0.8771,       32.7080,       23.9456,      -57.4843,  312.7388,0.188329,  5.7569E-06
      -18.0000,       65.0000,       52.0000,        0.0000,       10.0000,      355.0000,       12.0000,     2024.0000,      252.4563,        4.2473,      192.0880,        0.5520,      241.9751,        0.5719,    86714.7000,        1.0176,       68.5420,       21.0120,      -46.1794,  254.6134,0.234829,  4.3749E-06
      -68.0000,      -16.5000,     3600.0000,        0.0000,       12.0000,      172.0000,        6.0000,     2024.0000,      284.4157,        9.3548,      338.1917,        0.4749,     1327.5132,        0.1912,    62403.8663,        1.7555,       28.2555,        5.3307,        8.9370,  290.8892,0.205809,  8.4648E-06
       55.3000,       25.2000,        5.0000,        0.0000,       10.0000,      280.0000,       10.0000,     2024.0000,      274.9928,        5.5780,      224.8232,        0.5492,     1340.3833,        0.3909,    87393.2653,        2.9367,       43.3693,       11.3852,      -36.5116,  289.5414,0.206887,  6.8572E-06
      -18.0000,       65.0000,       52.0000,        0.0000,       10.0000,      355.0000,       12.0000,     2024.0000,      240.5752,       17.1965,       89.2419,        0.5550,      438.2600,        0.4385,    95124.5481,        0.5168,       88.4956,       27.0571,       94.2196,  240.5752,0.246060,  6.7261E-06
       25.0000,       23.5000,      200.0000,        0.0000,       11.0000,       90.0000,        3.0000,     2024.0000,      288.0864,       18.8354,       61.1492,        0.0170,      688.9851,        0.8686,    91001.8140,        4.0768,       10.1865,       30.7359,       90.7130,  288.5774,0.207658,  2.5165E-05
      151.2100,      -33.8700,       39.0000,        0.0000,       12.0000,      172.0000,        6.0000,     2024.0000,      292.3399,        7.3345,       77.9043,        0.4228,     1105.0154,        0.3594,    99300.7280,        1.7269,       40.5333,       12.0595,      -55.1404,  293.6150,0.203628,  7.2914E-06
      -68.0000,      -16.5000,     3600.0000,        0.0000,       12.0000,      172.0000,        6.0000,     2024.0000,      261.1202,        0.3070,      270.8701,        0.2412,      921.5649,        0.1623,    69576.2774,        0.8324,       28.8374,       -2.3020,       67.2234,  276.1106,0.217631,  1.1363E-06
       25.0000,       23.5000,      200.0000,        0.0000,       11.0000,       90.0000,        3.0000,     2024.0000,      317.7282,       16.7785,       57.3339,        0.3673,      202.0569,        0.9831,    91752.8670,        4.4810,       28.6879,       29.4818,      132.3059,  317.7434,0.184325,  2.0349E-05
     -112.0700,       33.4500,      331.0000,        0.0000,       13.0000,      200.0000,        7.0000,     2024.0000,      298.0755,        4.9601,      253.9818,        0.3023,     1108.7752,        0.0581,    87199.5815,        1.5740,       40.8805,       14.9395,       32.4079,  319.9834,0.182533,  5.8986E-06
     -122.0000,       37.5000,       25.0000,        0.0000,       12.0000,      172.0000,        6.0000,     2024.0000,      312.3584,        4.3759,      350.1502,        0.0042,     1006.5588,        0.2823,    88739.0939,        1.3781,       61.0557,       20.8398,       71.8621,  321.6658,0.181187,  4.0258E-06
      151.2100,      -33.8700,       39.0000,        0.0000,       12.0000,      172.0000,        6.0000,     2024.0000,      312.5605,        4.1349,       11.9944,        0.3514,      736.9943,        0.3702,    90694.7815,        2.1777,       32.5493,      -19.8959,      -99.8768,  318.0496,0.184080,  4.9334E-06
       -0.1300,       51.5100,       11.0000,        0.0000,        9.0000,       80.0000,        3.0000,     2024.0000,      286.2781,        0.9521,      297.0227,        0.5914,      850.3781,        0.3905,    91924.0381,        3.0732,       41.0123,      -20.0071,      -40.0157,  299.7317,0.198735,  2.5237E-06
       25.0000,       23.5000,      200.0000,        0.0000,       11.0000,       90.0000,        3.0000,     2024.0000,      321.8722,       23.3603,       97.1947,        0.4175,      814.5721,        0.4775,    92924.7818,        3.2926,       33.4841,        5.6258,      -37.4200,  324.5309,0.178895,  2.7294E-05
       -0.1300,       51.5100,       11.0000,        0.0000,        9.0000,       80.0000,        3.0000,     2024.0000,      290.3111,       11.9734,      104.1586,        0.8857,      491.6203,        0.3433,    90573.2139,        2.2118,       64.9078,       11.5919,       69.9424,  290.3111,0.206271,  1.0810E-05
      -68.0000,      -16.5000,     3600.0000,        0.0000,       12.0000,      172.0000,        6.0000,     2024.0000,      266.0029,        9.1887,      303.6559,        0.3516,     1238.9403,        0.0461,    62514.3208,        3.1726,       18.1325,        4.6270,       38.9667,  274.9242,0.218581,  1.2363E-05
     -112.0700,       33.4500,      331.0000,        0.0000,       13.0000,      200.0000,        7.0000,     2024.0000,      310.0262,        8.7214,      190.4549,        0.2454,     1230.4053,        0.2063,    92159.1185,        2.9332,       51.9369,       17.3820,      -85.5828,  315.4843,0.186133,  1.3921E-05
      103.8200,        1.3500,       15.0000,       30.0000,       14.0000,      120.0000,        4.0000,     2024.0000,      321.2331,        5.9413,      257.4983,        0.7572,      563.6149,        0.8028,    92975.8619,        0.5081,       23.6970,        1.7774,       30.9630,  323.4464,0.179763,  4.9733E-06
     -122.0000,       37.5000,       25.0000,        0.0000,       12.0000,      172.0000,        6.0000,     2024.0000,      300.9865,       11.1593,      203.0706,        0.1206,     1236.5143,        0.3630,    95485.3950,        2.9648,       35.0359,       15.8820,      -30.8177,  309.2172,0.191146,  1.1028E-05
     -112.0700,       33.4500,      331.0000,        0.0000,       13.0000,      200.0000,        7.0000,     2024.0000,      309.0723,        4.7767,      297.0937,        0.1456,      943.8609,        0.2378,    96728.3117,        3.1317,       50.9032,       29.6982,      -84.3061,  314.5223,0.186902,  7.3968E-06
      -18.0000,       65.0000,       52.0000,        0.0000,       10.0000,      355.0000,       12.0000,     2024.0000,      241.2942,       17.3893,       78.9429,        0.5100,      192.3820,        0.8056,    95873.1260,        0.8210,       56.4172,       17.6770,      107.3451,  241.2942,0.245485,  9.3627E-06
       55.3000,       25.2000,        5.0000,        0.0000,       10.0000,      280.0000,       10.0000,     2024.0000,      274.8612,        8.7570,      120.2760,        0.4019,      761.5561,        0.2428,    93838.6258,        2.5671,       35.5142,        1.5508,       -5.0484,  282.2374,0.212730,  9.6890E-06
       -0.1300,       51.5100,       11.0000,        0.0000,        9.0000,       80.0000,        3.0000,     2024.0000,      316.4473,        7.3831,      123.7159,        0.7233,      956.4577,        0.5124,    98762.8246,        1.7550,       47.4325,       -7.0263,      -38.2647,  324.8456,0.178643,  7.1686E-06
     -112.0700,       33.4500,      331.0000,        0.0000,       13.0000,      200.0000,        7.0000,     2024.0000,      309.1808,        8.4087,      255.3726,        0.2354,      879.5535,        0.0574,    98021.8031,        4.0310,       14.3242,       -4.5205,     -102.6795,  319.5783,0.182857,  1.0032E-05
      -18.0000,       65.0000,       52.0000,        0.0000,       10.0000,      355.0000,       12.0000,     2024.0000,      237.3759,       16.4463,      256.7150,        0.7201,      126.4783,        0.2574,    86928.9142,        1.4310,       59.5081,       21.5915,      -41.2916,  238.1655,0.247988,  1.1056E-05
       -0.1300,       51.5100,       11.0000,        0.0000,        9.0000,       80.0000,        3.0000,     2024.0000,      290.9217,       12.7409,      350.9311,        0.8273,      953.3072,        0.4066,    93078.0269,        2.4681,       65.5882,        6.4164,      121.5187,  290.9217,0.205783,  1.3386E-05
      -18.0000,       65.0000,       52.0000,        0.0000,       10.0000,      355.0000,       12.0000,     2024.0000,      248.1539,       20.3637,      123.8212,        0.5407,       81.2019,        0.3583,   100415.7832,        1.1990,       74.7369,      -28.8161,      -74.0602,  248.4482,0.239761,  1.1815E-05
      151.2100,      -33.8700,       39.0000,        0.0000,       12.0000,      172.0000,        6.0000,     2024.0000,      285.0625,       12.4287,       51.0174,        0.6513,      768.4038,        0.0841,    88297.5786,        1.5381,       83.0697,      -15.9534,       -1.0038,  285.0625,0.210470,  1.1362E-05
       25.0000,       23.5000,      200.0000,        0.0000,       11.0000,       90.0000,        3.0000,     2024.0000,      318.0530,       13.7048,      169.0414,        0.1705,       59.3498,        0.5612,    88163.4780,        4.0928,       39.7612,       24.0421,      -33.9278,  318.2862,0.183891,  1.8008E-05
      -18.0000,       65.0000,       52.0000,        0.0000,       10.0000,      355.0000,       12.0000,     2024.0000,      264.4920,        9.5036,      171.8868,        0.5030,       12.4136,        0.6128,    99030.3536,        1.4275,       71.8301,       18.3222,      -46.7642,  264.5599,0.226872,  6.5932E-06
     -122.0000,       37.5000,       25.0000,        0.0000,       12.0000,      172.0000,        6.0000,     2024.0000,      322.9774,        3.7779,      234.3468,        0.2029,     1125.4558,        0.1951,    93237.5196,        1.4580,       29.8533,      -18.7534,      -57.8221,  344.1619,0.163190,  4.6643E-06
      -18.0000,       65.0000,       52.0000,        0.0000,       10.0000,      355.0000,       12.0000,     2024.0000,      235.3226,       15.8785,       35.2155,        0.8354,      605.1255,        0.4460,    99370.5537,        1.8127,       50.8903,      -13.1883,      -66.4768,  237.3077,0.248674,  1.3081E-05
      -68.0000,      -16.5000,     3600.0000,        0.0000,       12.0000,      172.0000,        6.0000,     2024.0000,      305.9677,        4.6550,      293.6115,        0.1203,      898.9926,        0.2933,    61095.0763,        3.4334,       24.4776,        7.8987,      -96.1217,  315.4072,0.186194,  5.3218E-06
       25.0000,       23.5000,      200.0000,        0.0000,       11.0000,       90.0000,        3.0000,     2024.0000,      314.7653,       23.5434,        2.7166,        0.0695,      772.0710,        0.4848,    94722.0432,        2.6890,       44.1741,        0.3858,      -79.0742,  316.9855,0.184932,  2.2731E-05
     -112.0700,       33.4500,      331.0000,        0.0000,       13.0000,      200.0000,        7.0000,     2024.0000,      309.2538,        1.5822,      327.8009,        0.1417,     1121.3291,        0.1342,    98028.3138,        1.0479,       34.6058,      -25.4699,      -80.1111,  328.7123,0.175550,  1.9377E-06
      103.8200,        1.3500,       15.0000,       30.0000,       14.0000,      120.0000,        4.0000,     2024.0000,      294.4687,        2.3241,      260.0406,        0.8866,      894.7056,        0.9602,    89141.7823,        1.3128,       16.9339,      -15.5456,      -36.3598,  295.0657,0.202467,  2.6356E-06
     -112.0700,       33.4500,      331.0000,        0.0000,       13.0000,      200.0000,        7.0000,     2024.0000,      319.0875,        2.3307,      327.6914,        0.2388,     1190.4944,        0.1228,    93263.8503,        3.1834,       32.4693,       -7.8057,     -114.5915,  336.9059,0.168995,  4.0080E-06
       55.3000,       25.2000,        5.0000,        0.0000,       10.0000,      280.0000,       10.0000,     2024.0000,      297.0149,        6.3499,      290.2218,        0.7504,     1256.2308,        0.1174,    96885.0164,        3.9899,       15.5640,        4.3719,       70.8803,  308.9370,0.191370,  8.1202E-06
       55.3000,       25.2000,        5.0000,        0.0000,       10.0000,      280.0000,       10.0000,     2024.0000,      273.9901,        4.7928,       75.2220,        0.7705,     1332.7509,        0.3864,    90906.0089,        3.8615,       18.9615,      -19.7454,      -69.3604,  287.5711,0.208463,  5.0024E-06
      151.2100,      -33.8700,       39.0000,        0.0000,       12.0000,      172.0000,        6.0000,     2024.0000,      318.0574,        3.9664,       80.3481,        0.3185,     1292.6682,        0.1748,    96754.9376,        2.4370,       30.2367,       -3.4107,      -93.4924,  330.3785,0.174217,  5.4934E-06
     -122.0000,       37.5000,       25.0000,        0.0000,       12.0000,      172.0000,        6.0000,     2024.0000,      322.0630,       11.6376,      211.5422,        0.4177,     1346.7564,        0.1324,   100499.4736,        1.4653,       31.6747,       16.6661,      -97.5759,  336.1796,0.169576,  1.0851E-05
      103.8200,        1.3500,       15.0000,       30.0000,       14.0000,      120.0000,        4.0000,     2024.0000,      290.9882,        3.5863,      269.4817,        0.7989,     1000.5066,        0.7108,    99030.6909,        1.4969,       15.4767,        0.7487,       25.9307,  296.7552,0.201116,  3.9405E-06
     -122.0000,       37.5000,       25.0000,        0.0000,       12.0000,      172.0000,        6.0000,     2024.0000,      284.3086,        7.3827,      207.5586,        0.6256,     1150.8244,        0.1266,    94458.2673,        2.9177,       60.3641,       15.3820,       88.9346,  291.6301,0.205216,  8.5954E-06
      -18.0000,       65.0000,       52.0000,        0.0000,       10.0000,      355.0000,       12.0000,     2024.0000,      244.2703,       16.3014,       19.0973,        0.5030,      637.5643,        0.7356,    98287.3580,        2.1154,       84.9286,        2.1738,      -58.8555,  245.6014,0.242039,  1.1819E-05
       -0.1300,       51.5100,       11.0000,        0.0000,        9.0000,       80.0000,        3.0000,     2024.0000,      290.2925,        5.7185,      141.7493,        0.5427,      433.9031,        0.5776,   100003.5790,        1.7689,       36.7221,       26.9582,      -23.5485,  293.1430,0.204006,  5.3689E-06
      103.8200,        1.3500,       15.0000,       30.0000,       14.0000,      120.0000,        4.0000,     2024.0000,      307.2229,        6.4171,      140.9126,        0.6559,      979.6599,        0.7708,    95080.1528,        1.5517,        6.1345,       14.4821,        3.6100,  310.6721,0.189982,  5.2842E-06
     -112.0700,       33.4500,      331.0000,        0.0000,       13.0000,      200.0000,        7.0000,     2024.0000,      284.3063,        5.5023,      223.8301,        0.3519,     1341.5970,        0.3162,    97296.7698,        2.3196,       41.6477,        7.9647,      -34.5282,  297.4923,0.200526,  7.1116E-06
       -0.1300,       51.5100,       11.0000,        0.0000,        9.0000,       80.0000,        3.0000,     2024.0000,      303.1540,        1.8798,      149.0438,        0.3876,      850.2029,        0.2245,    90081.7176,        0.8387,       64.2223,       -2.4572,      -58.9925,  324.7543,0.178717,  2.3978E-06
       -0.1300,       51.5100,       11.0000,        0.0000,        9.0000,       80.0000,        3.0000,     2024.0000,      299.2208,        4.6022,      258.3995,        0.7088,      666.5705,        0.1255,    90421.7756,        2.3372,       48.2165,      -26.9661,      111.9862,  299.2208,0.199143,  4.7287E-06
       25.0000,       23.5000,      200.0000,        0.0000,       11.0000,       90.0000,        3.0000,     2024.0000,      305.4509,       24.9387,      159.6995,        0.2303,      566.8003,        0.9864,    85709.3551,        2.7079,       16.9505,      -14.9382,       45.1605,  305.4901,0.194128,  2.9048E-05
     -122.0000,       37.5000,       25.0000,        0.0000,       12.0000,      172.0000,        6.0000,     2024.0000,      287.5692,        6.2702,      244.9463,        0.6308,     1196.8998,        0.1271,    99146.2918,        2.1557,        7.7256,      -24.4775,       45.9961,  305.5987,0.194041,  6.3902E-06
      151.2100,      -33.8700,       39.0000,        0.0000,       12.0000,      172.0000,        6.0000,     2024.0000,      280.7013,       12.6073,       77.6744,        0.5285,      645.0152,        0.5509,    90526.8332,        0.8901,       41.4151,       31.2583,      -20.0006,  280.7013,0.213959,  8.3610E-06
      103.8200,        1.3500,       15.0000,       30.0000,       14.0000,      120.0000,        4.0000,     2024.0000,      274.7994,        0.3217,       76.8032,        0.9283,      651.2683,        0.6112,    94639.5644,        2.3969,       29.7923,       29.9989,       98.8531,  281.8749,0.213020,  1.2483E-06
     -112.0700,       33.4500,      331.0000,        0.0000,       13.0000,      200.0000,        7.0000,     2024.0000,      301.9626,        9.0634,      321.4302,        0.1694,      846.1259,        0.2330,    96272.6468,        2.2817,       52.3197,        1.6452,       15.9494,  309.7288,0.190737,  9.8482E-06
     -112.0700,       33.4500,      331.0000,        0.0000,       13.0000,      200.0000,        7.0000,     2024.0000,      298.7741,        1.2802,      357.6171,        0.1801,      877.6868,        0.2682,    90372.4681,        3.0224,        8.2259,      -26.5231,      -19.7562,  315.1127,0.186430,  2.5098E-06
      -18.0000,       65.0000,       52.0000,        0.0000,       10.0000,      355.0000,       12.0000,     2024.0000,      243.4580,        8.6778,       95.5203,        0.7282,      181.9872,        0.3714,    88775.7240,        2.2443,       54.5559,      -21.3745,      -97.1059,  243.8967,0.243403,  9.8175E-06
      151.2100,      -33.8700,       39.0000,        0.0000,       12.0000,      172.0000,        6.0000,     2024.0000,      315.2615,        8.3087,      132.0723,        0.6413,     1268.3306,        0.1138,    89436.6969,        1.8757,       32.6537,       26.1876,       45.8513,  317.7076,0.184354,  8.2525E-06
      -18.0000,       65.0000,       52.0000,        0.0000,       10.0000,      355.0000,       12.0000,     2024.0000,      260.7646,        9.2332,      210.4257,        0.5811,      282.9489,        0.6411,    99324.0872,        2.6298,       68.7682,       17.8244,        4.7532,  261.7858,0.229091,  1.0568E-05
      151.2100,      -33.8700,       39.0000,        0.0000,       12.0000,      172.0000,        6.0000,     2024.0000,      276.5802,        7.1447,      119.3314,        0.8777,     1023.4238,        0.5343,    93789.1657,        2.3159,       57.8373,       26.7380,     -112.0479,  280.6027,0.214038,  8.6079E-06
       55.3000,       25.2000,        5.0000,        0.0000,       10.0000,      280.0000,       10.0000,     2024.0000,      278.8759,        4.5655,      223.5328,        0.4464,     1178.2772,        0.1829,    90310.6932,        3.3999,       21.1457,        9.8860,       50.0232,  291.4097,0.205392,  5.2845E-06
      -68.0000,      -16.5000,     3600.0000,        0.0000,       12.0000,      172.0000,        6.0000,     2024.0000,      267.5823,       13.5504,      293.5864,        0.4120,     1195.5971,        0.0895,    75934.8713,        2.6527,       18.0039,       23.1421,      -44.1301,  273.4737,0.219741,  1.7416E-05
      -68.0000,      -16.5000,     3600.0000,        0.0000,       12.0000,      172.0000,        6.0000,     2024.0000,      261.8678,       15.8235,      203.4507,        0.4979,     1129.6565,        0.0554,    74998.1266,        0.5680,       20.6525,       10.9646,       23.4508,  269.7340,0.222733,  8.1745E-06
     -122.0000,       37.5000,       25.0000,        0.0000,       12.0000,      172.0000,        6.0000,     2024.0000,      296.3806,        1.6024,      180.2375,        0.3643,     1192.4616,        0.2568,    92152.4258,        2.2617,       39.0739,       14.1569,     -135.2685,  312.8740,0.188221,  3.0541E-06
       -0.1300,       51.5100,       11.0000,        0.0000,        9.0000,       80.0000,        3.0000,     2024.0000,      297.7611,        2.3561,      172.5189,        0.8312,      904.4961,        0.5173,    95110.1713,        1.0430,       12.7950,        5.4126,        8.7876,  304.7390,0.194729,  3.0660E-06
      103.8200,        1.3500,       15.0000,       30.0000,       14.0000,      120.0000,        4.0000,     2024.0000,      307.4103,        5.8812,      173.0688,        0.7130,     1288.0119,        0.6080,    91879.9402,        1.0693,       32.7299,        3.6973,      -80.4959,  311.2122,0.189550,  5.5813E-06
      -68.0000,      -16.5000,     3600.0000,        0.0000,       12.0000,      172.0000,        6.0000,     2024.0000,      254.3824,        4.5499,      285.5288,        0.5106,      899.0088,        0.2708,    73125.2677,        2.3888,       19.5421,      -14.0546,       17.2302,  261.1864,0.229571,  4.0987E-06
     -122.0000,       37.5000,       25.0000,        0.0000,       12.0000,      172.0000,        6.0000,     2024.0000,      309.3793,       10.5080,      160.4610,        0.4629,      852.8120,        0.1685,    99713.6666,        2.6160,        3.6210,      -11.4270,       61.0295,  318.1991,0.183961,  1.3512E-05
      -68.0000,      -16.5000,     3600.0000,        0.0000,       12.0000,      172.0000,        6.0000,     2024.0000,      295.6247,        9.7824,      236.5661,        0.1683,      923.5212,        0.3770,    75432.4057,        3.1275,        8.7995,       10.4711,       96.3387,  301.2863,0.197491,  1.3801E-05
     -112.0700,       33.4500,      331.0000,        0.0000,       13.0000,      200.0000,        7.0000,     2024.0000,      288.3999,        0.3460,      326.7284,        0.2220,     1358.7504,        0.2898,    91044.6482,        2.9068,        6.0743,      -13.9975,      -62.0578,  317.3856,0.184611,  2.1134E-06
      151.2100,      -33.8700,       39.0000,        0.0000,       12.0000,      172.0000,        6.0000,     2024.0000,      260.7965,        0.7508,      205.5956,        0.3111,     1329.8822,        0.4881,    89353.4919,        0.9896,       24.2470,       26.8928,      -36.8754,  265.1851,0.226372,  1.1689E-06
      151.2100,      -33.8700,       39.0000,        0.0000,       12.0000,      172.0000,        6.0000,     2024.0000,      267.6928,       12.5943,       84.2984,        0.5831,      661.7163,        0.1227,    94262.5669,        1.3806,       28.8314,       28.6147,      -73.7810,  270.2541,0.222317,  8.9262E-06
      103.8200,        1.3500,       15.0000,       30.0000,       14.0000,      120.0000,        4.0000,     2024.0000,      307.5126,        0.0110,      194.8648,        0.8836,     1173.7403,        0.6839,    94976.7907,        0.6418,       10.4140,       27.8823,      -41.4303,  315.7535,0.185917,  8.2094E-07
      151.2100,      -33.8700,       39.0000,        0.0000,       12.0000,      172.0000,        6.0000,     2024.0000,      273.7259,        5.5678,      197.6492,        0.3657,      825.9807,        0.5739,    92291.4354,        1.6070,       78.4279,       -3.9207,       52.6943,  273.7259,0.219539,  5.8058E-06
     -122.0000,       37.5000,       25.0000,        0.0000,       12.0000,      172.0000,        6.0000,     2024.0000,      321.5666,       11.8219,      268.7101,        0.5356,     1214.6509,        0.4436,    97745.4395,        0.8603,       49.4671,       -1.1684,       15.9661,  331.2527,0.173518,  9.7506E-06
      -18.0000,       65.0000,       52.0000,        0.0000,       10.0000,      355.0000,       12.0000,     2024.0000,      256.9016,        5.5539,      171.1788,        0.6592,      328.4879,        0.6577,    87914.7501,        1.2338,       64.3348,      -21.9847,      -65.7651,  258.5520,0.231678,  3.7194E-06
       25.0000,       23.5000,      200.0000,        0.0000,       11.0000,       90.0000,        3.0000,     2024.0000,      302.8763,       22.0388,      168.8137,        0.0430,      249.8085,        0.6757,    93079.1353,        2.7838,       47.8634,      -17.8395,       51.1391,  303.1868,0.195971,  2.4268E-05
      -18.0000,       65.0000,       52.0000,        0.0000,       10.0000,      355.0000,       12.0000,     2024.0000,      255.2154,        3.7531,       93.6591,        0.7839,      131.8906,        0.7232,    88177.5293,        1.4693,       84.7414,      -12.8317,       54.9084,  255.3346,0.234252,  3.5061E-06
      103.8200,        1.3500,       15.0000,       30.0000,       14.0000,      120.0000,        4.0000,     2024.0000,      286.5155,        4.6059,       76.9103,        0.8349,     1254.3964,        0.9560,    96835.8415,        2.2654,       23.2866,        7.2580,      -49.5040,  287.0757,0.208859,  5.6989E-06
       -0.1300,       51.5100,       11.0000,        0.0000,        9.0000,       80.0000,        3.0000,     2024.0000,      310.6473,        0.5108,      264.1011,        0.8701,      722.9581,        0.1090,    95621.4688,        3.0459,       42.6757,      -17.5793,      -91.2114,  326.7248,0.177140,  2.0200E-06
      151.2100,      -33.8700,       39.0000,        0.0000,       12.0000,      172.0000,        6.0000,     2024.0000,      268.0591,        8.0996,       44.5107,        0.8877,      843.0785,        0.0360,   100419.9763,        1.5280,       42.9965,      -21.2102,      -80.2986,  272.1323,0.220814,  6.0895E-06
       -0.1300,       51.5100,       11.0000,        0.0000,        9.0000,       80.0000,        3.0000,     2024.0000,      275.2633,       11.9067,      297.2384,        0.7843,      492.1955,        0.5765,    88693.0992,        1.7143,       37.7070,      -24.7260,      112.1276,  275.2633,0.218309,  8.8100E-06
       -0.1300,       51.5100,       11.0000,        0.0000,        9.0000,       80.0000,        3.0000,     2024.0000,      268.8903,        5.7916,      273.6074,        0.7542,      653.9851,        0.1212,    96894.8144,        2.1887,       30.6420,       28.6842,      125.1064,  268.8903,0.223408,  3.9586E-06
      103.8200,        1.3500,       15.0000,       30.0000,       14.0000,      120.0000,        4.0000,     2024.0000,      290.3813,        5.6553,      208.9088,        0.7945,      535.5100,        0.8402,    90672.5735,        2.4653,       22.5745,      -10.5123,       15.7112,  291.4932,0.205325,  6.6414E-06
       -0.1300,       51.5100,       11.0000,        0.0000,        9.0000,       80.0000,        3.0000,     2024.0000,      296.6816,        4.3382,      341.1019,        0.9312,     1223.3678,        0.1938,    87729.7046,        1.6110,       64.3694,       13.9628,     -123.6363,  307.0453,0.192884,  4.3890E-06
     -112.0700,       33.4500,      331.0000,        0.0000,       13.0000,      200.0000,        7.0000,     2024.0000,      288.4959,        7.5620,      200.5075,        0.4784,     1057.5291,        0.2189,    93889.9472,        2.5408,        5.0989,      -27.6696,      -35.9060,  299.7123,0.198750,  9.2393E-06
      -18.0000,       65.0000,       52.0000,        0.0000,       10.0000,      355.0000,       12.0000,     2024.0000,      257.5340,       16.9493,      209.2340,        0.7584,      626.4589,        0.3863,    94647.0746,        0.7938,       70.1895,       -3.3464,      -95.6964,  259.2542,0.231117,  9.6178E-06
       55.3000,       25.2000,        5.0000,        0.0000,       10.0000,      280.0000,       10.0000,     2024.0000,      287.8216,        8.3727,      180.9183,        0.6818,      665.1453,        0.2625,    88344.8683,        3.5395,       20.1886,        1.7752,       55.5729,  292.3058,0.204675,  1.2217E-05
      103.8200,        1.3500,       15.0000,       30.0000,       14.0000,      120.0000,        4.0000,     2024.0000,      286.2369,        5.5714,       79.8111,        0.9695,     1202.5216,        0.6541,    89967.9210,        2.5001,       35.9788,       -0.8911,        4.4396,  290.3531,0.206238,  6.2963E-06
      103.8200,        1.3500,       15.0000,       30.0000,       14.0000,      120.0000,        4.0000,     2024.0000,      275.2686,        4.4188,       56.5871,        0.7504,     1076.1781,        0.6819,    88954.7406,        2.3838,       36.4376,       18.3525,      -37.0077,  277.3597,0.216632,  4.0738E-06
      -18.0000,       65.0000,       52.0000,        0.0000,       10.0000,      355.0000,       12.0000,     2024.0000,      250.7481,        9.0596,       26.5826,        0.4926,      202.4472,        0.3875,    92892.0207,        1.2489,       77.2391,       23.9154,      -94.6105,  251.4928,0.237326,  5.9328E-06
     -122.0000,       37.5000,       25.0000,        0.0000,       12.0000,      172.0000,        6.0000,     2024.0000,      312.0110,        4.2479,      149.1283,        0.3989,     1355.5425,        0.3210,   100982.0315,        2.9021,        7.8193,       30.1723,       33.0547,  329.1690,0.175185,  6.3770E-06
       55.3000,       25.2000,        5.0000,        0.0000,       10.0000,      280.0000,       10.0000,     2024.0000,      313.5329,        6.1624,      292.8465,        0.1868,      911.2142,        0.0347,    90789.1992,        2.8674,       12.2548,      -10.6869,       38.5639,  324.8582,0.178633,  1.0028E-05
     -122.0000,       37.5000,       25.0000,        0.0000,       12.0000,      172.0000,        6.0000,     2024.0000,      321.1795,        7.1121,      296.3138,        0.6703,      996.7960,        0.2966,    91752.0493,        1.5215,       48.3030,      -30.7742,      -15.7486,  331.3951,0.173404,  8.9340E-06
       25.0000,       23.5000,      200.0000,        0.0000,       11.0000,       90.0000,        3.0000,     2024.0000,      283.9882,       22.4444,       90.7832,        0.3522,      529.3604,        0.7218,    93993.2157,        3.0852,       20.4296,       26.2195,      -56.7984,  284.8128,0.210670,  2.6380E-05
       -0.1300,       51.5100,       11.0000,        0.0000,        9.0000,       80.0000,        3.0000,     2024.0000,      289.2753,        4.7295,      117.9515,        0.6513,      929.6259,        0.3353,    95152.2892,        1.6562,       40.0754,      -30.4504,       22.9552,  295.3278,0.202258,  4.9481E-06
     -112.0700,       33.4500,      331.0000,        0.0000,       13.0000,      200.0000,        7.0000,     2024.0000,      295.0638,        4.4324,      225.2569,        0.4184,      824.2569,        0.1780,    88293.0182,        4.0415,       39.5356,       21.2323,     -107.5709,  302.2539,0.196717,  6.4473E-06
      103.8200,        1.3500,       15.0000,       30.0000,       14.0000,      120.0000,        4.0000,     2024.0000,      289.4646,        8.1574,      204.3848,        0.9989,     1171.6931,        0.8937,    97341.7600,        1.3190,       12.6948,       29.5814,      -44.6209,  290.7632,0.205909,  7.6972E-06
      151.2100,      -33.8700,       39.0000,        0.0000,       12.0000,      172.0000,        6.0000,     2024.0000,      290.1514,       11.0988,      150.7594,        0.7996,     1223.1906,        0.5514,    93097.6685,        1.6770,       38.3303,       13.8000,       86.1819,  293.1932,0.203965,  1.1281E-05
       25.0000,       23.5000,      200.0000,        0.0000,       11.0000,       90.0000,        3.0000,     2024.0000,      322.1793,       24.0769,       63.2940,        0.2620,      606.6705,        0.6900,    94893.2428,        4.3996,        0.1423,       38.7878,       15.9693,  323.0016,0.180119,  2.6397E-05
      -18.0000,       65.0000,       52.0000,        0.0000,       10.0000,      355.0000,       12.0000,     2024.0000,      239.8091,       10.6298,      144.3738,        0.9222,      181.5469,        0.4916,    91532.9945,        1.6755,       64.5280,       30.0996,     -101.3825,  240.0903,0.246448,  6.5994E-06
       55.3000,       25.2000,        5.0000,        0.0000,       10.0000,      280.0000,       10.0000,     2024.0000,      285.1761,        4.0383,      274.4430,        0.2104,      638.6962,        0.4191,    94992.8260,        4.1148,        6.9022,      -19.8295,      112.5181,  290.0124,0.206510,  4.8991E-06
       -0.1300,       51.5100,       11.0000,        0.0000,        9.0000,       80.0000,        3.0000,     2024.0000,      271.1889,        7.2021,      312.7750,        0.5190,     1176.7233,        0.4911,    91184.0207,        2.6865,       65.7257,      -31.0418,        8.3866,  275.9749,0.217740,  6.9196E-06
       25.0000,       23.5000,      200.0000,        0.0000,       11.0000,       90.0000,        3.0000,     2024.0000,      319.7454,       23.5084,       96.4738,        0.1426,       29.7633,        0.3925,   100460.4101,        4.5453,       34.8624,        9.1874,      -40.4201,  319.8557,0.182635,  3.2853E-05
      -68.0000,      -16.5000,     3600.0000,        0.0000,       12.0000,      172.0000,        6.0000,     2024.0000,      252.7263,       11.9585,      229.2892,        0.5330,     1284.3842,        0.0004,    75428.9884,        1.3956,        6.4428,       -7.1820,      -88.8687,  266.6336,0.225213,  1.0035E-05
     -112.0700,       33.4500,      331.0000,        0.0000,       13.0000,      200.0000,        7.0000,     2024.0000,      312.3855,        3.9496,      246.5351,        0.0810,      972.7036,        0.1820,    92383.0910,        3.0817,        2.6713,       10.9372,     -101.8224,  328.8102,0.175472,  5.7793E-06
      -68.0000,      -16.5000,     3600.0000,        0.0000,       12.0000,      172.0000,        6.0000,     2024.0000,      302.5970,        6.8209,      279.9551,        0.1122,      939.0158,        0.3591,    71758.6862,        0.9132,       47.3410,       20.3086,     -120.1851,  312.4483,0.188561,  5.6977E-06
     -112.0700,       33.4500,      331.0000,        0.0000,       13.0000,      200.0000,        7.0000,     2024.0000,      288.3823,        1.1755,      332.7362,        0.4149,     1314.6736,        0.2969,    91641.7021,        2.3060,       46.2864,       -3.9007,      -23.8239,  308.8397,0.191448,  2.9747E-06
      151.2100,      -33.8700,       39.0000,        0.0000,       12.0000,      172.0000,        6.0000,     2024.0000,      317.5879,       11.6392,      150.3725,        0.6278,      879.5288,        0.1866,    94687.1613,        1.1325,       28.9668,      -13.6264,       49.1068,  319.9581,0.182554,  7.9236E-06
       25.0000,       23.5000,      200.0000,        0.0000,       11.0000,       90.0000,        3.0000,     2024.0000,      295.4760,       19.2508,      137.5766,        0.2796,       82.9997,        0.5964,    95493.0359,        4.7480,       13.4012,      -12.0535,       56.0946,  295.6872,0.201970,  2.4301E-05
      151.2100,      -33.8700,       39.0000,        0.0000,       12.0000,      172.0000,        6.0000,     2024.0000,      299.2632,        0.8312,      159.3216,        0.4928,      542.3785,        0.3174,    87061.4077,        2.9151,       74.3357,      -14.8004,     -105.3139,  303.2786,0.195897,  2.3649E-06
     -112.0700,       33.4500,      331.0000,        0.0000,       13.0000,      200.0000,        7.0000,     2024.0000,      287.7425,        6.9582,      221.1803,        0.4839,     1134.4151,        0.1693,    97104.3705,        1.5624,       51.3019,       20.2085,      -19.5599,  299.7564,0.198715,  6.7456E-06
      -18.0000,       65.0000,       52.0000,        0.0000,       10.0000,      355.0000,       12.0000,     2024.0000,      252.5118,        9.7847,       90.1455,        0.9372,      292.1585,        0.2648,    91605.6493,        0.9061,       83.3845,       20.1403,       56.4420,  252.9044,0.236196,  6.9262E-06
      -18.0000,       65.0000,       52.0000,        0.0000,       10.0000,      355.0000,       12.0000,     2024.0000,      248.7159,       13.6390,       16.4710,        0.6678,      431.1129,        0.7938,   100999.3387,        2.9966,       56.2496,        4.8190,      -26.0209,  249.4097,0.238992,  1.7043E-05
     -112.0700,       33.4500,      331.0000,        0.0000,       13.0000,      200.0000,        7.0000,     2024.0000,      300.2940,        8.3189,      273.7692,        0.3557,     1233.4334,        0.3771,    94981.3143,        2.3725,       51.6108,       16.9244,      -99.1800,  304.6688,0.194785,  9.5826E-06
     -112.0700,       33.4500,      331.0000,        0.0000,       13.0000,      200.0000,        7.0000,     2024.0000,      309.1784,        2.0621,      345.0643,        0.3526,     1306.6969,        0.2406,    90347.1695,        3.1766,       21.4866,        8.1196,      -71.5701,  331.4929,0.173326,  3.8788E-06
      103.8200,        1.3500,       15.0000,       30.0000,       14.0000,      120.0000,        4.0000,     2024.0000,      286.0006,        6.1356,       86.5270,        0.8888,     1105.7345,        0.6142,    95523.6979,        1.6788,       21.0426,       23.4267,       54.5612,  292.8774,0.204218,  4.7188E-06
      -18.0000,       65.0000,       52.0000,        0.0000,       10.0000,      355.0000,       12.0000,     2024.0000,      253.9946,        5.1144,       43.0270,        0.5239,       19.2133,        0.8468,    88893.8136,        1.6576,       81.9893,      -26.3874,       36.6080,  254.0194,0.235304,  4.7274E-06
       25.0000,       23.5000,      200.0000,        0.0000,       11.0000,       90.0000,        3.0000,     2024.0000,      321.9403,       13.5041,       16.4223,        0.1564,      340.0445,        0.3867,    92099.5097,        3.2738,       27.2879,      -15.2249,      -55.5314,  324.0048,0.179316,  2.1023E-05
      -18.0000,       65.0000,       52.0000,        0.0000,       10.0000,      355.0000,       12.0000,     2024.0000,      254.1177,       15.1563,      199.9490,        0.6630,      428.1065,        0.6622,    87129.4128,        1.2801,       58.0750,      -19.5695,       94.8256,  254.1177,0.235226,  9.1786E-06
       55.3000,       25.2000,        5.0000,        0.0000,       10.0000,      280.0000,       10.0000,     2024.0000,      318.2465,        2.7026,      269.1121,        0.2224,     1074.1090,        0.1609,    90237.6974,        4.5205,       45.1866,       -2.6375,       99.7743,  320.7909,0.181887,  4.6106E-06
     -112.0700,       33.4500,      331.0000,        0.0000,       13.0000,      200.0000,        7.0000,     2024.0000,      313.7297,        8.0022,      341.9712,        0.2963,     1346.9577,        0.1157,    86480.9951,        3.5946,        0.8291,       24.7995,       92.1381,  329.6453,0.174804,  1.2381E-05
       25.0000,       23.5000,      200.0000,        0.0000,       11.0000,       90.0000,        3.0000,     2024.0000,      294.3831,       15.0851,       77.7117,        0.4292,      592.9134,        0.3560,    86441.9331,        3.5559,       40.1572,       -1.3163,       12.8914,  297.3968,0.200603,  2.3274E-05
       25.0000,       23.5000,      200.0000,        0.0000,       11.0000,       90.0000,        3.0000,     2024.0000,      315.4428,       15.8621,       56.0136,        0.0350,      763.4103,        0.8997,    86493.7589,        4.6081,        9.2650,       11.1620,       48.5703,  316.0478,0.185682,  1.7530E-05
      -18.0000,       65.0000,       52.0000,        0.0000,       10.0000,      355.0000,       12.0000,     2024.0000,      263.2280,        5.7982,       90.5581,        0.8291,      102.8774,        0.7392,    89361.2929,        0.5758,       61.1080,      -10.5298,       13.4027,  263.6613,0.227591,  3.8513E-06
      103.8200,        1.3500,       15.0000,       30.0000,       14.0000,      120.0000,        4.0000,     2024.0000,      304.5437,        5.3658,      101.6738,        0.7333,      889.6544,        0.7512,    87450.1426,        0.5940,        9.9997,      -14.0919,       34.4368,  309.0442,0.191285,  4.0538E-06
       25.0000,       23.5000,      200.0000,        0.0000,       11.0000,       90.0000,        3.0000,     2024.0000,      282.4064,       15.5609,      177.9000,        0.1053,      770.8068,        0.9431,    99049.8048,        2.7431,       26.6582,        3.1052,       78.6013,  282.6886,0.212369,  1.6892E-05
     -112.0700,       33.4500,      331.0000,        0.0000,       13.0000,      200.0000,        7.0000,     2024.0000,      305.8164,        6.1355,      278.8210,        0.0503,     1017.0822,        0.3869,    89606.5198,        3.8672,       26.4518,      -13.5027,      110.8569,  315.8044,0.185877,  9.3764E-06
      -68.0000,      -16.5000,     3600.0000,        0.0000,       12.0000,      172.0000,        6.0000,     2024.0000,      251.4633,        3.3559,      359.8827,        0.4547,     1033.2306,        0.3971,    64352.7220,        2.4027,       14.9787,       -2.2588,       10.2118,  259.7775,0.230698,  4.7194E-06
      103.8200,        1.3500,       15.0000,       30.0000,       14.0000,      120.0000,        4.0000,     2024.0000,      322.2839,        1.1131,       61.5105,        0.6436,      545.5599,        0.8013,    94372.3896,        0.9209,       27.6042,       25.0975,       29.9476,  324.7885,0.178689,  2.0498E-06
      -18.0000,       65.0000,       52.0000,        0.0000,       10.0000,      355.0000,       12.0000,     2024.0000,      262.4545,        5.2121,      109.2810,        0.7503,      335.1611,        0.7336,    92081.6026,        1.0401,       76.6896,       -3.9133,       22.6428,  263.7838,0.227493,  5.5233E-06
      103.8200,        1.3500,       15.0000,       30.0000,       14.0000,      120.0000,        4.0000,     2024.0000,      302.9981,        4.4305,      268.9014,        0.7183,     1123.3533,        0.8605,    97463.3831,        2.3127,        8.6272,      -13.3219,      -55.4508,  305.2799,0.194296,  5.7853E-06
      103.8200,        1.3500,       15.0000,       30.0000,       14.0000,      120.0000,        4.0000,     2024.0000,      302.1940,        2.4206,      262.9314,        0.6451,      953.6849,        0.6392,    88321.1098,        1.4811,       15.0132,        3.6808,       98.6467,  311.3878,0.189410,  3.6886E-06
       55.3000,       25.2000,        5.0000,        0.0000,       10.0000,      280.0000,       10.0000,     2024.0000,      320.7888,        3.7698,      195.6922,        0.2453,     1190.3681,        0.0211,    92635.6960,        3.7901,       44.0434,      -22.2293,      -34.9913,  345.6429,0.162006,  6.0043E-06
      151.2100,      -33.8700,       39.0000,        0.0000,       12.0000,      172.0000,        6.0000,     2024.0000,      261.6601,       12.5164,      149.0359,        0.6617,     1280.5272,        0.0178,    96330.2052,        1.5383,       53.8191,       28.1464,       53.9306,  261.6601,0.229192,  7.7306E-06
      103.8200,        1.3500,       15.0000,       30.0000,       14.0000,      120.0000,        4.0000,     2024.0000,      314.4491,        1.6810,      249.5231,        0.9963,      716.2979,        0.7624,    87813.8963,        1.4594,       19.9185,       -6.0550,       31.7106,  318.5752,0.183660,  1.9146E-06
      -68.0000,      -16.5000,     3600.0000,        0.0000,       12.0000,      172.0000,        6.0000,     2024.0000,      281.9142,       12.5689,      246.5071,        0.3249,     1295.0868,        0.2566,    75891.8330,        0.5720,       24.0851,      -12.4547,       85.0268,  293.1349,0.204012,  6.7785E-06
       -0.1300,       51.5100,       11.0000,        0.0000,        9.0000,       80.0000,        3.0000,     2024.0000,      277.4987,        3.8252,      199.8044,        0.5481,      568.6173,        0.4374,    87011.3711,        2.4977,       41.2944,       -8.1886,      -93.8314,  282.9592,0.212153,  4.3538E-06
      103.8200,        1.3500,       15.0000,       30.0000,       14.0000,      120.0000,        4.0000,     2024.0000,      294.1242,        2.4593,      224.3029,        0.8963,     1120.0751,        0.8463,    93879.1802,        1.6199,       21.3989,      -29.2782,      -78.5626,  296.2400,0.201528,  2.7046E-06
      151.2100,      -33.8700,       39.0000,        0.0000,       12.0000,      172.0000,        6.0000,     2024.0000,      270.2985,        2.4968,      153.0720,        0.6666,      537.1666,        0.2479,    91077.2899,        1.6867,       43.5637,      -21.3766,      -51.4485,  270.6064,0.222035,  2.7294E-06
       55.3000,       25.2000,        5.0000,        0.0000,       10.0000,      280.0000,       10.0000,     2024.0000,      319.6838,        0.0676,      128.4856,        0.7053,     1294.2890,        0.0117,    99353.3337,        3.0539,       42.3040,       -5.2866,      -76.4689,  362.6609,0.148391,  2.2322E-06
     -112.0700,       33.4500,      331.0000,        0.0000,       13.0000,      200.0000,        7.0000,     2024.0000,      314.1773,        5.4579,      273.1750,        0.1729,     1174.6091,        0.1935,    85446.7540,        2.4171,       25.2563,       -0.8164,       23.9529,  333.1898,0.171968,  8.6659E-06
      103.8200,        1.3500,       15.0000,       30.0000,       14.0000,      120.0000,        4.0000,     2024.0000,      320.3136,        5.2284,      219.9248,        0.9558,      551.9254,        0.7930,    91138.0734,        1.4800,        9.5245,       12.5820,      -45.5500,  322.0821,0.180854,  5.9216E-06
     -112.0700,       33.4500,      331.0000,        0.0000,       13.0000,      200.0000,        7.0000,     2024.0000,      284.0687,        1.1906,      317.7154,        0.0025,     1348.3329,        0.3810,    92723.9560,        1.2246,        4.8962,        0.8707,     -102.7457,  309.5800,0.190856,  2.0090E-06
      -68.0000,      -16.5000,     3600.0000,        0.0000,       12.0000,      172.0000,        6.0000,     2024.0000,      269.6860,        4.1961,      343.9617,        0.3519,     1338.0634,        0.1097,    66199.5905,        2.4633,       35.6904,      -28.0270,      -69.5921,  280.8940,0.213805,  6.0744E-06
     -122.0000,       37.5000,       25.0000,        0.0000,       12.0000,      172.0000,        6.0000,     2024.0000,      301.6291,       10.5528,      191.9572,        0.3873,     1307.4041,        0.2312,    96813.4766,        2.2104,       36.9693,      -31.1396,       14.3152,  312.6049,0.188436,  1.0968E-05
      103.8200,        1.3500,       15.0000,       30.0000,       14.0000,      120.0000,        4.0000,     2024.0000,      310.1173,        1.0194,      124.9312,        0.8272,     1284.7760,        0.8796,    89658.2626,        1.6702,       39.0336,       10.4184,      -74.4398,  311.1451,0.189604,  1.9189E-06
      103.8200,        1.3500,       15.0000,       30.0000,       14.0000,      120.0000,        4.0000,     2024.0000,      319.0564,        0.6553,      213.0177,        0.8864,     1315.5239,        0.7062,    94105.4794,        1.9871,        2.4542,        1.9157,      -43.2107,  328.9450,0.175364,  2.2967E-06
      -68.0000,      -16.5000,     3600.0000,        0.0000,       12.0000,      172.0000,        6.0000,     2024.0000,      252.5223,        5.8342,      351.0231,        0.3944,     1192.7214,        0.0304,    75873.6686,        3.1971,       47.4230,      -10.6060,       -1.6250,  253.4216,0.235783,  7.3379E-06
       -0.1300,       51.5100,       11.0000,        0.0000,        9.0000,       80.0000,        3.0000,     2024.0000,      290.0277,        9.6291,      178.3978,        0.3537,     1002.1861,        0.3000,    88086.0719,        2.6190,        7.0179,       11.2169,     -101.1674,  294.7015,0.202759,  1.2548E-05
      -68.0000,      -16.5000,     3600.0000,        0.0000,       12.0000,      172.0000,        6.0000,     2024.0000,      252.7927,        1.0350,      169.4491,        0.0621,      989.8294,        0.1121,    67442.7645,        3.5160,       17.1874,       -2.9803,       33.2325,  267.4087,0.224593,  2.5299E-06
       25.0000,       23.5000,      200.0000,        0.0000,       11.0000,       90.0000,        3.0000,     2024.0000,      290.6464,       14.3261,      105.6553,        0.1525,      896.4549,        0.6219,    91536.7682,        3.8129,       11.3745,       33.9565,       93.3023,  292.8845,0.204212,  1.6310E-05
      -18.0000,       65.0000,       52.0000,        0.0000,       10.0000,      355.0000,       12.0000,     2024.0000,      240.7987,       11.3369,      139.7713,        0.7768,      341.0129,        0.3582,    88923.2940,        1.1128,       63.4646,      -14.0874,       72.3551,  240.7987,0.245881,  7.7135E-06
      -18.0000,       65.0000,       52.0000,        0.0000,       10.0000,      355.0000,       12.0000,     2024.0000,      248.1669,       15.3319,      138.3465,        0.6871,      640.4625,        0.6940,    93395.0128,        1.7075,       60.7481,      -10.8629,       98.3013,  248.1669,0.239986,  1.1478E-05
      -18.0000,       65.0000,       52.0000,        0.0000,       10.0000,      355.0000,       12.0000,     2024.0000,      258.9399,        9.1163,      183.6214,        0.7544,      582.7449,        0.3782,    97707.4864,        1.5854,       57.9332,       -2.8013,       27.9141,  261.8129,0.229070,  7.3379E-06
      -18.0000,       65.0000,       52.0000,        0.0000,       10.0000,      355.0000,       12.0000,     2024.0000,      241.3547,       15.1461,      196.6210,        0.7077,      214.0541,        0.8917,    86921.2339,        1.2937,       84.3308,       11.5191,      -16.1747,  241.6213,0.245223,  1.1877E-05
      -18.0000,       65.0000,       52.0000,        0.0000,       10.0000,      355.0000,       12.0000,     2024.0000,      254.3940,       12.3690,      204.8299,        0.4946,       68.4837,        0.9393,    93123.8052,        0.8567,       72.1865,       -1.5756,      -72.7255,  254.4380,0.234970,  5.8353E-06
      -68.0000,      -16.5000,     3600.0000,        0.0000,       12.0000,      172.0000,        6.0000,     2024.0000,      286.0233,       16.1861,      251.3964,        0.3822,     1358.4107,        0.1970,    67589.2017,        0.9434,       45.5207,       13.7046,     -124.3598,  297.3164,0.200667,  1.3215E-05
      -68.0000,      -16.5000,     3600.0000,        0.0000,       12.0000,      172.0000,        6.0000,     2024.0000,      268.8045,        0.1834,      336.5722,        0.4187,     1268.3131,        0.2930,    74393.8912,        3.5547,       22.2069,       -3.7137,     -126.3272,  294.0740,0.203261,  1.8519E-06
       55.3000,       25.2000,        5.0000,        0.0000,       10.0000,      280.0000,       10.0000,     2024.0000,      309.7854,        3.8924,      109.3937,        0.1748,     1018.3184,        0.3206,    91149.7110,        3.7966,       38.3313,      -30.0396,      -79.5333,  322.2828,0.180694,  6.0758E-06
     -112.0700,       33.4500,      331.0000,        0.0000,       13.0000,      200.0000,        7.0000,     2024.0000,      322.5554,        7.9366,      196.9066,        0.3895,      959.1806,        0.2590,    94273.5076,        3.1806,       50.6086,        3.2947,      -77.7416,  327.5438,0.176485,  1.3183E-05
       55.3000,       25.2000,        5.0000,        0.0000,       10.0000,      280.0000,       10.0000,     2024.0000,      315.7776,        4.1295,      210.8246,        0.4269,      643.9421,        0.4213,    92298.1234,        1.7566,        0.7549,      -15.4015,       65.6274,  322.3064,0.180675,  4.7379E-06
     -112.0700,       33.4500,      331.0000,        0.0000,       13.0000,      200.0000,        7.0000,     2024.0000,      318.8785,        6.6252,      205.1684,        0.2299,      925.3350,        0.0931,    96245.5737,        3.8235,       16.3509,       -8.7866,       77.7991,  333.2145,0.171948,  1.0516E-05
      -68.0000,      -16.5000,     3600.0000,        0.0000,       12.0000,      172.0000,        6.0000,     2024.0000,      302.5538,        3.1519,      287.9880,        0.1884,     1262.9671,        0.3559,    73197.9815,        0.8680,       20.9536,      -21.8633,      -12.4694,  313.6128,0.187630,  2.7724E-06
     -112.0700,       33.4500,      331.0000,        0.0000,       13.0000,      200.0000,        7.0000,     2024.0000,      317.3238,        5.5150,      286.7718,        0.0449,      928.1630,        0.0344,   101298.1627,        1.8345,       38.6915,      -19.3470,       81.5959,  334.4321,0.170974,  5.4180E-06
       -0.1300,       51.5100,       11.0000,        0.0000,        9.0000,       80.0000,        3.0000,     2024.0000,      269.6005,        3.5192,      257.4329,        0.3542,      732.2462,        0.5552,    89959.9691,        2.5605,       53.0817,      -14.1315,       16.5784,  273.3916,0.219807,  4.7943E-06
     -122.0000,       37.5000,       25.0000,        0.0000,       12.0000,      172.0000,        6.0000,     2024.0000,      278.4629,        4.8412,      244.1710,        0.3534,     1217.9934,        0.3611,    88939.9352,        2.2354,       53.6035,        0.4545,       51.9161,  289.9590,0.206553,  4.3459E-06
      -18.0000,       65.0000,       52.0000,        0.0000,       10.0000,      355.0000,       12.0000,     2024.0000,      260.9378,        3.8188,      242.2853,        0.6653,      247.0612,        0.2814,    90825.6255,        2.4959,       78.0552,       20.2483,       -1.8555,  264.1772,0.227178,  4.9864E-06
      -18.0000,       65.0000,       52.0000,        0.0000,       10.0000,      355.0000,       12.0000,     2024.0000,      251.1440,       20.3337,      196.7791,        0.8742,      289.7875,        0.4378,    85402.9148,        2.1496,       53.8400,       29.7117,       47.1800,  251.3778,0.237418,  1.8380E-05
      -68.0000,      -16.5000,     3600.0000,        0.0000,       12.0000,      172.0000,        6.0000,     2024.0000,      255.8649,       10.2849,      197.7025,        0.0716,     1082.0451,        0.3175,    71462.2652,        1.1889,       21.3620,      -23.6451,     -122.2356,  265.2944,0.226284,  7.4637E-06
     -122.0000,       37.5000,       25.0000,        0.0000,       12.0000,      172.0000,        6.0000,     2024.0000,      276.7515,        2.5761,      231.4658,        0.6904,     1101.7261,        0.2248,    97299.2754,        0.6815,       15.6599,      -28.1096,       99.8928,  298.2716,0.199903,  2.2961E-06
     -122.0000,       37.5000,       25.0000,        0.0000,       12.0000,      172.0000,        6.0000,     2024.0000,      296.2225,       12.1135,      295.3414,        0.5868,     1311.8703,        0.2032,    93126.9221,        0.7199,       52.1122,        9.8061,     -139.5853,  304.3693,0.195025,  8.4417E-06
     -112.0700,       33.4500,      331.0000,        0.0000,       13.0000,      200.0000,        7.0000,     2024.0000,      317.9954,        2.9039,      288.8198,        0.1650,      911.7920,        0.2904,    97626.6602,        3.7950,       44.8502,       18.8391,     -109.7714,  325.1349,0.178412,  4.8970E-06
       25.0000,       23.5000,      200.0000,        0.0000,       11.0000,       90.0000,        3.0000,     2024.0000,      281.0702,       15.3001,      137.4189,        0.2893,      376.1028,        0.7882,    92297.0803,        2.5447,        5.7033,      -17.3293,       27.1686,  281.7254,0.213140,  1.6579E-05
      -68.0000,      -16.5000,     3600.0000,        0.0000,       12.0000,      172.0000,        6.0000,     2024.0000,      280.6721,        9.3680,      152.0956,        0.4979,     1074.1081,        0.1975,    75730.3692,        2.7191,       43.4548,      -17.5147,       98.2419,  287.5073,0.208514,  1.2260E-05
      151.2100,      -33.8700,       39.0000,        0.0000,       12.0000,      172.0000,        6.0000,     2024.0000,      284.6561,        6.0588,        1.4301,        0.8745,     1199.1344,        0.2509,    99172.4307,        2.7154,       68.6432,        3.3406,       38.2683,  284.6561,0.210795,  6.9564E-06
     -112.0700,       33.4500,      331.0000,        0.0000,       13.0000,      200.0000,        7.0000,     2024.0000,      323.0389,        2.2292,      336.6182,        0.2459,     1062.3018,        0.0669,   100289.4246,        3.2441,       15.2446,      -12.0518,      -45.6380,  347.2758,0.160699,  5.1488E-06
      -18.0000,       65.0000,       52.0000,        0.0000,       10.0000,      355.0000,       12.0000,     2024.0000,      259.2710,        7.5835,      243.0925,        0.4949,      385.4032,        0.5009,    96836.1212,        1.9249,       72.2890,       -4.7664,       26.2153,  261.1370,0.229610,  5.6311E-06
     -122.0000,       37.5000,       25.0000,        0.0000,       12.0000,      172.0000,        6.0000,     2024.0000,      280.2914,        4.6891,      146.1614,        0.2877,      828.0310,        0.0922,    90388.3437,        2.9951,       17.9904,        8.5492,       34.8831,  294.9852,0.202532,  5.4504E-06
     -122.0000,       37.5000,       25.0000,        0.0000,       12.0000,      172.0000,        6.0000,     2024.0000,      284.8048,        7.9497,      199.6939,        0.1641,     1046.8004,        0.0102,    93515.9259,        3.1909,       25.5255,      -24.4156,       82.6041,  297.3633,0.200629,  9.1003E-06
      151.2100,      -33.8700,       39.0000,        0.0000,       12.0000,      172.0000,        6.0000,     2024.0000,      258.8752,        9.6046,      139.5914,        0.5581,      865.0721,        0.5011,    89950.8766,        0.8166,       40.8252,       13.3492,      -21.7089,  258.8752,0.231420,  6.6604E-06
      103.8200,        1.3500,       15.0000,       30.0000,       14.0000,      120.0000,        4.0000,     2024.0000,      291.6838,        6.8978,      263.2134,        0.7814,     1235.2482,        0.7388,   100579.2499,        1.1993,       15.0464,      -30.3475,       -1.6682,  295.7484,0.201921,  6.2161E-06
       55.3000,       25.2000,        5.0000,        0.0000,       10.0000,      280.0000,       10.0000,     2024.0000,      294.9013,        0.4832,      169.0989,        0.6805,     1002.1998,        0.1165,    94021.2824,        4.3995,       50.1068,       -3.6479,     -100.2339,  317.4693,0.184545,  2.3559E-06
     -122.0000,       37.5000,       25.0000,        0.0000,       12.0000,      172.0000,        6.0000,     2024.0000,      295.3678,        8.2912,      323.7894,        0.4327,      850.0601,        0.2675,    94599.1114,        2.2789,       30.0742,      -11.9988,      -88.3903,  303.6065,0.195635,  1.2150E-05
      103.8200,        1.3500,       15.0000,       30.0000,       14.0000,      120.0000,        4.0000,     2024.0000,      279.5179,        4.7308,      227.3097,        0.6805,      633.5600,        0.8892,    89750.1938,        1.6804,       29.6863,      -10.4572,     -119.2011,  280.2682,0.214305,  5.4633E-06
     -112.0700,       33.4500,      331.0000,        0.0000,       13.0000,      200.0000,        7.0000,     2024.0000,      321.2886,        3.9926,      309.9567,        0.2300,     1066.3712,        0.0754,    99393.9208,        1.7386,        3.0594,        9.1473,      -26.0660,  345.2594,0.162312,  5.3350E-06
     -122.0000,       37.5000,       25.0000,        0.0000,       12.0000,      172.0000,        6.0000,     2024.0000,      303.3809,        8.4678,      351.5385,        0.0816,      903.5208,        0.0048,   101256.9458,        2.8095,       26.4253,      -16.1633,       -6.6045,  315.7342,0.185933,  1.2589E-05
       25.0000,       23.5000,      200.0000,        0.0000,       11.0000,       90.0000,        3.0000,     2024.0000,      280.7602,       21.9724,      123.8920,        0.4332,      274.4445,        0.4682,    85906.9688,        4.3728,       44.4777,       25.2933,      -14.1182,  281.5334,0.213293,  1.9849E-05
      151.2100,      -33.8700,       39.0000,        0.0000,       12.0000,      172.0000,        6.0000,     2024.0000,      301.1626,        1.9086,      132.7259,        0.2769,     1170.3721,        0.2642,    89903.3697,        2.0648,       25.2991,       22.4131,      122.6202,  317.1655,0.184788,  3.0131E-06
       -0.1300,       51.5100,       11.0000,        0.0000,        9.0000,       80.0000,        3.0000,     2024.0000,      305.6970,        7.3153,      223.2997,        0.7595,     1140.6278,        0.7137,    87345.0237,        0.5052,       48.1185,      -26.7959,     -112.2334,  310.0692,0.190465,  4.4967E-06
       25.0000,       23.5000,      200.0000,        0.0000,       11.0000,       90.0000,        3.0000,     2024.0000,      310.7649,       16.5355,       47.2653,        0.2556,      938.3011,        0.9393,    98323.7886,        3.0067,       47.8197,        1.2949,       70.4539,  311.0146,0.189708,  1.8033E-05
     -122.0000,       37.5000,       25.0000,        0.0000,       12.0000,      172.0000,        6.0000,     2024.0000,      307.4994,        2.7968,      245.0973,        0.5222,     1345.4516,        0.4475,    97352.9394,        1.3738,       15.7360,        9.6191,       25.4625,  328.8471,0.175442,  4.4542E-06
      -68.0000,      -16.5000,     3600.0000,        0.0000,       12.0000,      172.0000,        6.0000,     2024.0000,      251.9554,        1.0102,      345.0111,        0.3420,     1149.8179,        0.0495,    62559.7948,        3.1159,       21.7963,      -30.2494,       -9.0787,  265.0223,0.226502,  2.3363E-06
      -68.0000,      -16.5000,     3600.0000,        0.0000,       12.0000,      172.0000,        6.0000,     2024.0000,      260.6761,        2.1937,      155.6531,        0.3645,     1188.4000,        0.2153,    65745.3999,        2.8068,        6.2003,       11.3007,       86.8176,  278.4658,0.215747,  4.6242E-06
      -68.0000,      -16.5000,     3600.0000,        0.0000,       12.0000,      172.0000,        6.0000,     2024.0000,      299.4182,        5.7784,      237.7288,        0.3587,     1238.3018,        0.0691,    71284.9006,        2.9538,       27.4795,      -16.8518,      -53.9050,  309.6845,0.190772,  8.1381E-06
      -18.0000,       65.0000,       52.0000,        0.0000,       10.0000,      355.0000,       12.0000,     2024.0000,      235.6664,        4.7609,       38.5500,        0.8304,       17.7831,        0.7179,    86855.1242,        1.3846,       54.0285,      -26.0003,       56.6143,  235.6752,0.249980,  3.4366E-06
       -0.1300,       51.5100,       11.0000,        0.0000,        9.0000,       80.0000,        3.0000,     2024.0000,      290.0499,        2.5520,      282.2088,        0.3615,     1086.3952,        0.0617,    88545.5686,        3.0706,       63.5930,       -1.2413,      102.4950,  290.0499,0.206480,  4.1004E-06
      151.2100,      -33.8700,       39.0000,        0.0000,       12.0000,      172.0000,        6.0000,     2024.0000,      308.2130,        7.1930,      108.3089,        0.5993,     1094.3954,        0.3107,    94191.5034,        1.6540,       30.7809,      -18.4668,      -39.2404,  310.0453,0.190484,  5.9254E-06
     -122.0000,       37.5000,       25.0000,        0.0000,       12.0000,      172.0000,        6.0000,     2024.0000,      308.6415,        1.4788,      259.6978,        0.4468,     1233.0950,        0.4300,    94937.4887,        0.5884,       22.6105,      -12.8685,       43.9196,  331.6688,0.173185,  2.0327E-06
     -122.0000,       37.5000,       25.0000,        0.0000,       12.0000,      172.0000,        6.0000,     2024.0000,      297.3564,        5.5539,      263.3288,        0.1598,     1027.7946,        0.4419,    97576.3774,        1.1595,       30.3045,      -13.9661,       57.0573,  309.4299,0.190976,  4.0236E-06
       25.0000,       23.5000,      200.0000,        0.0000,       11.0000,       90.0000,        3.0000,     2024.0000,      322.4425,       23.5966,      154.1007,        0.1049,      673.7690,        0.9875,    94440.7266,        3.0831,       36.0368,       -9.7282,      -67.4244,  322.4921,0.180526,  2.4079E-05
       55.3000,       25.2000,        5.0000,        0.0000,       10.0000,      280.0000,       10.0000,     2024.0000,      286.7996,       10.6797,       82.5617,        0.5569,      881.1916,        0.0060,    96575.9086,        1.4770,       34.5612,      -23.1439,     -106.3845,  296.9247,0.200980,  9.7280E-06
     -112.0700,       33.4500,      331.0000,        0.0000,       13.0000,      200.0000,        7.0000,     2024.0000,      320.2221,        2.1771,      289.4475,        0.4095,      948.0742,        0.0812,    88866.1544,        3.2097,       30.3709,      -12.6552,       57.0175,  343.1452,0.164004,  4.9702E-06
       25.0000,       23.5000,      200.0000,        0.0000,       11.0000,       90.0000,        3.0000,     2024.0000,      312.2856,       13.5546,      160.3252,        0.4374,      851.2398,        0.4419,    86297.4996,        4.6680,       49.3291,       -6.0379,       90.3915,  314.1915,0.187167,  1.7313E-05
       -0.1300,       51.5100,       11.0000,        0.0000,        9.0000,       80.0000,        3.0000,     2024.0000,      265.2928,        9.8602,      217.3209,        0.9269,      839.5588,        0.6832,    89309.4597,        2.2344,       29.0132,       -3.9634,       37.9954,  266.6931,0.225166,  1.0081E-05
       55.3000,       25.2000,        5.0000,        0.0000,       10.0000,      280.0000,       10.0000,     2024.0000,      278.0976,        4.1774,       80.4754,        0.4606,      869.8183,        0.3901,    93781.6410,        1.4542,       37.5729,      -13.9890,       86.7878,  281.8223,0.213062,  3.0408E-06
      151.2100,      -33.8700,       39.0000,        0.0000,       12.0000,      172.0000,        6.0000,     2024.0000,      296.9219,        6.5432,       11.8056,        0.8166,      996.7933,        0.1504,    99912.8815,        0.5490,       75.5695,        0.0547,      -31.5507,  296.9219,0.200982,  4.3173E-06
      103.8200,        1.3500,       15.0000,       30.0000,       14.0000,      120.0000,        4.0000,     2024.0000,      284.3002,        8.9738,      167.0267,        0.6832,     1089.1439,        0.7286,    98096.2231,        2.4843,       11.4319,      -10.7410,      -89.5857,  286.9844,0.208932,  1.0526E-05
       55.3000,       25.2000,        5.0000,        0.0000,       10.0000,      280.0000,       10.0000,     2024.0000,      301.4861,       11.3623,      179.4248,        0.2417,     1005.7573,        0.0803,    91417.2228,        3.7869,       34.1977,      -26.3012,     -116.8467,  308.6087,0.191633,  1.2461E-05
       -0.1300,       51.5100,       11.0000,        0.0000,        9.0000,       80.0000,        3.0000,     2024.0000,      284.1590,        9.9796,      229.0417,        0.7060,      658.3910,        0.0713,    97431.4531,        2.6268,       24.2865,       14.9724,       92.2347,  284.9004,0.210600,  1.1754E-05
       25.0000,       23.5000,      200.0000,        0.0000,       11.0000,       90.0000,        3.0000,     2024.0000,      287.9736,       19.9160,       14.0909,        0.0979,      599.8107,        0.6042,    91442.3319,        3.2957,       24.8944,       17.0438,      -48.0643,  289.5761,0.206859,  2.3433E-05
       55.3000,       25.2000,        5.0000,        0.0000,       10.0000,      280.0000,       10.0000,     2024.0000,      316.7507,        5.5196,      217.2913,        0.7501,     1312.6474,        0.3728,    88898.4583,        4.1140,       22.4005,        3.7100,      100.0692,  323.9527,0.179358,  9.6184E-06
       55.3000,       25.2000,        5.0000,        0.0000,       10.0000,      280.0000,       10.0000,     2024.0000,      282.5702,        5.4416,      172.7811,        0.3170,      963.0956,        0.1069,    92978.4140,        2.5076,       28.3488,        8.2521,       73.4377,  290.4836,0.206133,  7.3036E-06
      -18.0000,       65.0000,       52.0000,        0.0000,       10.0000,      355.0000,       12.0000,     2024.0000,      234.4571,        6.5688,      169.5295,        0.7668,      207.4742,        0.8458,   100923.1501,        1.9538,       88.2621,      -22.1758,        1.4301,  234.9232,0.250581,  6.6262E-06
      151.2100,      -33.8700,       39.0000,        0.0000,       12.0000,      172.0000,        6.0000,     2024.0000,      280.8983,        1.3530,       64.8145,        0.3988,      744.8885,        0.5581,    91863.4155,        2.2558,       38.2515,       24.7223,      -67.9875,  282.9329,0.212174,  2.5944E-06
       55.3000,       25.2000,        5.0000,        0.0000,       10.0000,      280.0000,       10.0000,     2024.0000,      292.0366,        6.8580,      210.2427,        0.3953,      979.1075,        0.0406,    91558.2209,        2.2599,       14.0938,      -24.6554,     -103.0008,  304.3641,0.195029,  9.3019E-06
      151.2100,      -33.8700,       39.0000,        0.0000,       12.0000,      172.0000,        6.0000,     2024.0000,      277.7060,       11.2868,      123.3931,        0.5072,     1275.5973,        0.5696,    94402.3976,        2.9996,       34.2563,      -17.2553,       63.9369,  279.1277,0.215218,  1.4396E-05
       -0.1300,       51.5100,       11.0000,        0.0000,        9.0000,       80.0000,        3.0000,     2024.0000,      302.2775,        1.4828,      262.3385,        0.6905,      484.6279,        0.1038,    98157.6116,        2.3655,       41.8601,       -1.7062,       34.1977,  307.0308,0.192895,  3.0976E-06
     -122.0000,       37.5000,       25.0000,        0.0000,       12.0000,      172.0000,        6.0000,     2024.0000,      280.0713,        5.1896,      245.9954,        0.4200,      967.9689,        0.2900,    98850.6081,        2.6116,        2.9628,      -10.9687,     -110.4689,  292.8122,0.204270,  6.9953E-06
      151.2100,      -33.8700,       39.0000,        0.0000,       12.0000,      172.0000,        6.0000,     2024.0000,      260.8176,        6.5041,      154.4805,        0.8569,      753.1725,        0.5722,    97312.4336,        1.6991,       25.5168,       24.3035,       51.4406,  262.3095,0.228672,  4.3728E-06
      151.2100,      -33.8700,       39.0000,        0.0000,       12.0000,      172.0000,        6.0000,     2024.0000,      305.8293,       11.9358,      211.8724,        0.4681,      625.3536,        0.3325,    97647.9902,        2.3070,       34.7599,       -2.5661,       87.6126,  308.0193,0.192105,  1.3407E-05
      103.8200,        1.3500,       15.0000,       30.0000,       14.0000,      120.0000,        4.0000,     2024.0000,      295.9681,        9.3072,      223.5856,        0.7964,      735.9264,        0.8768,    98826.7079,        2.1721,       20.7553,       19.4442,     -103.7434,  296.6640,0.201189,  1.1564E-05
       25.0000,       23.5000,      200.0000,        0.0000,       11.0000,       90.0000,        3.0000,     2024.0000,      283.7766,       23.3819,      129.8158,        0.4083,      494.6797,        0.4249,    93486.5140,        2.5651,       36.3730,       17.0243,      135.5977,  284.6205,0.210824,  2.5324E-05
       -0.1300,       51.5100,       11.0000,        0.0000,        9.0000,       80.0000,        3.0000,     2024.0000,      313.9792,        2.4196,      300.4246,        0.6868,     1252.1905,        0.6170,   100826.1439,        1.3232,       52.2092,       -9.5508,      104.1379,  313.9792,0.187337,  3.2314E-06
       25.0000,       23.5000,      200.0000,        0.0000,       11.0000,       90.0000,        3.0000,     2024.0000,      295.3770,       24.7999,      150.6357,        0.1639,       53.6438,        0.9191,    96716.9584,        4.5365,       36.8755,       22.1988,       24.6389,  295.3967,0.202203,  2.7821E-05
       55.3000,       25.2000,        5.0000,        0.0000,       10.0000,      280.0000,       10.0000,     2024.0000,      302.7248,       11.4820,      259.3332,        0.7608,      760.4459,        0.2978,    95382.5306,        1.7812,       45.7527,       26.6976,       -5.0785,  308.6811,0.191575,  1.0958E-05
      103.8200,        1.3500,       15.0000,       30.0000,       14.0000,      120.0000,        4.0000,     2024.0000,      311.3544,        5.4352,      302.7015,        0.8074,     1269.2277,        0.9152,    93639.3353,        1.7026,        0.9819,       18.2761,        0.9376,  313.1178,0.188026,  4.9973E-06
      151.2100,      -33.8700,       39.0000,        0.0000,       12.0000,      172.0000,        6.0000,     2024.0000,      309.5308,       10.9495,       87.8628,        0.8158,      487.0238,        0.1317,    94553.2730,        2.2094,       61.7238,       -9.3408,      103.9820,  311.9911,0.188927,  1.3110E-05
       25.0000,       23.5000,      200.0000,        0.0000,       11.0000,       90.0000,        3.0000,     2024.0000,      287.7713,       17.0132,      162.0859,        0.1890,      470.7567,        0.8625,    96689.7650,        3.4399,       40.4990,       22.2993,      -91.3186,  288.1881,0.207970,  2.2888E-05
     -112.0700,       33.4500,      331.0000,        0.0000,       13.0000,      200.0000,        7.0000,     2024.0000,      314.3958,        7.3556,      275.9981,        0.4994,     1205.9133,        0.0944,    93820.4826,        2.9191,       24.4672,       26.1535,      -55.8572,  327.6150,0.176428,  1.0032E-05
     -122.0000,       37.5000,       25.0000,        0.0000,       12.0000,      172.0000,        6.0000,     2024.0000,      305.2939,        9.7076,      291.2548,        0.2005,      905.7173,        0.4127,    87896.9190,        3.4118,        9.7720,        2.5345,     -122.7893,  311.8691,0.189025,  1.3037E-05
      -68.0000,      -16.5000,     3600.0000,        0.0000,       12.0000,      172.0000,        6.0000,     2024.0000,      248.3775,        3.5343,      186.1691,        0.4148,      901.7934,        0.1312,    75168.9130,        3.4421,       15.7874,       31.1641,     -129.1569,  260.7334,0.229933,  4.6531E-06
       55.3000,       25.2000,        5.0000,        0.0000,       10.0000,      280.0000,       10.0000,     2024.0000,      320.3369,       10.2938,      298.8314,        0.8291,     1311.0539,        0.3915,    96238.6944,        4.2548,       12.1533,       -7.2169,      -81.0389,  328.8488,0.175441,  1.7744E-05
      103.8200,        1.3500,       15.0000,       30.0000,       14.0000,      120.0000,        4.0000,     2024.0000,      282.2070,        5.5684,      143.6888,        0.8509,     1298.5804,        0.6131,   101054.6230,        1.0622,       15.0819,       -4.7843,       99.2476,  293.0696,0.204064,  4.7865E-06
     -112.0700,       33.4500,      331.0000,        0.0000,       13.0000,      200.0000,        7.0000,     2024.0000,      304.7177,        8.1666,      218.2299,        0.3333,      953.9872,        0.3229,    88342.7587,        2.5392,       56.4898,      -27.2208,       45.5930,  311.7723,0.189102,  1.1169E-05
       55.3000,       25.2000,        5.0000,        0.0000,       10.0000,      280.0000,       10.0000,     2024.0000,      293.6097,        0.7542,      155.1800,        0.6576,      879.9529,        0.1691,    88183.1124,        2.1760,       24.3554,       -9.1111,      110.3541,  303.1324,0.196014,  2.0711E-06
       -0.1300,       51.5100,       11.0000,        0.0000,        9.0000,       80.0000,        3.0000,     2024.0000,      262.2144,        6.5804,      108.0968,        0.8511,      391.2550,        0.1918,    97724.3648,        1.6285,       23.8103,       28.2474,      -72.2545,  266.2522,0.225518,  6.7008E-06
     -112.0700,       33.4500,      331.0000,        0.0000,       13.0000,      200.0000,        7.0000,     2024.0000,      292.7252,        4.5312,      247.1184,        0.1641,      972.3084,        0.0749,    89729.4519,        3.3478,       31.9203,      -23.1260,      -73.6556,  304.9042,0.194597,  5.5498E-06
     -112.0700,       33.4500,      331.0000,        0.0000,       13.0000,      200.0000,        7.0000,     2024.0000,      323.0346,        8.4711,      358.6046,        0.2425,     1099.5820,        0.0246,    91819.6336,        1.4415,       36.9732,       -2.1025,       63.4374,  342.5146,0.164508,  6.7609E-06
      -18.0000,       65.0000,       52.0000,        0.0000,       10.0000,      355.0000,       12.0000,     2024.0000,      263.2653,       19.0899,      235.0362,        0.4579,      412.7277,        0.7530,    87373.3063,        2.8712,       61.8976,      -19.7436,      -35.8986,  263.8627,0.227430,  2.0781E-05
      151.2100,      -33.8700,       39.0000,        0.0000,       12.0000,      172.0000,        6.0000,     2024.0000,      308.8637,        2.6030,      156.1478,        0.7256,     1037.3245,        0.3396,    96174.6282,        1.2434,       76.9002,       16.2508,       89.7847,  311.2056,0.189556,  3.6647E-06
       55.3000,       25.2000,        5.0000,        0.0000,       10.0000,      280.0000,       10.0000,     2024.0000,      305.3139,        9.9865,      130.3454,        0.6719,     1327.6284,        0.1579,    87781.7025,        1.5817,       31.8491,       -7.9007,      -56.9231,  323.2346,0.179932,  1.1611E-05
     -112.0700,       33.4500,      331.0000,        0.0000,       13.0000,      200.0000,        7.0000,     2024.0000,      322.6769,        5.1195,      358.9583,        0.3542,     1246.1195,        0.3160,    87730.5754,        3.3610,       56.4051,      -16.2332,      -44.5060,  330.9508,0.173759,  7.2341E-06
      -18.0000,       65.0000,       52.0000,        0.0000,       10.0000,      355.0000,       12.0000,     2024.0000,      250.5345,       18.9331,      200.1869,        0.9739,      528.9926,        0.4438,    86901.2939,        1.7960,       75.6185,        8.1831,      109.3111,  250.5345,0.238092,  1.7237E-05
       55.3000,       25.2000,        5.0000,        0.0000,       10.0000,      280.0000,       10.0000,     2024.0000,      309.1751,        8.8341,      239.6114,        0.8153,     1127.6184,        0.3456,    96490.4285,        2.7906,       10.6151,       30.2947,      -49.4015,  316.8461,0.185043,  1.2174E-05
      -18.0000,       65.0000,       52.0000,        0.0000,       10.0000,      355.0000,       12.0000,     2024.0000,      263.5607,        9.1893,       45.3684,        0.7160,      181.6075,        0.9242,    96023.7577,        1.0778,       78.0201,      -18.1608,      -66.0246,  263.7425,0.227526,  5.9013E-06
      103.8200,        1.3500,       15.0000,       30.0000,       14.0000,      120.0000,        4.0000,     2024.0000,      306.8705,        6.6321,      136.6216,        0.8465,     1118.2989,        0.6760,    96658.4160,        1.5094,        0.9165,       22.5180,       41.9590,  312.3433,0.188645,  6.4390E-06
      151.2100,      -33.8700,       39.0000,        0.0000,       12.0000,      172.0000,        6.0000,     2024.0000,      261.8085,        3.2480,      112.7135,        0.8804,     1225.4778,        0.5008,    98269.6972,        2.8765,       79.4822,       18.8613,      -10.4604,  261.8085,0.229073,  5.9853E-06
       55.3000,       25.2000,        5.0000,        0.0000,       10.0000,      280.0000,       10.0000,     2024.0000,      313.6392,        8.0454,       83.2205,        0.6460,      899.6903,        0.0901,    90681.7690,        4.4821,       50.5650,        7.0243,      -78.1490,  325.0179,0.178506,  1.2337E-05
     -112.0700,       33.4500,      331.0000,        0.0000,       13.0000,      200.0000,        7.0000,     2024.0000,      289.7548,        9.6284,      349.4213,        0.4511,     1050.6022,        0.2923,    86337.7285,        2.4908,       18.4571,      -29.8879,      -57.6244,  297.5289,0.200497,  9.2362E-06
      103.8200,        1.3500,       15.0000,       30.0000,       14.0000,      120.0000,        4.0000,     2024.0000,      276.9566,        8.5418,       72.5564,        0.9828,      926.1993,        0.8361,   101103.5318,        1.7137,       20.8934,       -9.8073,      -58.1855,  278.2281,0.215937,  9.6132E-06
       25.0000,       23.5000,      200.0000,        0.0000,       11.0000,       90.0000,        3.0000,     2024.0000,      305.4095,       19.0758,       78.0463,        0.1514,      264.1815,        0.9785,    96632.8896,        3.5082,       16.3241,       17.5260,       86.6218,  305.4422,0.194166,  1.7809E-05
      -68.0000,      -16.5000,     3600.0000,        0.0000,       12.0000,      172.0000,        6.0000,     2024.0000,      276.4706,        4.5412,      177.1707,        0.2509,     1198.3654,        0.3800,    73589.3299,        3.4815,       19.1073,       -8.6888,       42.2734,  284.9031,0.210598,  5.2014E-06
       25.0000,       23.5000,      200.0000,        0.0000,       11.0000,       90.0000,        3.0000,     2024.0000,      291.7317,       18.5689,       31.4120,        0.0588,      128.1504,        0.6098,    97322.4122,        4.7824,       17.5965,      -16.8810,      -26.4687,  292.0900,0.204848,  2.1611E-05
      -68.0000,      -16.5000,     3600.0000,        0.0000,       12.0000,      172.0000,        6.0000,     2024.0000,      278.2611,        2.1889,      292.8026,        0.1697,     1270.0323,        0.1774,    60960.2828,        0.8422,       27.7252,       21.6635,       10.0420,  289.8875,0.206610,  2.4514E-06
      151.2100,      -33.8700,       39.0000,        0.0000,       12.0000,      172.0000,        6.0000,     2024.0000,      266.2213,        2.6969,       24.6717,        0.7500,     1197.7925,        0.4530,    98795.3440,        1.7861,       39.5225,       -3.5889,      114.5806,  277.4441,0.216565,  3.9353E-06
      103.8200,        1.3500,       15.0000,       30.0000,       14.0000,      120.0000,        4.0000,     2024.0000,      279.2408,        4.1283,      201.9281,        0.9689,      548.4791,        0.6722,    98452.0425,        0.6839,       34.7033,       30.9958,      -41.9970,  280.5693,0.214065,  3.4789E-06
      -18.0000,       65.0000,       52.0000,        0.0000,       10.0000,      355.0000,       12.0000,     2024.0000,      254.0121,        6.1028,       76.5909,        0.8084,      124.9151,        0.7279,    88458.3965,        2.8866,       68.7966,        3.0804,      -28.2775,  254.5432,0.234885,  6.6544E-06
       -0.1300,       51.5100,       11.0000,        0.0000,        9.0000,       80.0000,        3.0000,     2024.0000,      286.9448,        0.3403,      239.8238,        0.7390,      981.3333,        0.6191,    98543.1751,        2.5629,       47.3540,       13.2878,      -98.7551,  295.9399,0.201768,  1.5603E-06
       55.3000,       25.2000,        5.0000,        0.0000,       10.0000,      280.0000,       10.0000,     2024.0000,      278.6285,        3.6021,      278.5045,        0.1571,      766.8794,        0.0808,    94311.4489,        1.6437,       42.5677,       25.0034,     -102.7331,  291.6220,0.205222,  3.3787E-06
       -0.1300,       51.5100,       11.0000,        0.0000,        9.0000,       80.0000,        3.0000,     2024.0000,      293.0296,        8.5047,      230.3641,        0.9099,     1176.7656,        0.1859,    97245.7766,        2.3311,       14.5138,      -13.4800,     -117.4623,  300.4860,0.198131,  1.0559E-05
       25.0000,       23.5000,      200.0000,        0.0000,       11.0000,       90.0000,        3.0000,     2024.0000,      318.3425,       18.0276,      111.9791,        0.2105,      695.8122,        0.5489,   100229.2459,        3.7344,       52.3834,       30.5268,      125.6443,  318.8577,0.183434,  1.9625E-05
       -0.1300,       51.5100,       11.0000,        0.0000,        9.0000,       80.0000,        3.0000,     2024.0000,      284.9275,        4.8399,      119.1921,        0.4871,     1204.3789,        0.5719,    93988.2694,        2.1028,       64.7105,       -4.3415,      -97.6873,  293.3213,0.203863,  5.2752E-06
       25.0000,       23.5000,      200.0000,        0.0000,       11.0000,       90.0000,        3.0000,     2024.0000,      321.4785,       22.5310,       42.0497,        0.0144,      171.0352,        0.8510,    88957.9960,        4.4695,        4.6355,       37.7650,       62.3798,  321.5973,0.181242,  3.1447E-05
      151.2100,      -33.8700,       39.0000,        0.0000,       12.0000,      172.0000,        6.0000,     2024.0000,      291.2181,       10.7274,      163.9510,        0.4536,     1180.2839,        0.1420,   100358.0095,        2.8992,       56.6828,       11.4026,      -25.5718,  291.2181,0.205546,  1.0863E-05
      103.8200,        1.3500,       15.0000,       30.0000,       14.0000,      120.0000,        4.0000,     2024.0000,      290.5669,        0.6275,      301.9219,        0.6435,     1014.7458,        0.8790,    93778.4853,        0.7050,       33.5749,      -16.7827,      -57.5956,  291.8203,0.205064,  1.1897E-06
      -68.0000,      -16.5000,     3600.0000,        0.0000,       12.0000,      172.0000,        6.0000,     2024.0000,      266.6695,        6.8357,      231.9173,        0.1389,     1074.7826,        0.1135,    70319.6494,        1.0532,       44.9581,      -13.7590,       71.3132,  274.5759,0.218859,  4.5568E-06
      -68.0000,      -16.5000,     3600.0000,        0.0000,       12.0000,      172.0000,        6.0000,     2024.0000,      295.9475,        3.8261,      253.0898,        0.5291,     1201.9013,        0.0827,    69075.7871,        1.0711,       49.4378,       25.1542,       77.9747,  306.8265,0.193059,  2.7852E-06
       55.3000,       25.2000,        5.0000,        0.0000,       10.0000,      280.0000,       10.0000,     2024.0000,      285.2079,        2.6684,      119.3950,        0.3635,     1336.9015,        0.3903,    87132.1389,        2.2180,       38.2302,       22.5417,       62.5670,  293.8104,0.203472,  5.0413E-06
       -0.1300,       51.5100,       11.0000,        0.0000,        9.0000,       80.0000,        3.0000,     2024.0000,      271.0123,        4.3079,      225.7718,        0.5815,      620.0713,        0.3255,    91747.1446,        1.1708,       43.5572,      -14.3717,       49.0618,  273.0443,0.220085,  3.9307E-06
      103.8200,        1.3500,       15.0000,       30.0000,       14.0000,      120.0000,        4.0000,     2024.0000,      306.2598,        9.3744,      166.0170,        0.6555,      738.2452,        0.8862,    88511.6510,        1.9217,       16.1625,       30.1332,        8.8431,  307.0741,0.192861,  9.4333E-06
       25.0000,       23.5000,      200.0000,        0.0000,       11.0000,       90.0000,        3.0000,     2024.0000,      310.7222,       14.7754,       27.5292,        0.3829,      795.9480,        0.8710,    92182.9316,        3.4250,        7.8642,       -4.8619,       -2.9999,  311.6392,0.189209,  1.7615E-05
      151.2100,      -33.8700,       39.0000,        0.0000,       12.0000,      172.0000,        6.0000,     2024.0000,      279.5509,        5.1702,       81.3442,        0.6059,     1114.7297,        0.3594,    89760.9317,        2.4243,       59.2739,       28.5753,      -13.9316,  279.5509,0.214879,  6.0645E-06
     -112.0700,       33.4500,      331.0000,        0.0000,       13.0000,      200.0000,        7.0000,     2024.0000,      310.5001,        3.7671,      285.7595,        0.0941,     1209.3155,        0.0792,    93862.1169,        1.0269,       21.4099,       -7.0479,       11.2590,  341.2570,0.165514,  5.1228E-06
       55.3000,       25.2000,        5.0000,        0.0000,       10.0000,      280.0000,       10.0000,     2024.0000,      308.5298,        9.1782,      173.5831,        0.4237,      774.9018,        0.0477,    96432.8630,        2.6497,        1.1322,       21.0599,      111.9793,  315.5550,0.186076,  9.7627E-06
       55.3000,       25.2000,        5.0000,        0.0000,       10.0000,      280.0000,       10.0000,     2024.0000,      317.6889,        4.4993,      265.1470,        0.3944,     1241.6482,        0.3684,    87697.5211,        2.5245,        1.5784,       12.6230,       32.5749,  330.0671,0.174466,  6.5473E-06
