lon,lat,alt,minute,hour,day,month,year,T_amb,wind_speed,wind_dir,humidity,irradiance,cloud_cover,pressure,pv_height,pitch,roll,yaw,T_operating,eta,eta_mc_sigma
      -68.0000,      -16.5000,     3600.0000,        0.0000,       12.0000,      172.0000,        6.0000,     2024.0000,      250.6973,       13.5809,      186.1729,        0.1359,     1300.0921,        0.0534,    76261.9754,        3.0060,       33.4137,      -15.3137,       89.1076,  257.8884,0.232209,  1.0927E-05
      151.2100,      -33.8700,       39.0000,        0.0000,       12.0000,      172.0000,        6.0000,     2024.0000,      257.3631,        5.5231,      127.5585,        0.7088,      929.8987,        0.0555,    98131.6127,        2.7444,       63.3967,       -9.4661,      109.1547,  265.0080,0.226514,  5.1912E-06
       55.3000,       25.2000,        5.0000,        0.0000,       10.0000,      280.0000,       10.0000,     2024.0000,      314.5258,        6.5827,      167.3936,        0.3017,      645.6508,        0.0867,    90188.7002,        3.5095,       23.2313,       -1.3529,      111.1294,  318.8186,0.183465,  9.9796E-06
     -122.0000,       37.5000,       25.0000,        0.0000,       12.0000,      172.0000,        6.0000,     2024.0000,      311.5267,       12.0323,      187.9575,        0.4836,     1327.2029,        0.3818,    90700.6086,        1.0650,       12.2691,        5.3137,      -20.7485,  324.9928,0.178526,  1.0238E-05
      -68.0000,      -16.5000,     3600.0000,        0.0000,       12.0000,      172.0000,        6.0000,     2024.0000,      297.5905,       10.1883,      161.2858,        0.1909,     1039.3183,        0.1212,    74635.7511,        3.1932,       42.0623,       22.7754,       -5.5754,  299.0876,0.199250,  1.1372E-05
     -122.0000,       37.5000,       25.0000,        0.0000,       12.0000,      172.0000,        6.0000,     2024.0000,      300.0137,        3.4611,      248.3557,        0.2921,     1283.0698,        0.0809,    93719.0178,        0.6231,        5.0964,      -16.0411,       91.6767,  333.2973,0.171882,  3.0277E-06
       55.3000,       25.2000,        5.0000,        0.0000,       10.0000,      280.0000,       10.0000,     2024.0000,      275.4807,        1.4477,      128.9817,        0.5278,      951.0383,        0.1788,    94778.6341,        3.7894,        4.1505,        2.0767,      -99.6439,  292.2897,0.204688,  3.2318E-06
       55.3000,       25.2000,        5.0000,        0.0000,       10.0000,      280.0000,       10.0000,     2024.0000,      316.5778,        5.9239,      219.4398,        0.7751,     1085.7524,        0.0684,    98666.3131,        2.5288,       44.8340,        2.5651,       38.4154,  327.4693,0.176545,  8.3799E-06
      -18.0000,       65.0000,       52.0000,        0.0000,       10.0000,      355.0000,       12.0000,     2024.0000,      259.4791,       10.7134,       22.4186,        0.5151,      619.8660,        0.9129,    98514.1366,        0.6984,       49.4058,      -10.4776,       27.3855,  259.9009,0.230599,  6.4366E-06
       55.3000,       25.2000,        5.0000,        0.0000,       10.0000,      280.0000,       10.0000,     2024.0000,      294.6104,        6.4142,      268.4807,        0.2261,      624.1635,        0.2263,    97411.3452,        4.3044,       23.1062,       13.1671,       -9.0347,  301.7658,0.197107,  1.0748E-05
       -0.1300,       51.5100,       11.0000,        0.0000,        9.0000,       80.0000,        3.0000,     2024.0000,      310.9707,        4.1745,      199.1961,        0.5445,      743.9886,        0.5654,    95219.1054,        0.6953,       55.9031,       25.4025,       79.0539,  310.9707,0.189743,  4.2936E-06
       -0.1300,       51.5100,       11.0000,        0.0000,        9.0000,       80.0000,        3.0000,     2024.0000,      297.0644,        3.0754,      348.7792,        0.5169,      860.1252,        0.1526,   100343.6585,        2.5105,       50.9427,       26.2492,       90.7874,  297.0644,0.200869,  2.9770E-06
       -0.1300,       51.5100,       11.0000,        0.0000,        9.0000,       80.0000,        3.0000,     2024.0000,      262.6745,       11.1083,      313.5738,        0.9216,      343.9180,        0.3691,    93885.7588,        2.5629,       57.5622,        3.9202,       43.7137,  263.0868,0.228051,  1.0644E-05
      103.8200,        1.3500,       15.0000,       30.0000,       14.0000,      120.0000,        4.0000,     2024.0000,      285.7370,        8.6259,      170.7103,        0.7345,     1097.1435,        0.9124,    87659.0778,        0.7798,       28.9598,       -8.1738,       -3.5868,  286.8085,0.209073,  5.4843E-06
     -112.0700,       33.4500,      331.0000,        0.0000,       13.0000,      200.0000,        7.0000,     2024.0000,      322.1889,        7.6414,      327.2105,        0.2549,     1218.3614,        0.3084,    88406.0943,        1.2166,        6.4762,       -7.2760,       23.8157,  339.4906,0.166928,  7.7684E-06
      151.2100,      -33.8700,       39.0000,        0.0000,       12.0000,      172.0000,        6.0000,     2024.0000,      263.0619,        5.3696,      187.1821,        0.4612,      906.5042,        0.5949,    93336.8607,        0.8887,       52.0354,        7.6471,       71.6805,  264.1486,0.227201,  3.8612E-06
       55.3000,       25.2000,        5.0000,        0.0000,       10.0000,      280.0000,       10.0000,     2024.0000,      303.6497,        4.5903,      249.5014,        0.8202,      971.8728,        0.0794,    96522.2448,        3.5366,       13.7592,        2.6998,       43.1709,  316.8406,0.185048,  6.7404E-06
     -122.0000,       37.5000,       25.0000,        0.0000,       12.0000,      172.0000,        6.0000,     2024.0000,      295.3320,        8.7030,      210.5080,        0.3872,     1030.1592,        0.3913,    97974.1852,        1.7061,       58.0831,       18.4308,      -21.5690,  302.5782,0.196457,  7.9518E-06
      103.8200,        1.3500,       15.0000,       30.0000,       14.0000,      120.0000,        4.0000,     2024.0000,      274.5974,        1.8175,      117.6597,        0.9457,      722.4375,        0.8406,   100899.5577,        1.9308,       29.8116,        1.4012,       34.0504,  277.0548,0.216876,  2.3332E-06
       25.0000,       23.5000,      200.0000,        0.0000,       11.0000,       90.0000,        3.0000,     2024.0000,      315.5525,       22.7103,      103.4228,        0.2976,      850.2957,        0.5604,    96751.3724,        3.6425,       22.0878,        1.4839,       22.2569,  317.7764,0.184299,  2.4015E-05
      -68.0000,      -16.5000,     3600.0000,        0.0000,       12.0000,      172.0000,        6.0000,     2024.0000,      301.0300,        1.4442,      232.4052,        0.3276,     1337.2539,        0.0090,    78461.9248,        2.0587,       25.4194,       19.4111,       39.5058,  319.5894,0.182849,  2.7177E-06
      -18.0000,       65.0000,       52.0000,        0.0000,       10.0000,      355.0000,       12.0000,     2024.0000,      261.7566,       10.5675,      106.3481,        0.8927,      332.4500,        0.5891,    95814.6671,        1.0013,       66.5714,       -5.4484,      -40.4671,  263.8294,0.227457,  7.6826E-06
       55.3000,       25.2000,        5.0000,        0.0000,       10.0000,      280.0000,       10.0000,     2024.0000,      273.9496,        6.1948,      202.2384,        0.7885,     1278.0290,        0.1517,   101048.1261,        3.4505,       35.0612,       23.6929,     -124.8564,  285.5279,0.210098,  7.8990E-06
      103.8200,        1.3500,       15.0000,       30.0000,       14.0000,      120.0000,        4.0000,     2024.0000,      276.7668,        0.5272,      233.7370,        0.8374,      853.2685,        0.7475,    89986.7731,        1.2092,       37.2252,      -18.5481,        5.6059,  280.3416,0.214247,  1.1116E-06
      103.8200,        1.3500,       15.0000,       30.0000,       14.0000,      120.0000,        4.0000,     2024.0000,      283.0671,        3.6708,      304.5889,        0.7143,     1323.2478,        0.7503,    89788.2639,        1.7599,       17.0605,       27.9848,       -6.8253,  287.8236,0.208261,  4.0976E-06
     -122.0000,       37.5000,       25.0000,        0.0000,       12.0000,      172.0000,        6.0000,     2024.0000,      299.7465,       11.9256,      148.5962,        0.2353,     1173.6756,        0.0740,    95468.7110,        2.5457,       12.5642,      -23.1409,        7.8662,  311.5967,0.189243,  1.5034E-05
       55.3000,       25.2000,        5.0000,        0.0000,       10.0000,      280.0000,       10.0000,     2024.0000,      313.2350,        9.9486,      195.1907,        0.6806,     1347.6312,        0.3536,    91279.6162,        4.0478,       34.1096,       30.7279,       60.6043,  318.0525,0.184078,  1.4503E-05
     -122.0000,       37.5000,       25.0000,        0.0000,       12.0000,      172.0000,        6.0000,     2024.0000,      280.5236,        7.0327,      232.7148,        0.0142,      892.7804,        0.1502,    88834.9319,        1.2595,       21.8044,        3.6686,     -112.1421,  294.2295,0.203136,  6.2656E-06
      151.2100,      -33.8700,       39.0000,        0.0000,       12.0000,      172.0000,        6.0000,     2024.0000,      304.6907,        8.1523,      113.3878,        0.7780,      763.8221,        0.4700,    93088.9009,        1.8826,       74.1171,       18.7909,       46.3645,  304.6907,0.194767,  7.9293E-06
       -0.1300,       51.5100,       11.0000,        0.0000,        9.0000,       80.0000,        3.0000,     2024.0000,      277.7585,       11.3976,      203.1827,        0.6886,     1148.5287,        0.2914,    90304.4338,        0.6581,       59.0289,        5.0627,      104.7741,  277.7585,0.216313,  6.5338E-06
      -18.0000,       65.0000,       52.0000,        0.0000,       10.0000,      355.0000,       12.0000,     2024.0000,      242.0143,       19.5594,      253.2275,        0.5489,       25.9708,        0.7915,    99359.9691,        1.1248,       57.4059,        3.5842,     -103.5097,  242.0254,0.244900,  1.2621E-05
       -0.1300,       51.5100,       11.0000,        0.0000,        9.0000,       80.0000,        3.0000,     2024.0000,      295.1217,        0.1273,      339.1636,        0.8359,      351.7944,        0.4706,    91621.6759,        0.6605,       42.4267,       -7.5640,      -36.1499,  301.3502,0.197440,  1.1247E-06
      -68.0000,      -16.5000,     3600.0000,        0.0000,       12.0000,      172.0000,        6.0000,     2024.0000,      304.0618,       14.4034,      296.5751,        0.2531,      939.7028,        0.3702,    62622.3117,        3.1423,       23.0888,      -21.7597,      104.5215,  308.1305,0.192016,  1.6007E-05
       -0.1300,       51.5100,       11.0000,        0.0000,        9.0000,       80.0000,        3.0000,     2024.0000,      308.2441,       11.5725,      290.8669,        0.5720,      634.2746,        0.1951,    99373.6458,        0.9500,       35.2084,       27.0668,       53.8705,  309.9294,0.190577,  7.6322E-06
      103.8200,        1.3500,       15.0000,       30.0000,       14.0000,      120.0000,        4.0000,     2024.0000,      279.6707,        1.3213,      196.7133,        0.9868,      563.3614,        0.6884,    96485.1373,        2.1513,       26.3730,       28.8303,      105.4111,  284.1724,0.211182,  2.8094E-06
     -122.0000,       37.5000,       25.0000,        0.0000,       12.0000,      172.0000,        6.0000,     2024.0000,      292.3178,        5.3984,      150.3513,        0.4846,     1245.9949,        0.3092,    94251.1147,        1.4419,       43.8519,       16.0166,       27.4968,  308.5847,0.191652,  4.5630E-06
       -0.1300,       51.5100,       11.0000,        0.0000,        9.0000,       80.0000,        3.0000,     2024.0000,      298.6818,        7.9798,      296.5497,        0.7972,      833.3257,        0.1516,    97932.7431,        1.5828,       54.3055,       19.9024,       95.9811,  298.6818,0.199575,  7.6525E-06
     -122.0000,       37.5000,       25.0000,        0.0000,       12.0000,      172.0000,        6.0000,     2024.0000,      278.4725,       12.0591,      349.8097,        0.6676,      928.7295,        0.1683,    96279.5626,        0.6746,       30.3884,       22.6569,      -99.8597,  288.6568,0.207595,  8.0113E-06
      151.2100,      -33.8700,       39.0000,        0.0000,       12.0000,      172.0000,        6.0000,     2024.0000,      292.7037,        9.1415,       57.5827,        0.7403,     1207.6978,        0.5471,    94871.9967,        1.7203,       80.4011,      -31.0747,       77.5386,  292.7037,0.204357,  6.2233E-06
     -122.0000,       37.5000,       25.0000,        0.0000,       12.0000,      172.0000,        6.0000,     2024.0000,      312.1302,        0.1977,      229.8027,        0.3850,     1097.7206,        0.0742,    86960.8210,        1.3106,       10.1637,       18.8666,      -21.3772,  347.8288,0.160257,  1.2676E-06
       55.3000,       25.2000,        5.0000,        0.0000,       10.0000,      280.0000,       10.0000,     2024.0000,      286.0407,        6.3087,      296.0470,        0.6310,      950.4610,        0.3519,   100129.9622,        2.4448,       34.7332,       -2.8119,      -60.3546,  297.0057,0.200915,  6.3504E-06
      -18.0000,       65.0000,       52.0000,        0.0000,       10.0000,      355.0000,       12.0000,     2024.0000,      255.1308,        8.1302,      240.1630,        0.8573,      208.1991,        0.2963,    93831.0212,        2.4457,       56.9025,      -22.0626,       13.5199,  256.4182,0.233385,  8.2361E-06
       55.3000,       25.2000,        5.0000,        0.0000,       10.0000,      280.0000,       10.0000,     2024.0000,      295.5621,        1.2101,      150.4695,        0.6288,      813.7537,        0.0773,    89888.2463,        2.8986,       27.5331,       28.0390,      -87.8461,  313.1158,0.188027,  3.2558E-06
      -18.0000,       65.0000,       52.0000,        0.0000,       10.0000,      355.0000,       12.0000,     2024.0000,      242.0123,       15.3854,      246.7258,        0.6787,      251.7708,        0.3871,    94526.7822,        1.9094,       57.1921,       14.2910,     -109.0743,  242.1961,0.244763,  1.1120E-05
      151.2100,      -33.8700,       39.0000,        0.0000,       12.0000,      172.0000,        6.0000,     2024.0000,      303.9180,        7.4089,      191.7120,        0.3409,      933.0333,        0.0409,    99284.7128,        1.4415,       44.7207,        5.1546,       56.3081,  304.9002,0.194600,  7.6552E-06
      103.8200,        1.3500,       15.0000,       30.0000,       14.0000,      120.0000,        4.0000,     2024.0000,      309.6622,        6.6169,      251.5373,        0.7519,      998.4668,        0.8997,    99127.8381,        1.5953,        0.3849,        6.5889,      -13.6081,  311.2555,0.189516,  7.0328E-06
       25.0000,       23.5000,      200.0000,        0.0000,       11.0000,       90.0000,        3.0000,     2024.0000,      281.4980,       22.8824,       87.3042,        0.2106,      363.4448,        0.8504,    88842.3403,        4.7335,       41.6126,        8.4527,       38.2324,  281.7449,0.213124,  1.8346E-05
      -68.0000,      -16.5000,     3600.0000,        0.0000,       12.0000,      172.0000,        6.0000,     2024.0000,      302.7642,        3.5028,      349.0063,        0.0862,     1122.4501,        0.3144,    67149.2336,        2.8449,       37.6700,      -30.5756,       67.6301,  309.7747,0.190700,  5.3308E-06
      -18.0000,       65.0000,       52.0000,        0.0000,       10.0000,      355.0000,       12.0000,     2024.0000,      244.1026,       17.3745,      135.4720,        0.4719,      519.9086,        0.5892,    90401.1356,        1.4896,       83.4285,       15.2027,       54.9014,  244.3870,0.243010,  1.1633E-05
      -68.0000,      -16.5000,     3600.0000,        0.0000,       12.0000,      172.0000,        6.0000,     2024.0000,      247.4807,        8.5127,      168.9719,        0.5211,      973.9619,        0.2138,    77511.4625,        1.2310,        8.6334,       27.7558,      114.5497,  257.3390,0.232649,  6.6985E-06
      -68.0000,      -16.5000,     3600.0000,        0.0000,       12.0000,      172.0000,        6.0000,     2024.0000,      280.8471,        9.7635,      185.4156,        0.4298,     1302.8087,        0.0389,    61317.5659,        1.6766,       25.3930,       22.7106,     -113.3991,  295.6877,0.201970,  9.0069E-06
      103.8200,        1.3500,       15.0000,       30.0000,       14.0000,      120.0000,        4.0000,     2024.0000,      299.3248,        3.1820,      169.6490,        0.6724,     1212.0735,        0.7942,    99027.6207,        1.2978,       39.5842,      -30.0591,      -80.2479,  300.5388,0.198089,  3.1462E-06
      -18.0000,       65.0000,       52.0000,        0.0000,       10.0000,      355.0000,       12.0000,     2024.0000,      263.3348,       18.6649,      246.3968,        0.4773,      609.4964,        0.5248,    88561.2002,        3.0597,       73.8161,      -10.8642,       10.1243,  264.9170,0.226586,  2.0598E-05
     -112.0700,       33.4500,      331.0000,        0.0000,       13.0000,      200.0000,        7.0000,     2024.0000,      289.5629,        9.3362,      349.1717,        0.4190,     1124.3432,        0.1005,    88143.6713,        1.6536,        8.6958,        1.8115,       82.8364,  306.1370,0.193610,  9.2401E-06
      -18.0000,       65.0000,       52.0000,        0.0000,       10.0000,      355.0000,       12.0000,     2024.0000,      244.2050,        4.8741,       72.9542,        0.7447,      183.9745,        0.3234,    95800.0308,        2.1918,       53.9812,       12.7426,     -107.6179,  244.5397,0.242888,  4.4757E-06
       -0.1300,       51.5100,       11.0000,        0.0000,        9.0000,       80.0000,        3.0000,     2024.0000,      306.9874,        3.6639,      265.8497,        0.7695,      635.6100,        0.4180,   100435.9065,        2.7993,       23.8402,       -1.9709,       34.0063,  310.5637,0.190069,  4.6512E-06
      -68.0000,      -16.5000,     3600.0000,        0.0000,       12.0000,      172.0000,        6.0000,     2024.0000,      283.9783,        2.2260,      256.6296,        0.3819,      952.7299,        0.1183,    69892.9299,        2.4184,        7.0898,      -20.6066,       69.7922,  299.6170,0.198826,  3.1564E-06
       -0.1300,       51.5100,       11.0000,        0.0000,        9.0000,       80.0000,        3.0000,     2024.0000,      309.3543,        6.8877,      112.3181,        0.7241,      963.2511,        0.2552,    92138.2387,        0.8836,       50.6209,        8.0081,      -97.6302,  321.9472,0.180962,  4.6629E-06
     -112.0700,       33.4500,      331.0000,        0.0000,       13.0000,      200.0000,        7.0000,     2024.0000,      301.8845,        5.0913,      210.2576,        0.2367,      939.8275,        0.2838,    88251.5952,        1.1901,       27.3175,       14.7008,       61.2382,  317.8455,0.184244,  4.5632E-06
      -68.0000,      -16.5000,     3600.0000,        0.0000,       12.0000,      172.0000,        6.0000,     2024.0000,      272.0948,        8.5177,      281.4688,        0.0458,     1280.9155,        0.0396,    63351.4070,        3.1644,        2.8007,       18.9973,      -65.9582,  284.4278,0.210978,  8.4038E-06
      151.2100,      -33.8700,       39.0000,        0.0000,       12.0000,      172.0000,        6.0000,     2024.0000,      319.3354,       10.0237,       16.5462,        0.3268,      870.0032,        0.4331,    99370.7998,        2.4418,       54.6086,      -10.7487,     -117.3957,  323.6003,0.179640,  1.1031E-05
      103.8200,        1.3500,       15.0000,       30.0000,       14.0000,      120.0000,        4.0000,     2024.0000,      305.9146,        5.6341,      173.4625,        0.8052,      826.8247,        0.8056,    97278.4209,        0.8564,       38.1520,        6.3397,       55.1846,  309.2250,0.191140,  4.4456E-06
      103.8200,        1.3500,       15.0000,       30.0000,       14.0000,      120.0000,        4.0000,     2024.0000,      321.3221,        4.1255,      115.7932,        0.7798,     1064.8247,        0.9358,    93075.1892,        2.3962,       23.6935,      -12.6019,      -53.5335,  322.0346,0.180892,  4.9173E-06
      -68.0000,      -16.5000,     3600.0000,        0.0000,       12.0000,      172.0000,        6.0000,     2024.0000,      281.7855,       10.9870,      263.0151,        0.5404,     1109.2454,        0.3381,    74839.4621,        2.2210,       43.8840,       -4.1001,      -41.8725,  283.9012,0.211399,  1.3012E-05
     -122.0000,       37.5000,       25.0000,        0.0000,       12.0000,      172.0000,        6.0000,     2024.0000,      299.7853,        1.5476,      167.6922,        0.3087,     1112.7814,        0.1851,    88855.5498,        0.6226,        0.5961,       30.5156,       28.9869,  325.8929,0.177806,  2.4512E-06
       55.3000,       25.2000,        5.0000,        0.0000,       10.0000,      280.0000,       10.0000,     2024.0000,      299.5055,        5.8903,      221.7541,        0.6471,     1048.6781,        0.2807,    86795.9956,        1.6764,        0.6236,       21.5010,      -43.0291,  310.6740,0.189981,  5.0519E-06
       25.0000,       23.5000,      200.0000,        0.0000,       11.0000,       90.0000,        3.0000,     2024.0000,      285.5432,       17.7247,       22.8983,        0.2097,      239.4722,        0.4577,   100318.2241,        2.9772,       12.3584,       34.5198,       12.4832,  286.3351,0.209452,  2.2974E-05
      -68.0000,      -16.5000,     3600.0000,        0.0000,       12.0000,      172.0000,        6.0000,     2024.0000,      279.3963,        0.3203,      222.5967,        0.0736,     1322.5668,        0.1594,    67986.2149,        2.3520,       44.4000,        6.1317,      101.7635,  303.1385,0.196009,  1.6717E-06
       55.3000,       25.2000,        5.0000,        0.0000,       10.0000,      280.0000,       10.0000,     2024.0000,      275.1700,        6.0923,      244.9928,        0.4663,     1348.5374,        0.2519,    98023.0825,        3.6521,       11.2289,      -15.5281,       76.9541,  286.0301,0.209696,  6.7645E-06
     -112.0700,       33.4500,      331.0000,        0.0000,       13.0000,      200.0000,        7.0000,     2024.0000,      314.9515,        3.5843,      237.9621,        0.1408,     1041.2450,        0.3129,    99875.6983,        2.4542,       29.8051,       17.0447,       97.1531,  330.4404,0.174168,  5.1336E-06
     -122.0000,       37.5000,       25.0000,        0.0000,       12.0000,      172.0000,        6.0000,     2024.0000,      307.2829,        9.2800,      212.4581,        0.1341,     1109.5740,        0.2169,   101038.9589,        2.7683,       60.9993,       20.2170,        7.4818,  314.9524,0.186558,  9.1013E-06
      -68.0000,      -16.5000,     3600.0000,        0.0000,       12.0000,      172.0000,        6.0000,     2024.0000,      269.9313,        9.9959,      264.2327,        0.2520,      940.1630,        0.2302,    64366.4806,        3.3862,       35.4003,        1.2542,      -75.0672,  274.6887,0.218769,  9.6187E-06
       55.3000,       25.2000,        5.0000,        0.0000,       10.0000,      280.0000,       10.0000,     2024.0000,      299.4370,        9.6627,      242.2885,        0.8248,     1270.0481,        0.2606,    98193.5247,        3.2588,       38.0301,       23.3082,       57.2578,  304.8307,0.194655,  1.1477E-05
     -122.0000,       37.5000,       25.0000,        0.0000,       12.0000,      172.0000,        6.0000,     2024.0000,      320.4391,        8.3887,      297.0799,        0.2097,      766.2552,        0.0649,    93821.7154,        0.7892,       31.5647,        2.6030,        9.3624,  335.4139,0.170189,  7.6639E-06
      -68.0000,      -16.5000,     3600.0000,        0.0000,       12.0000,      172.0000,        6.0000,     2024.0000,      300.2334,        0.3447,      235.9028,        0.4101,      992.0727,        0.0654,    77084.4199,        3.0152,        2.4663,       -7.9716,      -57.1106,  323.3756,0.179820,  1.8891E-06
      -68.0000,      -16.5000,     3600.0000,        0.0000,       12.0000,      172.0000,        6.0000,     2024.0000,      288.6825,       11.1979,      252.7580,        0.3242,     1012.3512,        0.3309,    66149.5162,        1.0264,       39.0123,       19.2931,      105.1743,  296.2908,0.201487,  7.5423E-06
       55.3000,       25.2000,        5.0000,        0.0000,       10.0000,      280.0000,       10.0000,     2024.0000,      309.6842,        1.9262,      183.4751,        0.4661,     1265.9787,        0.2905,    98262.6338,        3.2398,       11.6316,      -18.7574,      -88.2022,  329.1665,0.175187,  3.9248E-06
       25.0000,       23.5000,      200.0000,        0.0000,       11.0000,       90.0000,        3.0000,     2024.0000,      290.4637,       15.0594,      180.7106,        0.1786,      820.9234,        0.5048,    93509.5465,        3.5500,       61.0888,        2.3682,      -40.4881,  293.4410,0.203767,  1.6504E-05
      103.8200,        1.3500,       15.0000,       30.0000,       14.0000,      120.0000,        4.0000,     2024.0000,      313.5676,        4.2888,      118.2548,        0.7120,      934.0086,        0.6921,    96228.6450,        0.5673,       35.9789,       -9.9348,      109.7690,  321.7666,0.181107,  3.7744E-06
      -68.0000,      -16.5000,     3600.0000,        0.0000,       12.0000,      172.0000,        6.0000,     2024.0000,      301.5934,       15.4602,      181.4626,        0.5311,     1321.6781,        0.0735,    63564.2341,        1.3599,       37.8512,        6.4002,      -93.0875,  311.2000,0.189560,  1.3259E-05
     -112.0700,       33.4500,      331.0000,        0.0000,       13.0000,      200.0000,        7.0000,     2024.0000,      307.4841,        6.3742,      331.1317,        0.1733,     1282.8926,        0.2872,    89506.8510,        3.4863,       50.2778,       26.0969,       56.0419,  319.7399,0.182728,  9.7533E-06
       -0.1300,       51.5100,       11.0000,        0.0000,        9.0000,       80.0000,        3.0000,     2024.0000,      288.3724,        0.8425,      331.3514,        0.5736,     1179.2642,        0.4130,    97547.4122,        2.3836,       34.7772,      -26.0325,       48.3100,  293.6194,0.203624,  2.4230E-06
       -0.1300,       51.5100,       11.0000,        0.0000,        9.0000,       80.0000,        3.0000,     2024.0000,      272.9969,        0.3091,      308.3443,        0.5211,     1160.1518,        0.6145,    98902.5161,        1.8844,       51.2709,      -26.9408,       63.0637,  272.9969,0.220122,  1.5510E-06
      -68.0000,      -16.5000,     3600.0000,        0.0000,       12.0000,      172.0000,        6.0000,     2024.0000,      303.6984,       15.5687,      304.6589,        0.0126,     1316.4954,        0.0998,    61425.0391,        2.0687,       38.7196,       -6.5615,      -41.0185,  307.3512,0.192639,  1.5556E-05
      -68.0000,      -16.5000,     3600.0000,        0.0000,       12.0000,      172.0000,        6.0000,     2024.0000,      298.0691,       14.4004,      269.2689,        0.4607,     1249.4981,        0.3365,    72246.2524,        0.6308,       24.3659,      -22.7672,       95.3887,  306.9838,0.192933,  1.1901E-05
     -122.0000,       37.5000,       25.0000,        0.0000,       12.0000,      172.0000,        6.0000,     2024.0000,      283.3433,        9.3024,      253.0877,        0.0122,      859.5017,        0.3895,    98534.1476,        3.1810,       13.6794,       29.0732,       10.7937,  289.4486,0.206961,  1.1393E-05
     -112.0700,       33.4500,      331.0000,        0.0000,       13.0000,      200.0000,        7.0000,     2024.0000,      311.4346,        6.4544,      198.8014,        0.0024,      832.0667,        0.3691,    89626.0495,        3.1315,       12.7588,        2.5001,      -75.3515,  319.5598,0.182872,  9.5018E-06
       55.3000,       25.2000,        5.0000,        0.0000,       10.0000,      280.0000,       10.0000,     2024.0000,      276.0093,        9.5685,       91.4945,        0.6638,      905.2604,        0.3704,    90204.0907,        3.5572,       45.9668,      -15.0739,       56.4085,  278.8257,0.215459,  1.0218E-05
      -18.0000,       65.0000,       52.0000,        0.0000,       10.0000,      355.0000,       12.0000,     2024.0000,      248.8099,       18.2983,      218.5466,        0.9011,       88.4951,        0.7273,    89962.3657,        2.3028,       80.5137,       -7.6264,      -79.5833,  248.9268,0.239379,  1.3808E-05
      -68.0000,      -16.5000,     3600.0000,        0.0000,       12.0000,      172.0000,        6.0000,     2024.0000,      265.1977,       10.7978,      191.2183,        0.3582,     1315.5648,        0.2877,    70540.5303,        2.6535,       37.7617,      -14.3793,       11.1311,  267.5860,0.224451,  1.2070E-05
       25.0000,       23.5000,      200.0000,        0.0000,       11.0000,       90.0000,        3.0000,     2024.0000,      305.2365,       24.1658,       50.4761,        0.2341,      291.1427,        0.9779,    85590.1703,        4.6189,       20.9067,      -18.3954,      -97.5236,  305.2705,0.194304,  2.2898E-05
     -122.0000,       37.5000,       25.0000,        0.0000,       12.0000,      172.0000,        6.0000,     2024.0000,      317.7799,        2.0611,      264.0931,        0.6981,      928.3891,        0.1665,   100797.4300,        3.3240,       55.2284,       -2.8371,       31.0061,  333.3114,0.171871,  4.1897E-06
     -112.0700,       33.4500,      331.0000,        0.0000,       13.0000,      200.0000,        7.0000,     2024.0000,      292.1030,        1.9400,      192.6666,        0.1268,     1026.6862,        0.0214,    87573.0872,        3.2297,        3.4635,        3.2605,     -103.3879,  317.8105,0.184272,  3.0719E-06
      151.2100,      -33.8700,       39.0000,        0.0000,       12.0000,      172.0000,        6.0000,     2024.0000,      299.0466,       10.8389,       72.8606,        0.2771,     1315.4902,        0.5084,    96534.6094,        2.1627,       42.6152,       27.5075,       21.0529,  299.0466,0.199283,  8.3753E-06
      103.8200,        1.3500,       15.0000,       30.0000,       14.0000,      120.0000,        4.0000,     2024.0000,      285.2842,        8.1572,      198.2726,        0.7017,      566.1619,        0.6504,   100022.8559,        1.7431,       20.4919,      -26.3440,       79.6347,  288.1289,0.208017,  9.0403E-06
      -68.0000,      -16.5000,     3600.0000,        0.0000,       12.0000,      172.0000,        6.0000,     2024.0000,      293.6222,       11.9408,      173.6552,        0.5376,     1279.0602,        0.1526,    74534.2517,        2.5087,       46.3915,       19.9108,      -65.9222,  297.6869,0.200371,  1.2849E-05
     -112.0700,       33.4500,      331.0000,        0.0000,       13.0000,      200.0000,        7.0000,     2024.0000,      287.3316,        1.2892,      283.0535,        0.3348,     1037.6357,        0.0374,    93678.3344,        1.4419,       29.8610,      -14.1050,     -133.5387,  308.2665,0.191907,  2.1960E-06
       55.3000,       25.2000,        5.0000,        0.0000,       10.0000,      280.0000,       10.0000,     2024.0000,      296.0090,        7.2175,      249.6592,        0.6034,      748.7574,        0.0428,    95609.9326,        3.5811,       44.4842,       14.2401,       71.5554,  299.2833,0.199093,  8.5025E-06
      151.2100,      -33.8700,       39.0000,        0.0000,       12.0000,      172.0000,        6.0000,     2024.0000,      294.2339,        4.8676,       56.2115,        0.5733,     1073.9874,        0.3719,    92433.1419,        2.8101,       31.0844,      -15.8602,      102.1456,  301.3936,0.197405,  6.2759E-06
      -68.0000,      -16.5000,     3600.0000,        0.0000,       12.0000,      172.0000,        6.0000,     2024.0000,      258.0193,        9.6342,      181.0146,        0.3272,     1229.5783,        0.1587,    71371.1379,        1.9218,       13.2935,        7.1689,       23.9647,  267.3679,0.224626,  1.0834E-05
      -68.0000,      -16.5000,     3600.0000,        0.0000,       12.0000,      172.0000,        6.0000,     2024.0000,      250.3059,        3.0398,      181.7163,        0.5066,     1273.1260,        0.1741,    72464.0500,        2.1634,       50.6569,       30.0993,       19.8548,  250.7246,0.237940,  2.9706E-06
       -0.1300,       51.5100,       11.0000,        0.0000,        9.0000,       80.0000,        3.0000,     2024.0000,      274.3518,        2.5033,      230.2441,        0.5823,      834.1179,        0.6452,   100974.0223,        1.0572,       54.9768,       23.7640,       -8.0677,  280.6177,0.214026,  2.3077E-06
     -122.0000,       37.5000,       25.0000,        0.0000,       12.0000,      172.0000,        6.0000,     2024.0000,      315.3234,        0.5370,      342.2387,        0.6405,      884.9403,        0.2983,    95330.4689,        1.8882,       53.8054,       -5.4818,      -17.7542,  331.6698,0.173184,  1.8030E-06
     -112.0700,       33.4500,      331.0000,        0.0000,       13.0000,      200.0000,        7.0000,     2024.0000,      315.4946,        5.6695,      328.1758,        0.4719,      934.6765,        0.0683,    92979.7300,        3.7135,       24.1693,      -28.0985,       96.0556,  329.4430,0.174966,  8.3179E-06
     -122.0000,       37.5000,       25.0000,        0.0000,       12.0000,      172.0000,        6.0000,     2024.0000,      294.7720,        5.0609,      171.9108,        0.6118,      892.2524,        0.1010,    87563.8197,        2.7755,       52.9636,      -22.5916,       61.1777,  304.6442,0.194805,  6.9083E-06
      -18.0000,       65.0000,       52.0000,        0.0000,       10.0000,      355.0000,       12.0000,     2024.0000,      237.5153,       19.0852,       80.2785,        0.7494,      533.0128,        0.9170,    90114.5142,        2.3879,       56.7484,       11.4197,      101.9653,  237.5153,0.248508,  1.9109E-05
      -68.0000,      -16.5000,     3600.0000,        0.0000,       12.0000,      172.0000,        6.0000,     2024.0000,      274.8669,       12.9276,      205.6615,        0.2079,      929.5433,        0.3822,    66190.8794,        0.6456,       34.7845,        9.3862,       90.9298,  280.8999,0.213800,  8.2318E-06
     -112.0700,       33.4500,      331.0000,        0.0000,       13.0000,      200.0000,        7.0000,     2024.0000,      297.8601,        0.2759,      191.2197,        0.4985,     1305.8581,        0.0196,    97945.9553,        2.3554,       21.9305,        6.3103,       63.3375,  342.0860,0.164851,  1.5713E-06
      -68.0000,      -16.5000,     3600.0000,        0.0000,       12.0000,      172.0000,        6.0000,     2024.0000,      270.9417,        9.6272,      212.2738,        0.2994,     1055.9845,        0.1740,    73764.0188,        3.3850,        8.5870,      -28.4534,        8.9252,  277.4614,0.216551,  1.2343E-05
       55.3000,       25.2000,        5.0000,        0.0000,       10.0000,      280.0000,       10.0000,     2024.0000,      275.6099,       11.7409,      267.7312,        0.4281,     1062.2275,        0.0451,    98192.7337,        2.5685,       12.0891,        4.1620,      -78.5099,  285.4188,0.210185,  1.2644E-05
     -112.0700,       33.4500,      331.0000,        0.0000,       13.0000,      200.0000,        7.0000,     2024.0000,      284.1293,        1.6143,      289.4591,        0.2035,     1176.5150,        0.3924,    85871.1142,        2.9965,       21.5685,       -5.6961,       64.0645,  304.1071,0.195234,  3.2441E-06
      103.8200,        1.3500,       15.0000,       30.0000,       14.0000,      120.0000,        4.0000,     2024.0000,      300.0745,        6.5085,      241.8565,        0.9808,     1330.5404,        0.8097,    89473.7831,        2.2142,        4.4690,        5.5756,        0.2037,  303.6315,0.195615,  7.8577E-06
      -68.0000,      -16.5000,     3600.0000,        0.0000,       12.0000,      172.0000,        6.0000,     2024.0000,      246.7887,       12.4533,      170.9815,        0.4790,     1164.9865,        0.0471,    68209.0751,        0.5291,        2.2219,      -26.1874,       22.9190,  259.5465,0.230883,  7.4549E-06
      103.8200,        1.3500,       15.0000,       30.0000,       14.0000,      120.0000,        4.0000,     2024.0000,      277.0939,        5.1191,      256.6271,        0.7795,     1221.0120,        0.6709,    99132.1127,        1.5845,       38.1833,       27.3864,      116.0518,  285.1540,0.210397,  4.6833E-06
      -68.0000,      -16.5000,     3600.0000,        0.0000,       12.0000,      172.0000,        6.0000,     2024.0000,      267.0304,        7.3451,      146.1930,        0.2877,     1130.9379,        0.3601,    61426.6298,        3.4146,       47.8797,       -2.1112,       42.2293,  268.8145,0.223468,  7.7767E-06
      103.8200,        1.3500,       15.0000,       30.0000,       14.0000,      120.0000,        4.0000,     2024.0000,      300.3927,        9.3181,      212.5958,        0.8450,     1270.0921,        0.8740,    98793.2667,        1.9831,       10.4793,       10.9689,       77.7742,  302.5054,0.196516,  9.7228E-06
      -18.0000,       65.0000,       52.0000,        0.0000,       10.0000,      355.0000,       12.0000,     2024.0000,      239.0106,        9.3534,       48.7728,        0.4943,      486.2695,        0.6183,    89876.3308,        1.6653,       76.2600,      -17.3598,     -108.4795,  239.4199,0.246984,  7.0690E-06
     -122.0000,       37.5000,       25.0000,        0.0000,       12.0000,      172.0000,        6.0000,     2024.0000,      277.1022,        9.4281,      146.6687,        0.6336,     1351.6902,        0.1404,    89168.6579,        3.4086,       32.8848,       -4.8932,      -87.7719,  289.6192,0.206825,  1.0737E-05
      -18.0000,       65.0000,       52.0000,        0.0000,       10.0000,      355.0000,       12.0000,     2024.0000,      258.0860,        4.1062,      238.7005,        0.5848,      456.3559,        0.6752,    86884.4730,        1.2523,       76.3322,      -12.7824,      110.1039,  258.0860,0.232051,  3.5788E-06
       55.3000,       25.2000,        5.0000,        0.0000,       10.0000,      280.0000,       10.0000,     2024.0000,      321.2772,        9.4407,      290.0178,        0.6821,      740.5182,        0.0475,    92653.4958,        2.7220,       26.0409,       24.1668,      -98.6837,  328.8309,0.175455,  1.2886E-05
     -122.0000,       37.5000,       25.0000,        0.0000,       12.0000,      172.0000,        6.0000,     2024.0000,      289.2952,       12.1382,      276.7035,        0.4665,     1275.1391,        0.0548,    91290.2049,        2.8547,       44.0302,       15.0498,       87.4437,  298.3046,0.199876,  1.4885E-05
     -122.0000,       37.5000,       25.0000,        0.0000,       12.0000,      172.0000,        6.0000,     2024.0000,      277.0182,       11.6980,      208.2370,        0.5443,     1297.6687,        0.1599,    87559.8698,        1.8852,       57.5002,        3.2050,      -38.0020,  286.9774,0.208938,  1.0182E-05
       25.0000,       23.5000,      200.0000,        0.0000,       11.0000,       90.0000,        3.0000,     2024.0000,      307.2346,       15.8853,      202.2462,        0.0638,      445.7177,        0.5859,    89954.3304,        2.8797,       57.2040,       33.8213,       -5.2189,  308.3013,0.191879,  1.7111E-05
      151.2100,      -33.8700,       39.0000,        0.0000,       12.0000,      172.0000,        6.0000,     2024.0000,      291.0141,        8.1969,      129.2544,        0.2433,      676.7630,        0.2930,    99037.8604,        2.9778,       79.0628,       15.8401,       28.4905,  291.0141,0.205709,  1.1641E-05
     -122.0000,       37.5000,       25.0000,        0.0000,       12.0000,      172.0000,        6.0000,     2024.0000,      318.9414,       10.0377,      335.7868,        0.6790,     1050.3728,        0.2147,   101184.4647,        2.8447,        0.7210,        6.0892,      -80.3388,  329.4313,0.174975,  1.6009E-05
       55.3000,       25.2000,        5.0000,        0.0000,       10.0000,      280.0000,       10.0000,     2024.0000,      297.6508,        3.2020,      180.1001,        0.1950,      952.8078,        0.4415,    87876.0824,        1.4709,       29.9505,      -22.6503,       92.6596,  302.6835,0.196373,  3.5998E-06
     -112.0700,       33.4500,      331.0000,        0.0000,       13.0000,      200.0000,        7.0000,     2024.0000,      309.3278,        7.7862,      247.2770,        0.4889,     1328.8406,        0.0357,    93343.3260,        2.8640,       27.8608,      -12.5779,      -46.7115,  325.4132,0.178189,  1.0112E-05
       55.3000,       25.2000,        5.0000,        0.0000,       10.0000,      280.0000,       10.0000,     2024.0000,      310.4920,        0.0817,       82.0994,        0.7836,      737.4286,        0.0846,   101269.2499,        3.7490,       45.0647,       31.4086,      110.3289,  311.8903,0.189008,  1.8374E-06
      151.2100,      -33.8700,       39.0000,        0.0000,       12.0000,      172.0000,        6.0000,     2024.0000,      270.4397,       10.8049,       25.1240,        0.8744,      646.2080,        0.5947,    94671.9664,        2.0769,       73.1097,        1.1070,       81.9698,  270.5955,0.222044,  1.0956E-05
     -112.0700,       33.4500,      331.0000,        0.0000,       13.0000,      200.0000,        7.0000,     2024.0000,      306.9694,        2.5757,      280.0651,        0.1503,      985.3853,        0.2431,    94782.6610,        3.8837,       24.6920,      -28.3493,      -81.1934,  320.1162,0.182427,  5.4308E-06
      103.8200,        1.3500,       15.0000,       30.0000,       14.0000,      120.0000,        4.0000,     2024.0000,      285.3256,        6.4671,      193.4106,        0.7566,      674.2455,        0.8843,    96444.9640,        2.2894,       35.5452,      -24.2130,      -79.2777,  285.6724,0.209982,  8.3314E-06
      -68.0000,      -16.5000,     3600.0000,        0.0000,       12.0000,      172.0000,        6.0000,     2024.0000,      252.0539,       10.8171,      168.6241,        0.4474,     1210.6517,        0.3583,    69066.0441,        3.5559,       24.9234,       15.2154,       91.8438,  258.1097,0.232032,  1.1439E-05
     -122.0000,       37.5000,       25.0000,        0.0000,       12.0000,      172.0000,        6.0000,     2024.0000,      298.1345,        2.0620,      162.7655,        0.2989,      930.6744,        0.2691,    93816.3542,        1.9418,       16.3740,       31.1976,      -34.7514,  314.9341,0.186573,  3.4298E-06
       55.3000,       25.2000,        5.0000,        0.0000,       10.0000,      280.0000,       10.0000,     2024.0000,      275.9457,        1.6836,      251.4285,        0.2284,      960.2688,        0.1625,    92156.9613,        2.6190,       14.7365,        8.6121,      118.8420,  287.8937,0.208205,  2.9151E-06
      151.2100,      -33.8700,       39.0000,        0.0000,       12.0000,      172.0000,        6.0000,     2024.0000,      312.7961,        2.7473,       98.0241,        0.5040,      714.4419,        0.3973,    88394.7493,        1.5528,       66.9645,      -14.3932,       28.5510,  312.7961,0.188283,  3.0419E-06
      -68.0000,      -16.5000,     3600.0000,        0.0000,       12.0000,      172.0000,        6.0000,     2024.0000,      261.3237,       11.1345,      353.9402,        0.3902,     1166.1049,        0.3112,    66338.5720,        3.4724,       46.7074,       23.3258,     -116.3932,  267.4620,0.224550,  9.4672E-06
      103.8200,        1.3500,       15.0000,       30.0000,       14.0000,      120.0000,        4.0000,     2024.0000,      318.7152,        1.6449,       81.8177,        0.8061,      963.8439,        0.8354,    95251.2250,        1.5214,        6.0153,       27.9466,       67.6539,  322.3744,0.180620,  2.2002E-06
       -0.1300,       51.5100,       11.0000,        0.0000,        9.0000,       80.0000,        3.0000,     2024.0000,      277.2340,        1.4595,      216.0486,        0.4225,      593.6795,        0.2140,    98714.5107,        1.3909,       32.8330,      -13.4616,       66.8359,  279.1017,0.215239,  2.3269E-06
      -18.0000,       65.0000,       52.0000,        0.0000,       10.0000,      355.0000,       12.0000,     2024.0000,      251.2709,        9.0616,       78.2806,        0.5748,       33.3003,        0.9461,    96442.9087,        1.9817,       87.6511,      -18.8725,      -71.7553,  251.2892,0.237489,  8.4311E-06
       25.0000,       23.5000,      200.0000,        0.0000,       11.0000,       90.0000,        3.0000,     2024.0000,      293.0187,       14.2239,      149.9387,        0.2554,       99.5761,        0.3805,    96902.8303,        3.2208,       38.7754,      -17.2951,       27.2394,  293.4794,0.203736,  1.6199E-05
      -68.0000,      -16.5000,     3600.0000,        0.0000,       12.0000,      172.0000,        6.0000,     2024.0000,      249.1489,        4.7472,      341.5584,        0.4752,     1188.8358,        0.2687,    73265.7878,        2.1775,        1.6709,       -3.4226,       10.5834,  262.6993,0.228361,  5.5420E-06
       -0.1300,       51.5100,       11.0000,        0.0000,        9.0000,       80.0000,        3.0000,     2024.0000,      271.1831,        6.0135,      319.1592,        0.5743,      467.2802,        0.5149,    99282.8885,        2.2027,       38.4401,       25.9300,      -89.0900,  274.2141,0.219149,  6.2842E-06
       25.0000,       23.5000,      200.0000,        0.0000,       11.0000,       90.0000,        3.0000,     2024.0000,      288.0267,       22.8581,      189.5258,        0.1135,      785.0673,        0.6608,    88620.5529,        3.8967,       57.3427,      -10.2547,      -45.8461,  289.3954,0.207004,  2.5342E-05
      -68.0000,      -16.5000,     3600.0000,        0.0000,       12.0000,      172.0000,        6.0000,     2024.0000,      285.3651,        3.8157,      177.9906,        0.1170,     1067.3267,        0.2752,    77156.0099,        1.8818,       44.3021,      -28.6018,     -124.8480,  298.8092,0.199473,  4.7866E-06
      103.8200,        1.3500,       15.0000,       30.0000,       14.0000,      120.0000,        4.0000,     2024.0000,      312.4260,        9.1682,      236.0013,        0.8059,      898.7634,        0.9109,    89979.8574,        2.4615,       23.1322,       -9.1254,       98.6381,  313.5357,0.187691,  1.1138E-05
     -122.0000,       37.5000,       25.0000,        0.0000,       12.0000,      172.0000,        6.0000,     2024.0000,      292.1918,        4.2230,      243.4764,        0.0408,     1238.5180,        0.2825,    93235.6614,        1.1421,       18.2408,       17.7219,       -6.0220,  314.5863,0.186851,  4.2831E-06
       -0.1300,       51.5100,       11.0000,        0.0000,        9.0000,       80.0000,        3.0000,     2024.0000,      296.5182,        7.2635,      251.2994,        0.6146,     1217.2801,        0.7188,    90755.9739,        2.5024,       57.0771,       30.8546,      -52.8523,  301.4010,0.197399,  8.5129E-06
     -122.0000,       37.5000,       25.0000,        0.0000,       12.0000,      172.0000,        6.0000,     2024.0000,      293.1447,        7.8934,      221.5599,        0.0458,      967.2011,        0.0074,    92989.5057,        2.0080,        7.3653,      -27.0231,       56.1397,  307.7329,0.192334,  7.8510E-06
     -122.0000,       37.5000,       25.0000,        0.0000,       12.0000,      172.0000,        6.0000,     2024.0000,      287.5374,        0.5071,      270.4994,        0.2982,     1089.4958,        0.3636,    98708.9306,        2.6219,       17.1312,       -9.4093,       26.2254,  309.7113,0.190751,  2.3208E-06
      -18.0000,       65.0000,       52.0000,        0.0000,       10.0000,      355.0000,       12.0000,     2024.0000,      264.1591,       20.4672,      105.5879,        0.9335,      236.5001,        0.6155,    97180.6313,        1.7302,       73.1239,      -19.5332,       22.3407,  264.6140,0.226829,  1.4932E-05
      -68.0000,      -16.5000,     3600.0000,        0.0000,       12.0000,      172.0000,        6.0000,     2024.0000,      295.3606,       12.3844,      287.7760,        0.3003,     1268.2628,        0.0364,    69699.5964,        3.4986,       16.5970,       13.7459,      -96.8400,  305.1374,0.194410,  1.3726E-05
      103.8200,        1.3500,       15.0000,       30.0000,       14.0000,      120.0000,        4.0000,     2024.0000,      290.5108,        2.0205,      142.9085,        0.9812,      785.4480,        0.8077,    98135.2975,        2.5353,       11.0719,       -5.7049,       79.9823,  294.0635,0.203269,  3.7615E-06
     -122.0000,       37.5000,       25.0000,        0.0000,       12.0000,      172.0000,        6.0000,     2024.0000,      290.4209,        9.6376,      321.5715,        0.1293,      773.5174,        0.1608,    96022.0559,        1.4907,       37.6484,       -5.9846,     -114.1995,  298.1189,0.200025,  7.2065E-06
      151.2100,      -33.8700,       39.0000,        0.0000,       12.0000,      172.0000,        6.0000,     2024.0000,      319.4790,       12.5675,       59.4415,        0.6804,     1108.7381,        0.2076,    98260.5214,        2.8765,       62.5536,       -7.9953,       -3.2618,  319.4790,0.182937,  1.3441E-05
       -0.1300,       51.5100,       11.0000,        0.0000,        9.0000,       80.0000,        3.0000,     2024.0000,      296.7978,        5.8512,      335.6872,        0.4753,      683.9252,        0.4947,    98362.3963,        1.6907,       29.3830,       25.9154,      -94.0254,  301.4960,0.197323,  5.2073E-06
      103.8200,        1.3500,       15.0000,       30.0000,       14.0000,      120.0000,        4.0000,     2024.0000,      307.9677,        1.0353,      186.2959,        0.8941,      931.8283,        0.9125,    93759.4144,        1.1319,       30.6016,       23.1578,      -94.5927,  308.9321,0.191374,  1.4538E-06
      -18.0000,       65.0000,       52.0000,        0.0000,       10.0000,      355.0000,       12.0000,     2024.0000,      236.3392,       13.4240,      221.3522,        0.8675,      605.6910,        0.6472,    99559.3566,        0.8613,       65.9110,        4.0205,      -28.1804,  239.1946,0.247164,  8.2126E-06
      -18.0000,       65.0000,       52.0000,        0.0000,       10.0000,      355.0000,       12.0000,     2024.0000,      244.8876,        9.4995,       69.6780,        0.4575,      659.6380,        0.8367,    93009.2740,        2.0907,       52.1497,       23.1549,      -96.8545,  245.2759,0.242299,  7.5457E-06
      103.8200,        1.3500,       15.0000,       30.0000,       14.0000,      120.0000,        4.0000,     2024.0000,      322.6765,        4.1931,      255.2835,        0.9845,      831.6063,        0.8648,    99424.1275,        1.3511,       14.4899,      -28.4906,      -97.4128,  324.2663,0.179107,  4.7024E-06
       -0.1300,       51.5100,       11.0000,        0.0000,        9.0000,       80.0000,        3.0000,     2024.0000,      293.6461,       13.4369,      269.7344,        0.7670,     1223.0235,        0.4563,    88948.1289,        0.6471,       44.5824,      -26.3545,      -33.7563,  302.7288,0.196337,  1.1905E-05
      151.2100,      -33.8700,       39.0000,        0.0000,       12.0000,      172.0000,        6.0000,     2024.0000,      319.5259,       11.8113,      200.1506,        0.3264,     1301.9587,        0.3644,    99382.1494,        0.7675,       46.7113,       -6.9750,       -4.6935,  319.5259,0.182899,  7.7240E-06
       25.0000,       23.5000,      200.0000,        0.0000,       11.0000,       90.0000,        3.0000,     2024.0000,      295.6456,       20.4879,       18.2585,        0.0808,      616.3868,        0.5426,    96077.1830,        2.8597,        0.3374,       -2.2901,       40.1323,  297.4289,0.200577,  2.6793E-05
       -0.1300,       51.5100,       11.0000,        0.0000,        9.0000,       80.0000,        3.0000,     2024.0000,      308.7946,        0.4961,      265.3486,        0.4664,      649.6900,        0.5593,    89796.7695,        0.5536,       13.4810,       19.9404,      -56.0234,  315.0939,0.186445,  1.2931E-06
      103.8200,        1.3500,       15.0000,       30.0000,       14.0000,      120.0000,        4.0000,     2024.0000,      297.2045,        7.6740,      246.6179,        0.6284,      541.1097,        0.8070,   101294.8543,        1.6593,       24.8810,      -31.0784,       46.6735,  298.5681,0.199666,  7.0511E-06
       55.3000,       25.2000,        5.0000,        0.0000,       10.0000,      280.0000,       10.0000,     2024.0000,      317.1854,        2.6529,       72.0464,        0.3297,     1358.1820,        0.1024,    94373.6440,        3.5982,       25.6537,      -18.1559,      -67.7931,  345.5197,0.162104,  4.8338E-06
      151.2100,      -33.8700,       39.0000,        0.0000,       12.0000,      172.0000,        6.0000,     2024.0000,      309.8630,        5.1831,      137.9543,        0.7495,      723.9892,        0.3294,   101157.8051,        1.1911,       66.9543,       -9.8200,      125.5287,  317.7049,0.184356,  4.3604E-06
     -122.0000,       37.5000,       25.0000,        0.0000,       12.0000,      172.0000,        6.0000,     2024.0000,      276.9185,        7.2514,      308.1796,        0.5017,     1355.3609,        0.1172,    98646.5253,        0.8547,       21.1461,       24.9138,       33.7315,  300.5596,0.198072,  5.8750E-06
     -112.0700,       33.4500,      331.0000,        0.0000,       13.0000,      200.0000,        7.0000,     2024.0000,      311.6304,        2.1975,      294.7124,        0.0013,     1342.8899,        0.3458,    88715.2115,        2.7721,       28.8082,      -14.8820,        3.3853,  333.3327,0.171854,  4.7657E-06
      -68.0000,      -16.5000,     3600.0000,        0.0000,       12.0000,      172.0000,        6.0000,     2024.0000,      298.6871,        1.3950,      287.7698,        0.4208,      911.2375,        0.2718,    68461.7860,        1.0124,       11.6263,       28.1274,       17.2407,  310.9422,0.189766,  1.9499E-06
      -68.0000,      -16.5000,     3600.0000,        0.0000,       12.0000,      172.0000,        6.0000,     2024.0000,      277.9306,        6.6763,      162.8198,        0.3844,     1264.1922,        0.1149,    62737.3435,        1.9952,       48.1493,       -1.5020,      -83.6137,  287.5545,0.208476,  7.8512E-06
      103.8200,        1.3500,       15.0000,       30.0000,       14.0000,      120.0000,        4.0000,     2024.0000,      318.7379,        6.7505,      293.4244,        0.6360,      650.8423,        0.6116,    93836.4689,        2.5557,       27.3242,      -21.8948,       40.2992,  321.9887,0.180929,  8.1473E-06
      151.2100,      -33.8700,       39.0000,        0.0000,       12.0000,      172.0000,        6.0000,     2024.0000,      263.2366,       10.7308,      153.6070,        0.7897,     1293.5086,        0.2111,    95499.3086,        0.9125,       66.4856,       17.1250,     -107.3817,  270.7941,0.221885,  6.5289E-06
       -0.1300,       51.5100,       11.0000,        0.0000,        9.0000,       80.0000,        3.0000,     2024.0000,      274.6744,        7.7912,      105.4910,        0.4547,      571.4606,        0.5799,    96051.7801,        2.9950,       55.9746,       11.6107,      -18.4763,  277.7049,0.216356,  8.9479E-06
       25.0000,       23.5000,      200.0000,        0.0000,       11.0000,       90.0000,        3.0000,     2024.0000,      321.1040,       24.7720,       99.6311,        0.2585,      765.9237,        0.6048,    91358.1931,        3.4874,       51.6100,       17.6579,      102.1530,  321.6451,0.181204,  3.2319E-05
      -68.0000,      -16.5000,     3600.0000,        0.0000,       12.0000,      172.0000,        6.0000,     2024.0000,      275.1764,        2.3704,      218.9642,        0.3378,     1350.2526,        0.2524,    61147.5865,        2.8265,       47.5722,        0.4262,        5.8409,  276.3412,0.217447,  4.2443E-06
      -68.0000,      -16.5000,     3600.0000,        0.0000,       12.0000,      172.0000,        6.0000,     2024.0000,      253.6633,        8.4423,      228.9591,        0.3061,      894.5953,        0.2588,    70053.2829,        3.2199,       38.5206,      -18.9963,      -42.9248,  256.3052,0.233476,  8.8173E-06
     -112.0700,       33.4500,      331.0000,        0.0000,       13.0000,      200.0000,        7.0000,     2024.0000,      305.6054,        0.8599,      210.3851,        0.2852,     1084.7660,        0.0884,    87814.8544,        3.7872,       39.4139,       -9.9918,      -18.4647,  330.5124,0.174110,  2.7035E-06
     -112.0700,       33.4500,      331.0000,        0.0000,       13.0000,      200.0000,        7.0000,     2024.0000,      320.2355,       10.2971,      257.5519,        0.3756,     1142.4297,        0.3435,    97574.6373,        3.3984,       24.8893,      -13.2136,      -41.3533,  328.3201,0.175864,  1.2266E-05
      -18.0000,       65.0000,       52.0000,        0.0000,       10.0000,      355.0000,       12.0000,     2024.0000,      242.6316,        8.3869,       79.6761,        0.5953,      136.5585,        0.3980,    86644.0564,        2.1707,       51.8188,        3.8663,        0.5882,  243.4950,0.243724,  6.5530E-06
      -68.0000,      -16.5000,     3600.0000,        0.0000,       12.0000,      172.0000,        6.0000,     2024.0000,      289.2853,       13.9926,      320.2549,        0.0686,     1136.7787,        0.1842,    65052.2277,        1.1282,       12.9190,       19.5032,      103.5157,  299.0025,0.199318,  8.9941E-06
     -122.0000,       37.5000,       25.0000,        0.0000,       12.0000,      172.0000,        6.0000,     2024.0000,      315.4819,        3.3179,      159.4586,        0.5645,     1077.5555,        0.3911,    93639.9961,        3.4444,        4.3485,       18.2953,     -119.4868,  329.8496,0.174640,  6.2050E-06
       -0.1300,       51.5100,       11.0000,        0.0000,        9.0000,       80.0000,        3.0000,     2024.0000,      255.6189,       13.4141,      250.6171,        0.3891,      707.8950,        0.4440,    95439.9412,        1.5935,       28.4395,       -4.1153,       74.2400,  256.2564,0.233515,  9.6413E-06
      103.8200,        1.3500,       15.0000,       30.0000,       14.0000,      120.0000,        4.0000,     2024.0000,      282.4311,        4.7614,      202.5236,        0.6702,      597.8576,        0.6746,    88609.8694,        2.3251,       31.7624,        7.4385,       33.8977,  285.3914,0.210207,  5.7294E-06
      -18.0000,       65.0000,       52.0000,        0.0000,       10.0000,      355.0000,       12.0000,     2024.0000,      242.3297,       13.7858,      108.4895,        0.7118,       81.7350,        0.3875,    94954.3063,        1.8556,       66.1778,       17.8636,       72.1105,  242.3297,0.244656,  1.1973E-05
     -122.0000,       37.5000,       25.0000,        0.0000,       12.0000,      172.0000,        6.0000,     2024.0000,      317.5452,        3.7541,      316.5046,        0.6590,     1178.9395,        0.2238,    88189.4588,        2.6842,       28.5445,      -11.0289,      -55.0283,  336.8834,0.169013,  5.8792E-06
       -0.1300,       51.5100,       11.0000,        0.0000,        9.0000,       80.0000,        3.0000,     2024.0000,      256.5851,       11.2227,      230.9886,        0.4943,      849.9954,        0.0778,    89249.6927,        1.1237,        6.8774,        2.0043,      -32.8414,  263.2426,0.227926,  8.9518E-06
     -122.0000,       37.5000,       25.0000,        0.0000,       12.0000,      172.0000,        6.0000,     2024.0000,      301.0069,        0.2375,      197.8755,        0.0332,     1221.8573,        0.0322,    99707.1980,        3.5388,       30.8512,       20.0845,       74.3254,  333.9745,0.171340,  2.2848E-06
      151.2100,      -33.8700,       39.0000,        0.0000,       12.0000,      172.0000,        6.0000,     2024.0000,      309.4616,       12.5332,      143.5500,        0.8539,      868.1835,        0.5896,    89553.5184,        2.8619,       45.4386,        0.3735,      -72.8491,  310.2426,0.190326,  1.3387E-05
      -18.0000,       65.0000,       52.0000,        0.0000,       10.0000,      355.0000,       12.0000,     2024.0000,      264.3876,       14.8431,       79.7457,        0.7128,      508.6562,        0.6079,    91648.8750,        1.8067,       65.4481,       -7.7748,       18.7421,  265.7691,0.225905,  1.2386E-05
     -112.0700,       33.4500,      331.0000,        0.0000,       13.0000,      200.0000,        7.0000,     2024.0000,      311.2376,        4.1425,      195.1606,        0.0742,     1140.2482,        0.3143,    98773.8361,        3.8846,       40.1155,       10.1739,       62.7365,  326.8771,0.177018,  5.8705E-06
      103.8200,        1.3500,       15.0000,       30.0000,       14.0000,      120.0000,        4.0000,     2024.0000,      319.7762,        1.8918,      256.8312,        0.7579,      572.1655,        0.6211,   100585.1738,        0.5548,        0.2507,        0.6177,     -102.0711,  325.4757,0.178139,  2.2904E-06
       -0.1300,       51.5100,       11.0000,        0.0000,        9.0000,       80.0000,        3.0000,     2024.0000,      261.0749,        0.3852,      308.5138,        0.4518,      896.5964,        0.6367,    99339.0416,        2.2230,        5.8831,       27.0349,       55.9265,  264.8768,0.226619,  1.6113E-06
      -68.0000,      -16.5000,     3600.0000,        0.0000,       12.0000,      172.0000,        6.0000,     2024.0000,      286.6137,        9.8149,      156.7361,        0.3498,     1221.3535,        0.2359,    75209.3814,        3.3664,        5.4249,      -11.7382,       92.8355,  295.6460,0.202003,  1.0459E-05
      151.2100,      -33.8700,       39.0000,        0.0000,       12.0000,      172.0000,        6.0000,     2024.0000,      316.5229,        3.3085,      126.5861,        0.2867,      507.4830,        0.0794,    98700.1447,        2.3554,       72.7564,      -10.8499,      -36.4738,  316.5229,0.185302,  4.3327E-06
      -68.0000,      -16.5000,     3600.0000,        0.0000,       12.0000,      172.0000,        6.0000,     2024.0000,      272.9552,        7.0887,      353.6907,        0.1444,     1179.6354,        0.1490,    77371.7925,        3.2911,       42.4338,       22.6822,      -92.4578,  281.5260,0.213299,  7.8094E-06
      -68.0000,      -16.5000,     3600.0000,        0.0000,       12.0000,      172.0000,        6.0000,     2024.0000,      282.8114,        1.3602,      240.6126,        0.2997,     1326.6168,        0.1927,    68751.1901,        1.1635,       46.0379,        9.3044,     -130.8163,  311.7937,0.189085,  1.6936E-06
       55.3000,       25.2000,        5.0000,        0.0000,       10.0000,      280.0000,       10.0000,     2024.0000,      317.3676,        8.4309,      193.4374,        0.8080,     1303.6358,        0.2399,   101157.4856,        2.8570,        1.6898,      -15.1995,      -98.3129,  327.9407,0.176167,  1.2772E-05
       -0.1300,       51.5100,       11.0000,        0.0000,        9.0000,       80.0000,        3.0000,     2024.0000,      295.8826,        8.2519,      273.0213,        0.3771,     1117.4881,        0.4660,    99291.4314,        2.7952,       18.9478,      -17.1150,      -87.5546,  301.3164,0.197467,  8.2700E-06
     -112.0700,       33.4500,      331.0000,        0.0000,       13.0000,      200.0000,        7.0000,     2024.0000,      309.6057,        8.9805,      226.1718,        0.3194,     1140.9617,        0.0195,    96204.1899,        1.2711,        3.3915,      -24.4205,     -106.8397,  327.6028,0.176438,  9.1351E-06
       55.3000,       25.2000,        5.0000,        0.0000,       10.0000,      280.0000,       10.0000,     2024.0000,      311.2076,        3.9641,      187.8059,        0.4258,      765.4782,        0.4197,    87563.6499,        4.0745,       34.6663,       -7.5576,       14.5753,  318.9286,0.183377,  7.1465E-06
     -112.0700,       33.4500,      331.0000,        0.0000,       13.0000,      200.0000,        7.0000,     2024.0000,      286.1720,        5.8288,      333.1514,        0.3657,      994.9109,        0.1319,    96063.0825,        2.0557,       18.6749,       -7.5440,      -20.2873,  302.3374,0.196650,  6.8919E-06
     -122.0000,       37.5000,       25.0000,        0.0000,       12.0000,      172.0000,        6.0000,     2024.0000,      293.0989,        4.6043,      298.8531,        0.1366,      936.4125,        0.2331,   100560.8501,        2.0756,       56.9257,       -8.7456,       29.6282,  304.3900,0.195008,  5.4032E-06
      103.8200,        1.3500,       15.0000,       30.0000,       14.0000,      120.0000,        4.0000,     2024.0000,      273.0995,        7.6093,      115.2060,        0.7304,      819.8084,        0.6344,    87940.8895,        2.0825,       16.4754,      -17.0673,      -71.6547,  275.8354,0.217852,  6.8887E-06
      151.2100,      -33.8700,       39.0000,        0.0000,       12.0000,      172.0000,        6.0000,     2024.0000,      260.4670,       11.8703,       50.4370,        0.2237,      998.0251,        0.4947,    95039.6100,        0.5731,       38.8473,       27.6327,      -26.9788,  260.4670,0.230146,  6.1011E-06
     -122.0000,       37.5000,       25.0000,        0.0000,       12.0000,      172.0000,        6.0000,     2024.0000,      315.9598,        8.9812,      261.3629,        0.2437,      989.3851,        0.1486,   100907.7474,        1.0243,       48.9524,       16.3530,      -25.0175,  328.9699,0.175344,  7.1101E-06
       55.3000,       25.2000,        5.0000,        0.0000,       10.0000,      280.0000,       10.0000,     2024.0000,      309.4137,       10.3230,      277.4161,        0.7309,      850.5824,        0.3996,    92121.7162,        3.4912,       37.4792,       11.5336,       31.3495,  313.6420,0.187606,  1.1258E-05
       55.3000,       25.2000,        5.0000,        0.0000,       10.0000,      280.0000,       10.0000,     2024.0000,      287.2256,       10.6443,      285.6012,        0.1728,      820.4703,        0.3470,    94888.6519,        2.5826,       26.6874,       -8.8449,      117.3193,  289.5984,0.206841,  1.2458E-05
       -0.1300,       51.5100,       11.0000,        0.0000,        9.0000,       80.0000,        3.0000,     2024.0000,      276.1312,       12.2208,      260.2315,        0.4963,      531.9744,        0.3929,    87351.4988,        2.3716,       51.5727,      -25.7395,       13.6334,  278.0364,0.216091,  1.4471E-05
      151.2100,      -33.8700,       39.0000,        0.0000,       12.0000,      172.0000,        6.0000,     2024.0000,      275.6631,        4.6961,      171.9914,        0.7924,     1021.0776,        0.1052,    86907.2403,        2.2511,       68.4812,      -21.6585,       91.2726,  279.5511,0.214879,  5.2400E-06
       25.0000,       23.5000,      200.0000,        0.0000,       11.0000,       90.0000,        3.0000,     2024.0000,      313.3191,       22.0171,       16.4983,        0.4440,      868.5944,        0.5822,    93937.6997,        3.3320,        1.6106,       27.4128,        2.6310,  315.2834,0.186293,  2.6903E-05
      103.8200,        1.3500,       15.0000,       30.0000,       14.0000,      120.0000,        4.0000,     2024.0000,      322.2294,        9.3431,      284.8987,        0.7830,      869.2063,        0.6875,    97644.3163,        1.4615,       27.0565,       -6.3169,      -26.7952,  324.5076,0.178914,  8.2567E-06
     -112.0700,       33.4500,      331.0000,        0.0000,       13.0000,      200.0000,        7.0000,     2024.0000,      295.5789,        2.3401,      208.6682,        0.3873,     1255.3065,        0.3749,    98251.9328,        3.4728,       35.7237,        1.6377,      -72.8441,  309.3507,0.191039,  3.8792E-06
       55.3000,       25.2000,        5.0000,        0.0000,       10.0000,      280.0000,       10.0000,     2024.0000,      280.0681,        9.4639,       70.4405,        0.5396,      992.7223,        0.1538,    93311.4695,        4.1439,       30.6682,        7.4834,       74.3425,  284.9586,0.210553,  1.3262E-05
      151.2100,      -33.8700,       39.0000,        0.0000,       12.0000,      172.0000,        6.0000,     2024.0000,      269.7330,        9.1480,       11.2507,        0.7960,      834.5440,        0.4146,    97861.1129,        1.8068,       59.3203,       29.1474,      -78.0855,  270.5858,0.222051,  1.0867E-05
       55.3000,       25.2000,        5.0000,        0.0000,       10.0000,      280.0000,       10.0000,     2024.0000,      291.3609,        9.3870,      173.5505,        0.5755,      807.6071,        0.0441,    98242.7718,        2.0745,        9.0605,       16.1628,     -120.1243,  299.8781,0.198618,  1.0415E-05
      103.8200,        1.3500,       15.0000,       30.0000,       14.0000,      120.0000,        4.0000,     2024.0000,      284.2347,        3.9533,      255.8833,        0.7392,      769.9222,        0.7626,    96554.1231,        1.2304,       14.2366,       22.9219,       -0.4284,  287.2765,0.208699,  3.7634E-06
       55.3000,       25.2000,        5.0000,        0.0000,       10.0000,      280.0000,       10.0000,     2024.0000,      307.2843,        9.1968,      173.2634,        0.5456,     1150.4986,        0.1342,    93151.8820,        1.4459,        2.7702,       24.0789,     -108.9380,  319.4146,0.182988,  1.1525E-05
       -0.1300,       51.5100,       11.0000,        0.0000,        9.0000,       80.0000,        3.0000,     2024.0000,      255.1815,       13.3016,      178.5883,        0.9915,      578.9353,        0.6633,    97412.6553,        1.8457,       56.1582,      -17.3915,      -76.1734,  257.2170,0.232746,  9.9039E-06
       55.3000,       25.2000,        5.0000,        0.0000,       10.0000,      280.0000,       10.0000,     2024.0000,      283.5826,        8.0639,      180.1577,        0.4798,     1356.9315,        0.3888,    99728.4916,        4.1866,       25.7846,       14.4280,      -21.6811,  294.5933,0.202845,  1.0804E-05
      -18.0000,       65.0000,       52.0000,        0.0000,       10.0000,      355.0000,       12.0000,     2024.0000,      249.8588,       17.9208,      123.2585,        0.7803,      198.3033,        0.9023,    86836.3780,        1.3447,       65.0241,      -30.0996,      -50.2064,  250.0051,0.238516,  9.6045E-06
       -0.1300,       51.5100,       11.0000,        0.0000,        9.0000,       80.0000,        3.0000,     2024.0000,      282.4910,       12.1245,      125.7657,        0.4150,      334.4681,        0.1095,    93448.8012,        1.8278,       20.9021,       25.5071,       71.5695,  283.3041,0.211877,  1.3778E-05
     -112.0700,       33.4500,      331.0000,        0.0000,       13.0000,      200.0000,        7.0000,     2024.0000,      307.3659,       10.1228,      273.4558,        0.2022,     1137.5162,        0.0111,    92784.1274,        2.6865,       34.3435,       14.2099,       96.2571,  320.4516,0.182159,  1.0361E-05
       -0.1300,       51.5100,       11.0000,        0.0000,        9.0000,       80.0000,        3.0000,     2024.0000,      273.3540,        3.9585,      248.8613,        0.9081,     1128.7751,        0.2028,    94867.1245,        2.7243,       44.8847,      -11.1443,      123.9919,  273.3540,0.219837,  5.1347E-06
      151.2100,      -33.8700,       39.0000,        0.0000,       12.0000,      172.0000,        6.0000,     2024.0000,      265.9916,        7.4388,       94.0342,        0.7645,      929.8030,        0.2358,    95819.9041,        2.8297,       68.3027,        6.1985,      114.7803,  271.6526,0.221198,  8.5420E-06
       55.3000,       25.2000,        5.0000,        0.0000,       10.0000,      280.0000,       10.0000,     2024.0000,      306.9321,        9.4369,      135.5039,        0.6143,      701.7202,        0.0157,    98897.9587,        4.2898,       44.6471,      -16.6982,      -96.2088,  314.3853,0.187012,  1.3127E-05
     -112.0700,       33.4500,      331.0000,        0.0000,       13.0000,      200.0000,        7.0000,     2024.0000,      294.5966,       10.5563,      229.4861,        0.0157,     1045.4503,        0.1708,    87174.1626,        2.1382,       26.4722,      -10.1372,       97.8433,  305.8862,0.193811,  9.2596E-06
       55.3000,       25.2000,        5.0000,        0.0000,       10.0000,      280.0000,       10.0000,     2024.0000,      288.4707,        5.5670,      234.2644,        0.4129,      914.4193,        0.0119,    87578.5152,        2.2555,        5.9749,        9.2214,       23.7326,  301.9101,0.196992,  7.3418E-06
      -18.0000,       65.0000,       52.0000,        0.0000,       10.0000,      355.0000,       12.0000,     2024.0000,      260.6358,       10.9355,      217.6876,        0.6623,      445.5905,        0.6476,    92746.9975,        3.0534,       82.3239,       18.8787,      -95.5513,  261.2597,0.229512,  1.0145E-05
       -0.1300,       51.5100,       11.0000,        0.0000,        9.0000,       80.0000,        3.0000,     2024.0000,      280.9638,        7.5310,      132.4493,        0.4448,     1003.7385,        0.4728,    88613.5219,        1.8490,       39.4585,       -1.7531,       82.1010,  280.9638,0.213749,  6.7351E-06
     -122.0000,       37.5000,       25.0000,        0.0000,       12.0000,      172.0000,        6.0000,     2024.0000,      287.8031,        9.3844,      345.5483,        0.1571,      951.2479,        0.2773,    94025.2503,        0.6290,        1.1068,      -23.2747,       98.9755,  300.4657,0.198147,  6.5140E-06
       25.0000,       23.5000,      200.0000,        0.0000,       11.0000,       90.0000,        3.0000,     2024.0000,      292.0451,       23.2197,      178.9771,        0.0036,      701.8733,        0.4029,    96906.4852,        3.5088,       58.7375,        7.5463,       31.3047,  293.5720,0.203662,  2.5284E-05
     -122.0000,       37.5000,       25.0000,        0.0000,       12.0000,      172.0000,        6.0000,     2024.0000,      289.0878,        8.6883,      238.1535,        0.4310,      879.5593,        0.3735,    99482.3768,        1.5985,       19.3485,        9.3566,       60.5051,  298.2129,0.199950,  8.2070E-06
      -68.0000,      -16.5000,     3600.0000,        0.0000,       12.0000,      172.0000,        6.0000,     2024.0000,      282.5936,        4.6831,      254.0774,        0.1258,     1307.6047,        0.0604,    60519.4234,        2.2511,        0.0177,       23.3063,      116.3015,  301.3856,0.197412,  4.8073E-06
      103.8200,        1.3500,       15.0000,       30.0000,       14.0000,      120.0000,        4.0000,     2024.0000,      314.8606,        4.8636,      220.7594,        0.7979,     1284.4440,        0.8636,    87852.6885,        1.5575,        8.7945,        1.2285,      -90.3804,  317.7082,0.184353,  5.5828E-06
     -112.0700,       33.4500,      331.0000,        0.0000,       13.0000,      200.0000,        7.0000,     2024.0000,      311.7579,        5.5849,      269.1628,        0.4353,     1216.0199,        0.0511,    96175.2918,        2.9946,       25.8457,        6.1172,       18.1475,  333.1255,0.172020,  8.2025E-06
       25.0000,       23.5000,      200.0000,        0.0000,       11.0000,       90.0000,        3.0000,     2024.0000,      290.7161,       23.8004,      175.9683,        0.1149,      689.8382,        0.8255,    94382.1694,        3.9834,       44.3405,       23.6592,      -25.5376,  291.3354,0.205452,  2.4149E-05
     -112.0700,       33.4500,      331.0000,        0.0000,       13.0000,      200.0000,        7.0000,     2024.0000,      294.5193,        8.0405,      265.6945,        0.2899,     1317.6302,        0.2737,    95806.4989,        2.4631,        6.2573,       24.9270,     -114.9979,  307.0829,0.192854,  9.3330E-06
       25.0000,       23.5000,      200.0000,        0.0000,       11.0000,       90.0000,        3.0000,     2024.0000,      285.3507,       19.0085,       85.9756,        0.4406,      479.1170,        0.6226,    94237.5461,        4.8577,       10.6229,       36.1781,      -40.0226,  286.3927,0.209406,  2.1024E-05
      151.2100,      -33.8700,       39.0000,        0.0000,       12.0000,      172.0000,        6.0000,     2024.0000,      298.1150,        6.2836,      209.4232,        0.5106,     1159.6647,        0.0439,    98648.4839,        0.5486,       62.0674,      -23.0224,      -97.9284,  307.3049,0.192676,  4.7016E-06
       55.3000,       25.2000,        5.0000,        0.0000,       10.0000,      280.0000,       10.0000,     2024.0000,      276.6290,        6.2140,      276.6496,        0.4457,      821.1201,        0.0619,    98787.9624,        4.3276,       21.5607,       -0.8795,       44.4600,  285.5598,0.210072,  7.4847E-06
     -122.0000,       37.5000,       25.0000,        0.0000,       12.0000,      172.0000,        6.0000,     2024.0000,      304.9141,        6.9523,      315.1147,        0.0917,      777.8616,        0.0910,    87124.5054,        2.8171,        4.0648,       31.2036,       95.4029,  314.6366,0.186811,  9.3934E-06
      -18.0000,       65.0000,       52.0000,        0.0000,       10.0000,      355.0000,       12.0000,     2024.0000,      242.8118,        8.0204,      194.8059,        0.6196,      460.5135,        0.9440,    95063.9194,        2.8497,       65.9875,       11.5886,       39.2305,  242.9403,0.244168,  8.4351E-06
     -122.0000,       37.5000,       25.0000,        0.0000,       12.0000,      172.0000,        6.0000,     2024.0000,      299.8583,        3.6129,      333.2772,        0.1541,      917.8218,        0.3801,    94339.2298,        3.0260,       32.9032,       -7.4195,      -31.0786,  311.8282,0.189057,  5.4759E-06
      103.8200,        1.3500,       15.0000,       30.0000,       14.0000,      120.0000,        4.0000,     2024.0000,      311.4453,        5.4663,      173.6966,        0.9804,      564.2256,        0.9615,    88914.7542,        2.5478,       23.8357,        9.6654,       20.3939,  311.7419,0.189126,  7.5370E-06
      -68.0000,      -16.5000,     3600.0000,        0.0000,       12.0000,      172.0000,        6.0000,     2024.0000,      270.0023,       12.4013,      202.6717,        0.3218,     1011.2876,        0.2188,    75219.3034,        1.4252,       21.2460,       28.7826,      -15.9775,  274.7778,0.218698,  1.0411E-05
     -122.0000,       37.5000,       25.0000,        0.0000,       12.0000,      172.0000,        6.0000,     2024.0000,      282.4071,        9.5657,      264.6573,        0.0104,     1004.5597,        0.0665,    95686.5020,        2.6656,        1.2705,      -20.0939,       66.5436,  293.9061,0.203395,  9.8086E-06
       -0.1300,       51.5100,       11.0000,        0.0000,        9.0000,       80.0000,        3.0000,     2024.0000,      268.0810,        8.2656,      322.5352,        0.6604,     1181.8880,        0.3253,    87989.2894,        0.6327,       21.8879,      -15.6107,      -75.6028,  279.8075,0.214674,  5.6050E-06
       25.0000,       23.5000,      200.0000,        0.0000,       11.0000,       90.0000,        3.0000,     2024.0000,      279.9448,       14.2656,       74.0144,        0.2609,      790.9461,        0.3897,    98443.2408,        3.7312,        1.3504,       14.5492,       64.7254,  283.9475,0.211362,  1.9460E-05
     -112.0700,       33.4500,      331.0000,        0.0000,       13.0000,      200.0000,        7.0000,     2024.0000,      288.2332,        6.2225,      217.1825,        0.2382,      868.4983,        0.2626,    89906.3605,        0.9440,       12.0751,       12.1332,       18.0538,  302.7393,0.196329,  5.1984E-06
       -0.1300,       51.5100,       11.0000,        0.0000,        9.0000,       80.0000,        3.0000,     2024.0000,      273.6682,        2.7347,      279.5510,        0.6317,     1189.7171,        0.3509,    95110.1409,        1.5766,       35.6922,       -5.1150,       -7.5582,  289.1959,0.207163,  3.6006E-06
       25.0000,       23.5000,      200.0000,        0.0000,       11.0000,       90.0000,        3.0000,     2024.0000,      320.8619,       21.5153,       77.9974,        0.0693,      656.3011,        0.8735,    93093.0836,        2.7131,       35.1150,        0.5930,      -64.0616,  321.4163,0.181387,  2.0004E-05
      -18.0000,       65.0000,       52.0000,        0.0000,       10.0000,      355.0000,       12.0000,     2024.0000,      264.2299,       12.5804,      247.4199,        0.6102,      512.9864,        0.5359,    88083.3540,        2.8274,       63.2415,      -11.6523,     -119.7992,  264.2299,0.227136,  1.5768E-05
      -18.0000,       65.0000,       52.0000,        0.0000,       10.0000,      355.0000,       12.0000,     2024.0000,      262.2123,       13.5163,      197.3432,        0.6042,      422.1670,        0.7227,   101110.8563,        2.3063,       78.8348,        3.4918,      -68.0144,  263.1389,0.228009,  1.2273E-05
      -18.0000,       65.0000,       52.0000,        0.0000,       10.0000,      355.0000,       12.0000,     2024.0000,      260.3889,       13.9352,      259.2809,        0.5398,      654.0348,        0.5673,   101132.1434,        1.9418,       78.4100,       28.5984,      -85.1454,  261.8461,0.229043,  1.3691E-05
       25.0000,       23.5000,      200.0000,        0.0000,       11.0000,       90.0000,        3.0000,     2024.0000,      302.1020,       13.2934,        7.8854,        0.4175,      652.7055,        0.4634,    92501.8170,        3.7957,       52.6215,        1.0243,       23.8026,  304.6426,0.194806,  1.6950E-05
      -18.0000,       65.0000,       52.0000,        0.0000,       10.0000,      355.0000,       12.0000,     2024.0000,      237.9348,        3.8374,      168.6541,        0.9257,      152.1855,        0.3191,    99128.0669,        2.0072,       76.2133,      -16.2720,      122.9875,  237.9348,0.248172,  4.3450E-06
     -122.0000,       37.5000,       25.0000,        0.0000,       12.0000,      172.0000,        6.0000,     2024.0000,      286.0130,       12.1895,      328.5324,        0.1634,      726.0330,        0.0595,    98671.2595,        0.9320,       34.0737,        0.6593,      103.8956,  294.6447,0.202804,  8.5412E-06
     -112.0700,       33.4500,      331.0000,        0.0000,       13.0000,      200.0000,        7.0000,     2024.0000,      302.0877,        6.8991,      234.5873,        0.3845,      841.4024,        0.0249,    99554.0505,        3.1816,        9.4449,       22.1839,       17.4796,  314.5244,0.186900,  7.3320E-06
       -0.1300,       51.5100,       11.0000,        0.0000,        9.0000,       80.0000,        3.0000,     2024.0000,      282.7881,        2.4606,      161.8695,        0.7943,      376.5712,        0.4315,    99011.1783,        2.2640,       27.4574,        0.0147,     -122.1811,  285.7702,0.209904,  3.2980E-06
      103.8200,        1.3500,       15.0000,       30.0000,       14.0000,      120.0000,        4.0000,     2024.0000,      307.9455,        4.3087,      219.7034,        0.8697,      833.0152,        0.9911,    97133.6091,        2.5655,       19.6800,       -2.1122,      -63.9194,  308.0288,0.192097,  5.3452E-06
      -18.0000,       65.0000,       52.0000,        0.0000,       10.0000,      355.0000,       12.0000,     2024.0000,      263.6309,       12.1734,      137.6703,        0.7849,      147.7758,        0.5256,    90231.0139,        1.0795,       57.0206,      -11.7605,       56.6703,  263.7232,0.227541,  8.5653E-06
       55.3000,       25.2000,        5.0000,        0.0000,       10.0000,      280.0000,       10.0000,     2024.0000,      300.3228,       10.0045,      197.9264,        0.2099,      870.9262,        0.2949,    99780.1286,        2.4655,       13.7954,      -13.1304,       53.2118,  305.8957,0.193803,  1.0843E-05
      151.2100,      -33.8700,       39.0000,        0.0000,       12.0000,      172.0000,        6.0000,     2024.0000,      316.3630,        3.8279,      211.8638,        0.7421,     1247.7972,        0.3820,    96521.7956,        1.4225,       51.1299,        0.5082,      -55.0750,  316.3630,0.185430,  4.6108E-06
     -122.0000,       37.5000,       25.0000,        0.0000,       12.0000,      172.0000,        6.0000,     2024.0000,      296.9588,        0.1031,      339.3874,        0.6506,      935.1858,        0.0546,   100520.6814,        2.0645,       37.1577,       10.7975,      -80.2622,  321.6203,0.181224,  1.5646E-06
      -18.0000,       65.0000,       52.0000,        0.0000,       10.0000,      355.0000,       12.0000,     2024.0000,      247.9594,       19.4406,      206.4927,        0.7341,      435.0811,        0.6437,    96333.6111,        2.6410,       71.6896,      -15.0230,      -83.9720,  248.5159,0.239707,  2.0299E-05
      -68.0000,      -16.5000,     3600.0000,        0.0000,       12.0000,      172.0000,        6.0000,     2024.0000,      280.3799,        1.0010,      272.2305,        0.2294,      941.6871,        0.0956,    76409.2565,        0.5239,       43.0039,      -27.7249,      -30.7161,  285.1915,0.210367,  1.3712E-06
       55.3000,       25.2000,        5.0000,        0.0000,       10.0000,      280.0000,       10.0000,     2024.0000,      294.6421,        8.0207,      240.1990,        0.2419,     1227.0457,        0.1091,    94932.0055,        2.2891,       49.2503,      -24.9115,       24.1146,  305.1581,0.194394,  1.0908E-05
     -122.0000,       37.5000,       25.0000,        0.0000,       12.0000,      172.0000,        6.0000,     2024.0000,      279.9789,       10.0665,      294.9934,        0.4312,     1173.3762,        0.3480,    86774.9719,        1.7547,       23.0999,        2.9200,      -68.2401,  290.8784,0.205817,  1.0109E-05
      -68.0000,      -16.5000,     3600.0000,        0.0000,       12.0000,      172.0000,        6.0000,     2024.0000,      301.1487,       14.2684,      331.1608,        0.5390,     1235.0337,        0.3375,    72408.5206,        3.3753,       19.9510,       15.3533,      -96.7191,  306.8583,0.193033,  1.8909E-05
     -112.0700,       33.4500,      331.0000,        0.0000,       13.0000,      200.0000,        7.0000,     2024.0000,      321.9468,        3.3287,      316.5702,        0.3175,      862.0998,        0.0520,    94053.3524,        3.0475,       54.0959,       29.5315,       67.2932,  335.7196,0.169944,  5.1604E-06
      -18.0000,       65.0000,       52.0000,        0.0000,       10.0000,      355.0000,       12.0000,     2024.0000,      234.9193,       18.9453,       73.9120,        0.4868,       94.7212,        0.3384,    95240.0313,        1.4785,       87.5511,      -16.4754,      101.9724,  234.9193,0.250585,  1.2015E-05
      151.2100,      -33.8700,       39.0000,        0.0000,       12.0000,      172.0000,        6.0000,     2024.0000,      286.2374,        7.7376,      131.1197,        0.6713,     1010.7771,        0.1041,    91753.5963,        0.5396,       77.0794,       14.4260,       30.2218,  286.2374,0.209530,  4.7577E-06
      -18.0000,       65.0000,       52.0000,        0.0000,       10.0000,      355.0000,       12.0000,     2024.0000,      256.9695,       11.7472,       67.1225,        0.8937,      457.9851,        0.8256,    97443.5318,        1.1767,       74.1022,      -23.8128,       18.4785,  257.7134,0.232349,  7.9443E-06
      -68.0000,      -16.5000,     3600.0000,        0.0000,       12.0000,      172.0000,        6.0000,     2024.0000,      278.3416,        3.5216,      229.4324,        0.5432,     1056.2005,        0.1971,    63688.8636,        1.8073,       14.5258,       -8.7631,      -53.2383,  292.0174,0.204906,  4.1457E-06
     -112.0700,       33.4500,      331.0000,        0.0000,       13.0000,      200.0000,        7.0000,     2024.0000,      291.3854,        4.8742,      219.8172,        0.2736,     1069.3732,        0.2004,    86755.8086,        2.0514,       18.7084,        1.7999,     -126.7818,  306.4578,0.193354,  6.0054E-06
       -0.1300,       51.5100,       11.0000,        0.0000,        9.0000,       80.0000,        3.0000,     2024.0000,      265.2593,        4.6907,      214.8038,        0.4617,      560.8067,        0.4912,    99526.6555,        2.4811,       66.4666,       -5.0562,        6.1998,  268.8020,0.223478,  5.3491E-06
      -68.0000,      -16.5000,     3600.0000,        0.0000,       12.0000,      172.0000,        6.0000,     2024.0000,      299.1898,       15.0791,      272.2991,        0.0402,     1313.7579,        0.1976,    71455.0475,        2.0649,        0.3554,       25.6901,      -43.4424,  307.0256,0.192900,  1.4815E-05
      -68.0000,      -16.5000,     3600.0000,        0.0000,       12.0000,      172.0000,        6.0000,     2024.0000,      268.0438,        1.4052,      340.3829,        0.2774,     1349.0175,        0.3251,    65786.6334,        1.1180,       27.0344,      -11.5584,      -41.3338,  281.2654,0.213508,  1.4995E-06
      -18.0000,       65.0000,       52.0000,        0.0000,       10.0000,      355.0000,       12.0000,     2024.0000,      235.9947,       17.8142,      104.2738,        0.5732,      650.9501,        0.5170,    99473.4580,        1.7451,       85.0245,      -25.6543,       68.3977,  235.9947,0.249724,  1.2602E-05
      -18.0000,       65.0000,       52.0000,        0.0000,       10.0000,      355.0000,       12.0000,     2024.0000,      238.7191,       20.6064,      217.3769,        0.6575,      326.7544,        0.7303,    95827.1946,        1.6876,       61.8510,      -10.9378,      -38.6965,  239.3436,0.247045,  1.5275E-05
      151.2100,      -33.8700,       39.0000,        0.0000,       12.0000,      172.0000,        6.0000,     2024.0000,      277.1148,        2.3339,       41.3338,        0.3127,      809.2390,        0.3322,    96887.7462,        2.4882,       41.1150,       17.0808,      -51.5689,  277.9622,0.216150,  3.5250E-06
     -112.0700,       33.4500,      331.0000,        0.0000,       13.0000,      200.0000,        7.0000,     2024.0000,      315.8622,        8.6481,      353.2131,        0.2865,     1354.2668,        0.0326,   101128.0863,        2.4880,        9.6556,      -28.2147,      -69.5680,  332.1503,0.172800,  1.1769E-05
      151.2100,      -33.8700,       39.0000,        0.0000,       12.0000,      172.0000,        6.0000,     2024.0000,      282.9125,        0.5881,      145.1475,        0.5909,     1061.6074,        0.3351,    86977.3364,        0.9543,       50.6440,       -1.3157,      -95.4010,  292.8884,0.204209,  1.3934E-06
       55.3000,       25.2000,        5.0000,        0.0000,       10.0000,      280.0000,       10.0000,     2024.0000,      311.1833,        4.4419,       70.2625,        0.6425,      733.5446,        0.0989,    99250.3382,        1.9950,       35.8124,       22.6722,     -118.4746,  321.4722,0.181342,  4.5810E-06
       55.3000,       25.2000,        5.0000,        0.0000,       10.0000,      280.0000,       10.0000,     2024.0000,      283.9937,       10.6866,       95.3523,        0.4890,      788.2879,        0.0070,    93792.7721,        2.6419,       39.4435,        6.5978,      107.1358,  285.6617,0.209991,  1.4606E-05
      -68.0000,      -16.5000,     3600.0000,        0.0000,       12.0000,      172.0000,        6.0000,     2024.0000,      247.0660,       16.3173,      165.5484,        0.4487,     1119.1216,        0.1954,    73019.0056,        2.9522,       17.7868,      -28.8578,     -110.6600,  252.1705,0.236784,  1.3492E-05
       -0.1300,       51.5100,       11.0000,        0.0000,        9.0000,       80.0000,        3.0000,     2024.0000,      304.6978,        5.3549,      302.7747,        0.8200,      364.4377,        0.4194,    96449.8382,        1.8931,       34.1324,       18.5647,      -78.2719,  308.2482,0.191921,  8.0128E-06
      103.8200,        1.3500,       15.0000,       30.0000,       14.0000,      120.0000,        4.0000,     2024.0000,      314.9865,        3.7359,      161.4653,        0.9155,      944.9708,        0.8433,    95138.8418,        0.8033,       35.1423,      -26.1395,       73.2105,  318.5360,0.183691,  4.4515E-06
      -68.0000,      -16.5000,     3600.0000,        0.0000,       12.0000,      172.0000,        6.0000,     2024.0000,      261.9100,        0.6934,      338.2946,        0.3621,     1296.9994,        0.3907,    74809.1654,        2.2532,        4.5001,        2.0768,      -57.8048,  280.3279,0.214258,  2.0837E-06
      103.8200,        1.3500,       15.0000,       30.0000,       14.0000,      120.0000,        4.0000,     2024.0000,      306.7580,        0.0455,      115.2216,        0.9142,      652.5656,        0.6732,    87983.4170,        2.1508,        1.2266,      -16.5017,      -91.3412,  312.3035,0.188677,  1.4238E-06
     -112.0700,       33.4500,      331.0000,        0.0000,       13.0000,      200.0000,        7.0000,     2024.0000,      312.8337,        3.8097,      323.4093,        0.3561,      944.9487,        0.2348,    98062.1636,        1.8884,       17.2588,        9.0426,       55.9207,  330.9973,0.173722,  5.4129E-06
       25.0000,       23.5000,      200.0000,        0.0000,       11.0000,       90.0000,        3.0000,     2024.0000,      293.9915,       23.3775,       46.3956,        0.0435,      601.3183,        0.4538,    89804.7656,        4.8500,       61.2286,      -17.1715,      -88.2321,  295.2885,0.202289,  2.9096E-05
     -112.0700,       33.4500,      331.0000,        0.0000,       13.0000,      200.0000,        7.0000,     2024.0000,      286.4811,        7.4475,      318.1244,        0.0468,      973.3993,        0.1859,    94192.7737,        1.4348,       31.9731,      -17.0285,      -17.1089,  299.5082,0.198913,  6.2743E-06
       55.3000,       25.2000,        5.0000,        0.0000,       10.0000,      280.0000,       10.0000,     2024.0000,      303.4852,        8.1672,      149.3731,        0.5711,      745.9817,        0.0507,    96313.5242,        2.7116,        3.2499,        9.3385,       -0.3984,  311.4979,0.189322,  7.9460E-06
      103.8200,        1.3500,       15.0000,       30.0000,       14.0000,      120.0000,        4.0000,     2024.0000,      305.8176,        7.7887,      163.9096,        0.8105,      628.4946,        0.9375,    87784.9853,        2.1829,       10.6098,      -29.8043,       -9.4351,  306.2242,0.193541,  8.9365E-06
       -0.1300,       51.5100,       11.0000,        0.0000,        9.0000,       80.0000,        3.0000,     2024.0000,      300.8625,        3.4085,      179.2368,        0.8601,     1023.8313,        0.6941,    87203.1845,        1.0856,       28.8247,       20.8317,       17.9959,  305.2639,0.194309,  3.9937E-06
      103.8200,        1.3500,       15.0000,       30.0000,       14.0000,      120.0000,        4.0000,     2024.0000,      310.9064,        3.0806,       55.3035,        0.8483,     1354.4099,        0.9585,    87760.7021,        0.6690,       28.1134,      -26.7203,       -1.8407,  311.7741,0.189101,  3.4902E-06
     -112.0700,       33.4500,      331.0000,        0.0000,       13.0000,      200.0000,        7.0000,     2024.0000,      299.6769,       10.6376,      259.6362,        0.1979,     1243.8345,        0.2399,    87704.1749,        3.0065,        5.4338,       22.3179,       33.2589,  310.1871,0.190370,  1.3522E-05
     -112.0700,       33.4500,      331.0000,        0.0000,       13.0000,      200.0000,        7.0000,     2024.0000,      315.1691,        1.2613,      258.8010,        0.0478,      918.1236,        0.1341,    90217.5256,        1.1006,       55.3225,       12.8234,     -113.0175,  322.8853,0.180212,  2.2276E-06
       -0.1300,       51.5100,       11.0000,        0.0000,        9.0000,       80.0000,        3.0000,     2024.0000,      282.9559,        8.5467,      159.0751,        0.6261,     1209.4061,        0.3497,    90615.0665,        2.1353,       45.3980,      -20.6519,       11.3005,  289.9309,0.206575,  1.0108E-05
       55.3000,       25.2000,        5.0000,        0.0000,       10.0000,      280.0000,       10.0000,     2024.0000,      297.6237,        7.5650,      247.1376,        0.4119,     1342.5560,        0.3694,    89269.7523,        3.4043,       50.2618,      -21.4087,      125.5798,  297.6237,0.200421,  1.1300E-05
     -112.0700,       33.4500,      331.0000,        0.0000,       13.0000,      200.0000,        7.0000,     2024.0000,      316.9845,        9.6434,      202.2484,        0.4921,     1208.9500,        0.1176,    94792.7286,        4.0022,        4.3646,       27.1632,      112.8029,  329.3172,0.175066,  1.4620E-05
      -18.0000,       65.0000,       52.0000,        0.0000,       10.0000,      355.0000,       12.0000,     2024.0000,      251.0730,        5.1018,       99.1814,        0.9503,      663.2320,        0.3188,    88577.9769,        2.5986,       58.8766,      -18.6088,       62.3763,  251.1106,0.237632,  6.1058E-06
       25.0000,       23.5000,      200.0000,        0.0000,       11.0000,       90.0000,        3.0000,     2024.0000,      293.3877,       21.8692,        5.5717,        0.2729,      424.7105,        0.6459,    87503.3410,        2.5819,       11.7911,       -5.9069,      114.1443,  294.2206,0.203143,  2.5581E-05
       -0.1300,       51.5100,       11.0000,        0.0000,        9.0000,       80.0000,        3.0000,     2024.0000,      292.5753,       11.9421,      202.3456,        0.8154,      986.3118,        0.4629,    99890.0108,        2.8825,       59.4947,       26.2176,      125.2254,  292.5753,0.204460,  1.1137E-05
      -68.0000,      -16.5000,     3600.0000,        0.0000,       12.0000,      172.0000,        6.0000,     2024.0000,      286.6718,        2.8219,      154.6304,        0.4258,     1263.2440,        0.3878,    73013.7195,        1.2678,       10.8676,      -27.8522,       79.0261,  301.0262,0.197699,  2.5775E-06
       55.3000,       25.2000,        5.0000,        0.0000,       10.0000,      280.0000,       10.0000,     2024.0000,      311.0598,        1.8059,      213.5147,        0.1623,      650.5897,        0.1324,    90482.6689,        2.3041,       21.0612,       30.2131,       28.9393,  321.7117,0.181151,  3.4595E-06
     -122.0000,       37.5000,       25.0000,        0.0000,       12.0000,      172.0000,        6.0000,     2024.0000,      292.1460,        1.8491,      190.7922,        0.0339,     1220.6596,        0.3163,    90834.0934,        2.0820,       10.5258,       -4.3734,        4.1918,  316.6296,0.185216,  3.0861E-06
      -68.0000,      -16.5000,     3600.0000,        0.0000,       12.0000,      172.0000,        6.0000,     2024.0000,      290.7408,        0.6724,      189.8839,        0.4723,      898.0260,        0.1888,    66446.4766,        2.9264,       22.6280,      -17.1722,      -88.6606,  306.2404,0.193528,  2.4822E-06
     -112.0700,       33.4500,      331.0000,        0.0000,       13.0000,      200.0000,        7.0000,     2024.0000,      289.4193,        2.2534,      246.5790,        0.4325,      978.8414,        0.2710,   100021.1973,        1.1762,       55.4900,        5.9986,       89.8613,  305.3917,0.194207,  3.5782E-06
      151.2100,      -33.8700,       39.0000,        0.0000,       12.0000,      172.0000,        6.0000,     2024.0000,      289.9777,        8.1718,      182.2603,        0.6605,      522.4609,        0.2538,    95815.1582,        1.4915,       77.5553,       15.8259,      -44.2430,  289.9777,0.206538,  8.0680E-06
       55.3000,       25.2000,        5.0000,        0.0000,       10.0000,      280.0000,       10.0000,     2024.0000,      303.4173,        7.7533,      213.7908,        0.3568,     1206.9848,        0.2205,    94593.8025,        2.1530,       14.4274,       26.2851,       94.6230,  311.7752,0.189100,  8.7271E-06
      103.8200,        1.3500,       15.0000,       30.0000,       14.0000,      120.0000,        4.0000,     2024.0000,      293.3671,        1.5384,      236.1701,        0.6524,     1153.7435,        0.7542,    97983.5227,        1.0944,       28.3031,      -20.2567,       24.8110,  299.3946,0.199004,  2.4974E-06
      -18.0000,       65.0000,       52.0000,        0.0000,       10.0000,      355.0000,       12.0000,     2024.0000,      235.4991,       10.1806,      150.0109,        0.8993,      356.0625,        0.3616,    94155.4219,        1.7875,       69.7648,       16.4552,      -23.9379,  238.4118,0.247791,  7.5161E-06
      -18.0000,       65.0000,       52.0000,        0.0000,       10.0000,      355.0000,       12.0000,     2024.0000,      253.1075,       16.2607,       34.7212,        0.9242,      235.8766,        0.4289,    89451.9562,        2.6495,       82.0662,      -19.3923,       24.2461,  253.7642,0.235509,  1.6532E-05
     -112.0700,       33.4500,      331.0000,        0.0000,       13.0000,      200.0000,        7.0000,     2024.0000,      313.4043,       10.6965,      240.3533,        0.0712,     1322.2327,        0.0518,    95284.4884,        3.7071,        1.2723,       12.0031,      -22.0850,  328.0247,0.176100,  1.5052E-05
      -18.0000,       65.0000,       52.0000,        0.0000,       10.0000,      355.0000,       12.0000,     2024.0000,      236.1910,       17.1504,       15.8664,        0.5560,      281.5041,        0.8791,    90032.8716,        1.1569,       58.3367,        1.2015,       45.0545,  236.2895,0.249488,  1.2131E-05
     -122.0000,       37.5000,       25.0000,        0.0000,       12.0000,      172.0000,        6.0000,     2024.0000,      318.4355,        6.4038,      148.3031,        0.4875,      857.1674,        0.1216,    95139.5305,        2.4074,       40.2511,      -15.1025,      -65.2042,  329.4842,0.174933,  8.4441E-06
      103.8200,        1.3500,       15.0000,       30.0000,       14.0000,      120.0000,        4.0000,     2024.0000,      271.9298,        5.4334,      187.6952,        0.7301,      956.1117,        0.8403,    89803.0069,        1.7786,       22.6477,        9.4975,      -38.1857,  273.5336,0.219693,  5.4074E-06
       -0.1300,       51.5100,       11.0000,        0.0000,        9.0000,       80.0000,        3.0000,     2024.0000,      304.4863,       10.8849,      287.3435,        0.8922,     1086.4964,        0.0949,    91647.5028,        1.5835,       40.5599,       19.8724,      -81.8524,  316.5330,0.185294,  1.0670E-05
       25.0000,       23.5000,      200.0000,        0.0000,       11.0000,       90.0000,        3.0000,     2024.0000,      300.1776,       15.7077,       46.8275,        0.3995,      164.7967,        0.5305,    98765.1384,        4.7582,       61.3180,      -13.7258,      -59.2970,  300.6957,0.197963,  1.6518E-05
      -18.0000,       65.0000,       52.0000,        0.0000,       10.0000,      355.0000,       12.0000,     2024.0000,      242.2890,       20.1051,      155.8445,        0.6482,      107.6557,        0.5963,    99174.0456,        1.0367,       58.9975,       20.7216,      -83.9500,  242.4857,0.244531,  1.0987E-05
       55.3000,       25.2000,        5.0000,        0.0000,       10.0000,      280.0000,       10.0000,     2024.0000,      311.2984,        9.3005,      191.0920,        0.5649,     1073.3205,        0.3307,    92202.5986,        3.6887,        5.2938,      -29.8217,      122.4544,  316.9953,0.184924,  1.0567E-05
      -18.0000,       65.0000,       52.0000,        0.0000,       10.0000,      355.0000,       12.0000,     2024.0000,      258.1656,       18.1052,      125.6597,        0.9566,      232.7469,        0.9007,    85568.9570,        2.7848,       53.1345,      -27.5877,      -99.3163,  258.2034,0.231957,  1.8663E-05
      151.2100,      -33.8700,       39.0000,        0.0000,       12.0000,      172.0000,        6.0000,     2024.0000,      268.7138,       11.7782,      125.8917,        0.6116,     1325.4416,        0.4254,    96981.0723,        0.9249,       43.9718,       -9.7472,      -20.0191,  268.7138,0.223549,  7.4026E-06
      151.2100,      -33.8700,       39.0000,        0.0000,       12.0000,      172.0000,        6.0000,     2024.0000,      280.3293,       10.0172,      157.5387,        0.2561,      772.5780,        0.3380,    93765.5153,        1.6305,       32.0832,      -20.7506,     -105.0770,  284.6477,0.210802,  7.3760E-06
     -122.0000,       37.5000,       25.0000,        0.0000,       12.0000,      172.0000,        6.0000,     2024.0000,      297.8401,        8.4053,      340.4409,        0.1239,      995.4347,        0.2588,    92386.0374,        2.7861,       60.0915,       26.2494,        2.3165,  304.5408,0.194887,  1.0651E-05
      -18.0000,       65.0000,       52.0000,        0.0000,       10.0000,      355.0000,       12.0000,     2024.0000,      242.9251,       12.9320,      129.8852,        0.8043,      203.0387,        0.9306,    93637.6980,        1.5320,       88.3500,       31.3486,      -64.0420,  243.0485,0.244081,  6.9948E-06
      -18.0000,       65.0000,       52.0000,        0.0000,       10.0000,      355.0000,       12.0000,     2024.0000,      241.1520,        6.5168,      149.0464,        0.7735,      212.6523,        0.8753,    84940.1580,        2.4759,       58.9490,      -17.3691,       10.2322,  241.4395,0.245368,  6.0950E-06
      -18.0000,       65.0000,       52.0000,        0.0000,       10.0000,      355.0000,       12.0000,     2024.0000,      246.0602,       20.0866,       78.2664,        0.6578,      126.5212,        0.4975,    91137.3103,        1.1952,       57.4918,       29.2657,      115.1463,  246.0602,0.241672,  1.2552E-05
      151.2100,      -33.8700,       39.0000,        0.0000,       12.0000,      172.0000,        6.0000,     2024.0000,      292.9758,        3.9159,       50.8017,        0.2787,      582.8069,        0.3495,    94593.7893,        2.4550,       29.4136,       -6.1021,     -101.6122,  297.7281,0.200338,  5.7327E-06
       55.3000,       25.2000,        5.0000,        0.0000,       10.0000,      280.0000,       10.0000,     2024.0000,      322.1531,        9.0100,      194.7959,        0.2739,      871.0419,        0.2787,    96011.1175,        4.2014,       44.1096,        5.3026,      -22.6672,  330.7195,0.173944,  1.0822E-05
       -0.1300,       51.5100,       11.0000,        0.0000,        9.0000,       80.0000,        3.0000,     2024.0000,      257.7370,        8.1190,      156.9274,        0.8704,      860.8251,        0.5670,   100463.3767,        2.8107,       45.7904,       24.7691,      -32.5744,  262.1213,0.228823,  7.6299E-06
       -0.1300,       51.5100,       11.0000,        0.0000,        9.0000,       80.0000,        3.0000,     2024.0000,      294.7353,        1.3863,      154.0076,        0.8686,      800.5633,        0.6632,    87547.4285,        2.3911,       36.5800,       28.5750,      122.8891,  294.7353,0.202732,  2.8599E-06
       25.0000,       23.5000,      200.0000,        0.0000,       11.0000,       90.0000,        3.0000,     2024.0000,      307.9230,       18.8665,      194.1532,        0.4303,      876.3515,        0.3770,    89568.9528,        4.0166,       58.3878,        1.6999,      125.4597,  308.4873,0.191730,  2.1585E-05
       25.0000,       23.5000,      200.0000,        0.0000,       11.0000,       90.0000,        3.0000,     2024.0000,      319.4873,       23.5309,       37.3100,        0.3365,      631.7516,        0.6653,    94283.9525,        4.4491,       48.4743,       34.9157,      105.9186,  319.8681,0.182626,  2.6673E-05
      -18.0000,       65.0000,       52.0000,        0.0000,       10.0000,      355.0000,       12.0000,     2024.0000,      254.3500,        7.9665,      211.1397,        0.7338,       28.5042,        0.5495,   100023.2015,        0.5966,       76.7570,       13.5664,       36.8572,  254.4636,0.234949,  4.9599E-06
      151.2100,      -33.8700,       39.0000,        0.0000,       12.0000,      172.0000,        6.0000,     2024.0000,      292.5540,        0.2071,       78.7914,        0.3192,     1141.2438,        0.2161,    89754.6053,        1.1090,       85.0190,      -13.1975,      -50.3701,  292.5540,0.204477,  1.5205E-06
       -0.1300,       51.5100,       11.0000,        0.0000,        9.0000,       80.0000,        3.0000,     2024.0000,      287.4600,        7.0131,      337.7001,        0.8605,      693.9030,        0.5440,    88814.6180,        1.5074,       44.2262,       12.4213,       59.2825,  287.9909,0.208127,  7.0095E-06
       55.3000,       25.2000,        5.0000,        0.0000,       10.0000,      280.0000,       10.0000,     2024.0000,      301.5883,        1.0886,      282.4349,        0.3965,     1289.3538,        0.0504,    90339.8828,        1.7039,       32.4466,      -21.7758,       76.6822,  317.0588,0.184873,  2.1745E-06
       55.3000,       25.2000,        5.0000,        0.0000,       10.0000,      280.0000,       10.0000,     2024.0000,      274.8109,        3.2903,      164.8587,        0.6384,     1157.0045,        0.2319,    98914.8748,        3.1757,       43.7065,       -7.6706,      -46.2387,  295.2114,0.202351,  4.4548E-06
       25.0000,       23.5000,      200.0000,        0.0000,       11.0000,       90.0000,        3.0000,     2024.0000,      295.5910,       21.7763,      204.7121,        0.1772,      782.1183,        0.4658,    96677.8371,        4.4339,       51.5437,       13.7859,      -46.2270,  297.9637,0.200149,  2.1752E-05
      103.8200,        1.3500,       15.0000,       30.0000,       14.0000,      120.0000,        4.0000,     2024.0000,      294.1789,        7.4351,      141.4753,        0.9541,     1347.5274,        0.8284,    91163.6647,        1.2319,       29.6253,       -5.3845,      -10.5918,  296.5686,0.201265,  6.4432E-06
      103.8200,        1.3500,       15.0000,       30.0000,       14.0000,      120.0000,        4.0000,     2024.0000,      286.0730,        2.1955,      267.6420,        0.7728,     1307.5861,        0.8717,    91145.0607,        1.9165,       28.2671,       17.6621,       96.3592,  290.4633,0.206149,  3.2614E-06
      -18.0000,       65.0000,       52.0000,        0.0000,       10.0000,      355.0000,       12.0000,     2024.0000,      247.5589,        7.9732,      178.6164,        0.8779,      404.2605,        0.6686,    99411.0706,        1.1904,       76.4564,       17.3469,       46.3930,  248.2175,0.239946,  5.0462E-06
       25.0000,       23.5000,      200.0000,        0.0000,       11.0000,       90.0000,        3.0000,     2024.0000,      300.6775,       21.3425,       29.5818,        0.2080,      856.3875,        0.6267,    88227.7905,        2.8333,       46.2957,      -17.3273,       50.1180,  301.9857,0.196931,  2.8391E-05
      151.2100,      -33.8700,       39.0000,        0.0000,       12.0000,      172.0000,        6.0000,     2024.0000,      310.5961,        4.3900,       56.1531,        0.8775,      976.0445,        0.4934,    92985.4816,        1.8160,       32.1101,       22.4793,       59.7808,  313.1489,0.188001,  5.5170E-06
      -18.0000,       65.0000,       52.0000,        0.0000,       10.0000,      355.0000,       12.0000,     2024.0000,      234.5206,       19.2347,      219.2800,        0.5587,      243.5956,        0.9153,    93387.5716,        2.9688,       65.2628,       17.4282,      -22.7300,  234.6425,0.250806,  1.5690E-05
     -122.0000,       37.5000,       25.0000,        0.0000,       12.0000,      172.0000,        6.0000,     2024.0000,      303.9185,        5.3561,      268.5661,        0.1941,      925.9368,        0.0459,   101093.6756,        1.3955,       26.8793,      -19.4627,     -137.3262,  319.4064,0.182995,  5.4991E-06
       55.3000,       25.2000,        5.0000,        0.0000,       10.0000,      280.0000,       10.0000,     2024.0000,      288.2153,        5.0300,      253.9377,        0.3790,     1197.0544,        0.2043,    95738.1650,        4.3076,       29.4395,       10.3750,      -22.9293,  305.5781,0.194057,  8.7440E-06
     -122.0000,       37.5000,       25.0000,        0.0000,       12.0000,      172.0000,        6.0000,     2024.0000,      319.5703,        5.7906,      209.7274,        0.5820,     1165.8938,        0.2011,    94087.4680,        2.7769,       25.8464,      -27.2110,     -118.6720,  332.4501,0.172560,  8.6601E-06
      151.2100,      -33.8700,       39.0000,        0.0000,       12.0000,      172.0000,        6.0000,     2024.0000,      260.1787,        7.7869,       49.7472,        0.7699,     1034.8057,        0.2539,    91510.2658,        0.8425,       32.8472,       30.5501,      -68.0669,  264.1020,0.227238,  4.8515E-06
      -18.0000,       65.0000,       52.0000,        0.0000,       10.0000,      355.0000,       12.0000,     2024.0000,      244.4008,        7.6896,      197.1907,        0.5126,      528.9084,        0.8782,   100701.2717,        1.7138,       65.6681,        9.3925,      111.0336,  244.4008,0.242999,  5.2603E-06
       55.3000,       25.2000,        5.0000,        0.0000,       10.0000,      280.0000,       10.0000,     2024.0000,      274.1330,       11.3468,      173.2749,        0.3823,      844.6418,        0.1203,    89784.5958,        2.9446,       39.1540,      -13.3307,      120.2525,  275.3205,0.218264,  1.0893E-05
       -0.1300,       51.5100,       11.0000,        0.0000,        9.0000,       80.0000,        3.0000,     2024.0000,      316.1744,       11.0414,      323.7284,        0.4716,     1009.6512,        0.5904,    87894.0360,        1.0200,       50.2717,      -11.3424,      101.6399,  316.1744,0.185580,  1.0765E-05
       -0.1300,       51.5100,       11.0000,        0.0000,        9.0000,       80.0000,        3.0000,     2024.0000,      269.4559,       10.7583,      187.9324,        0.8017,      948.2585,        0.0692,    94992.6704,        0.7149,       34.9240,       16.5616,       73.5143,  270.3617,0.222231,  5.8688E-06
       -0.1300,       51.5100,       11.0000,        0.0000,        9.0000,       80.0000,        3.0000,     2024.0000,      314.9906,        7.9269,      210.8034,        0.6822,      323.8783,        0.6162,    89299.2756,        2.6933,       64.1085,      -24.5635,      100.6954,  314.9906,0.186528,  1.1895E-05
     -112.0700,       33.4500,      331.0000,        0.0000,       13.0000,      200.0000,        7.0000,     2024.0000,      319.5842,        6.7694,      324.1356,        0.0380,     1280.8442,        0.1014,    88042.3452,        1.8933,       15.7271,      -30.3224,       60.4323,  339.4502,0.166960,  9.6879E-06
      -68.0000,      -16.5000,     3600.0000,        0.0000,       12.0000,      172.0000,        6.0000,     2024.0000,      245.5861,       16.2117,      175.2569,        0.0382,     1293.6963,        0.3254,    60569.9134,        1.9634,       41.8740,      -11.9892,      110.8457,  251.6087,0.237233,  1.2407E-05
       -0.1300,       51.5100,       11.0000,        0.0000,        9.0000,       80.0000,        3.0000,     2024.0000,      312.0962,       10.4353,      203.9777,        0.8149,     1072.2615,        0.0900,    89918.9568,        1.4945,       31.5381,        7.0041,       -5.7499,  323.2138,0.179949,  1.2308E-05
     -112.0700,       33.4500,      331.0000,        0.0000,       13.0000,      200.0000,        7.0000,     2024.0000,      312.8215,       10.6551,      261.7919,        0.3968,     1051.7321,        0.1783,    98987.0510,        2.2918,       26.7755,       28.1474,      -18.7210,  322.2365,0.180731,  1.4387E-05
       -0.1300,       51.5100,       11.0000,        0.0000,        9.0000,       80.0000,        3.0000,     2024.0000,      274.1133,       10.5021,      267.2079,        0.8461,      918.0826,        0.0546,    96344.8011,        0.6470,       33.3391,       17.7503,        0.3043,  284.6242,0.210821,  7.8788E-06
       55.3000,       25.2000,        5.0000,        0.0000,       10.0000,      280.0000,       10.0000,     2024.0000,      290.4960,        1.1456,       64.0775,        0.8404,     1033.0881,        0.3931,    91839.8369,        4.4290,       30.4782,        3.2936,      -51.4619,  308.8023,0.191478,  2.5829E-06
      -68.0000,      -16.5000,     3600.0000,        0.0000,       12.0000,      172.0000,        6.0000,     2024.0000,      244.2779,        5.0820,      256.9095,        0.1990,      900.6591,        0.2359,    69092.2380,        1.4829,        0.7465,        6.3183,       27.5508,  255.8126,0.233870,  4.8337E-06
       25.0000,       23.5000,      200.0000,        0.0000,       11.0000,       90.0000,        3.0000,     2024.0000,      314.4014,       16.7058,       19.6860,        0.3898,      938.5214,        0.4502,    96758.2385,        3.6436,       21.6619,       10.0223,       -9.9931,  318.6693,0.183585,  2.1901E-05
       -0.1300,       51.5100,       11.0000,        0.0000,        9.0000,       80.0000,        3.0000,     2024.0000,      270.7698,        7.5344,      109.3783,        0.9865,      770.1475,        0.6767,   101059.9742,        0.7473,       47.6998,      -27.1682,       84.3263,  270.7698,0.221904,  5.9929E-06
      -18.0000,       65.0000,       52.0000,        0.0000,       10.0000,      355.0000,       12.0000,     2024.0000,      252.2895,       19.4901,      159.2855,        0.9231,      111.2699,        0.9100,    89382.7732,        0.8996,       79.8215,       -8.4107,      -57.1499,  252.3836,0.236613,  1.2099E-05
     -112.0700,       33.4500,      331.0000,        0.0000,       13.0000,      200.0000,        7.0000,     2024.0000,      285.8440,        7.9556,      227.3690,        0.3161,     1223.1156,        0.0807,    94740.5932,        1.5051,       39.0508,      -18.9065,      -62.9806,  299.0411,0.199287,  7.0417E-06
     -122.0000,       37.5000,       25.0000,        0.0000,       12.0000,      172.0000,        6.0000,     2024.0000,      283.7021,        8.9106,      313.4827,        0.2629,     1144.7966,        0.2460,    95441.1192,        2.7431,       52.3229,      -25.2079,     -129.0003,  288.8142,0.207469,  1.1879E-05
      103.8200,        1.3500,       15.0000,       30.0000,       14.0000,      120.0000,        4.0000,     2024.0000,      320.7404,        5.5168,      215.2531,        0.8363,     1262.2271,        0.7982,    99467.6883,        1.9762,        8.8790,       15.8248,      -27.7712,  324.3974,0.179002,  6.2279E-06
       25.0000,       23.5000,      200.0000,        0.0000,       11.0000,       90.0000,        3.0000,     2024.0000,      298.8006,       21.1112,      113.5854,        0.4426,      776.2279,        0.4055,    99506.3366,        4.3301,       17.9807,       24.1411,      -75.0687,  301.5726,0.197262,  2.4019E-05
       -0.1300,       51.5100,       11.0000,        0.0000,        9.0000,       80.0000,        3.0000,     2024.0000,      294.9302,        0.8550,      343.3482,        0.9065,      977.9604,        0.1012,    87442.1023,        2.4733,       18.8291,       27.3528,       95.4760,  299.0425,0.199286,  2.5614E-06
      103.8200,        1.3500,       15.0000,       30.0000,       14.0000,      120.0000,        4.0000,     2024.0000,      307.9397,        4.3245,       57.4105,        0.6262,     1208.6488,        0.7165,   100475.6709,        1.5266,       22.7813,      -21.7568,     -115.4483,  312.3025,0.188678,  4.7157E-06
       55.3000,       25.2000,        5.0000,        0.0000,       10.0000,      280.0000,       10.0000,     2024.0000,      292.2486,        1.6582,      102.7781,        0.2884,      640.3691,        0.2059,    88538.2660,        4.3702,        9.4759,      -20.0354,      104.7603,  300.5856,0.198052,  3.7787E-06
     -112.0700,       33.4500,      331.0000,        0.0000,       13.0000,      200.0000,        7.0000,     2024.0000,      307.1818,        0.6201,      236.0826,        0.2977,     1129.2473,        0.3241,    97698.6331,        2.1183,       18.4216,      -18.8588,     -130.7762,  326.7757,0.177099,  2.2653E-06
     -112.0700,       33.4500,      331.0000,        0.0000,       13.0000,      200.0000,        7.0000,     2024.0000,      295.3328,        5.9478,      326.6291,        0.4144,      992.8452,        0.1222,    94725.6128,        2.0395,        6.2560,       -8.2666,     -119.1760,  311.2608,0.189511,  5.7993E-06
      103.8200,        1.3500,       15.0000,       30.0000,       14.0000,      120.0000,        4.0000,     2024.0000,      319.9987,        7.1632,      287.5223,        0.6715,      716.0036,        0.9302,    95430.0418,        2.1566,        3.9682,        9.9331,      -21.6399,  320.6661,0.181987,  9.3916E-06
       25.0000,       23.5000,      200.0000,        0.0000,       11.0000,       90.0000,        3.0000,     2024.0000,      301.5555,       16.0835,      113.5329,        0.1817,      192.4898,        0.7639,    90512.1881,        4.8313,       51.7371,      -15.9808,      -79.5385,  301.8629,0.197030,  2.1576E-05
       55.3000,       25.2000,        5.0000,        0.0000,       10.0000,      280.0000,       10.0000,     2024.0000,      313.1079,        4.6469,      255.4280,        0.4466,      798.1598,        0.3831,    93075.5598,        4.0806,       20.3459,      -23.3568,      -91.6338,  321.1265,0.181619,  6.7968E-06
       55.3000,       25.2000,        5.0000,        0.0000,       10.0000,      280.0000,       10.0000,     2024.0000,      300.0152,        3.0065,       66.6813,        0.5816,      661.2183,        0.4026,    95968.6119,        2.4234,       28.3014,       22.5213,     -101.9346,  307.6484,0.192401,  4.5457E-06
       55.3000,       25.2000,        5.0000,        0.0000,       10.0000,      280.0000,       10.0000,     2024.0000,      281.1957,        1.1431,      156.1293,        0.2253,      699.8298,        0.4105,    93322.5978,        3.9090,       39.5219,       28.2845,       69.1875,  285.1874,0.210370,  3.0274E-06
       25.0000,       23.5000,      200.0000,        0.0000,       11.0000,       90.0000,        3.0000,     2024.0000,      301.2847,       21.7356,       93.8336,        0.0046,      653.2055,        0.8295,    95550.4774,        2.8125,       56.7950,       30.4525,      -24.5359,  301.8163,0.197067,  2.6185E-05
      -18.0000,       65.0000,       52.0000,        0.0000,       10.0000,      355.0000,       12.0000,     2024.0000,      245.1671,       15.1759,      197.1141,        0.7555,      605.3899,        0.6910,    94892.2138,        2.3485,       62.5220,       25.4973,       -8.9036,  246.5044,0.241316,  1.6153E-05
      151.2100,      -33.8700,       39.0000,        0.0000,       12.0000,      172.0000,        6.0000,     2024.0000,      281.5480,        9.6992,       26.5034,        0.6120,      863.6394,        0.1023,    96473.4011,        3.0133,       83.0748,      -28.0457,      -47.3001,  281.5480,0.213282,  9.7131E-06
      -68.0000,      -16.5000,     3600.0000,        0.0000,       12.0000,      172.0000,        6.0000,     2024.0000,      256.7864,        6.5093,      327.1198,        0.0962,     1270.3348,        0.1241,    73627.3731,        1.0552,       30.8726,       19.7168,        0.4716,  264.2593,0.227113,  4.9754E-06
      151.2100,      -33.8700,       39.0000,        0.0000,       12.0000,      172.0000,        6.0000,     2024.0000,      266.1273,        9.8766,       80.0215,        0.7439,     1020.9410,        0.3274,    93799.1355,        0.5641,       70.5327,       19.8882,      -20.9819,  266.1273,0.225618,  5.3554E-06
     -122.0000,       37.5000,       25.0000,        0.0000,       12.0000,      172.0000,        6.0000,     2024.0000,      312.5667,        4.4284,      335.7477,        0.4095,     1247.8957,        0.0974,    91681.9556,        3.2317,       43.6850,        7.2442,      -84.5568,  329.7422,0.174726,  6.8708E-06
      -68.0000,      -16.5000,     3600.0000,        0.0000,       12.0000,      172.0000,        6.0000,     2024.0000,      303.5938,       14.2133,      333.6849,        0.0597,      920.5699,        0.1932,    65627.0129,        1.1118,       49.8330,      -14.4502,      -67.1677,  306.7154,0.193148,  1.1260E-05
     -122.0000,       37.5000,       25.0000,        0.0000,       12.0000,      172.0000,        6.0000,     2024.0000,      322.7460,        1.3482,      297.4028,        0.1236,      875.8243,        0.2943,    96246.7363,        2.5455,       28.6366,       13.8938,     -107.5491,  337.8599,0.168232,  2.7359E-06
      -18.0000,       65.0000,       52.0000,        0.0000,       10.0000,      355.0000,       12.0000,     2024.0000,      233.7608,       14.4349,      247.2338,        0.7634,       66.7718,        0.7623,    92808.7046,        1.7219,       63.0208,       20.2803,      112.1966,  233.7608,0.251511,  1.1208E-05
     -112.0700,       33.4500,      331.0000,        0.0000,       13.0000,      200.0000,        7.0000,     2024.0000,      310.7357,        5.9924,      214.1194,        0.0820,     1084.6292,        0.1980,    94768.1324,        2.2308,       29.9343,       19.6115,       54.9078,  326.7661,0.177107,  8.3210E-06
      103.8200,        1.3500,       15.0000,       30.0000,       14.0000,      120.0000,        4.0000,     2024.0000,      316.9307,        5.8034,       69.4046,        0.6352,      873.9734,        0.8006,    93750.2603,        1.2794,       26.3752,      -26.4975,      -82.7659,  318.4668,0.183747,  5.1939E-06
     -112.0700,       33.4500,      331.0000,        0.0000,       13.0000,      200.0000,        7.0000,     2024.0000,      293.9823,        5.9353,      303.4410,        0.4430,     1195.6962,        0.3694,    96049.1918,        2.9240,       15.5582,        4.2588,       38.0669,  307.5362,0.192491,  7.0164E-06
      -68.0000,      -16.5000,     3600.0000,        0.0000,       12.0000,      172.0000,        6.0000,     2024.0000,      245.6394,        8.8280,      150.0960,        0.3389,     1346.0456,        0.1625,    74104.9534,        1.0859,       17.7697,       -4.1745,       82.6081,  260.2591,0.230313,  6.2380E-06
     -112.0700,       33.4500,      331.0000,        0.0000,       13.0000,      200.0000,        7.0000,     2024.0000,      298.9305,        0.8610,      331.2906,        0.2021,     1275.1639,        0.0806,    95373.0947,        1.8742,        4.7582,       29.6805,      -74.3487,  330.6572,0.173994,  2.2727E-06
      -18.0000,       65.0000,       52.0000,        0.0000,       10.0000,      355.0000,       12.0000,     2024.0000,      236.0141,       12.4967,      234.7728,        0.7021,      290.2964,        0.6435,    85574.3239,        0.8407,       87.8778,        6.9708,       30.6358,  236.8556,0.249036,  6.0454E-06
       55.3000,       25.2000,        5.0000,        0.0000,       10.0000,      280.0000,       10.0000,     2024.0000,      290.1651,       11.1871,      213.6966,        0.6296,      920.7046,        0.3839,    95409.0341,        3.8909,        7.1209,        4.2336,      -19.0847,  295.4469,0.202162,  1.3084E-05
      -68.0000,      -16.5000,     3600.0000,        0.0000,       12.0000,      172.0000,        6.0000,     2024.0000,      262.3126,        3.9268,      291.2082,        0.4136,     1047.3400,        0.1677,    74266.7946,        2.1431,       34.4267,      -29.7381,     -115.8201,  276.0521,0.217678,  4.7495E-06
     -122.0000,       37.5000,       25.0000,        0.0000,       12.0000,      172.0000,        6.0000,     2024.0000,      311.9542,        3.3155,      315.7900,        0.2635,      780.5016,        0.0949,   100365.1305,        1.9671,       52.0267,      -12.8193,      110.5449,  321.5075,0.181314,  4.6570E-06
      103.8200,        1.3500,       15.0000,       30.0000,       14.0000,      120.0000,        4.0000,     2024.0000,      283.0331,        0.4783,      226.0270,        0.9684,      926.2848,        0.7506,    97112.9185,        1.7952,       14.6133,      -30.4266,      113.8703,  289.1332,0.207213,  1.7543E-06
      -68.0000,      -16.5000,     3600.0000,        0.0000,       12.0000,      172.0000,        6.0000,     2024.0000,      275.6201,       12.5387,      325.6066,        0.0366,     1211.3390,        0.1463,    76722.6136,        2.2773,        8.6710,      -25.4005,       71.6841,  283.5459,0.211683,  1.3577E-05
      -68.0000,      -16.5000,     3600.0000,        0.0000,       12.0000,      172.0000,        6.0000,     2024.0000,      280.3968,        2.8504,      162.9279,        0.1731,     1178.9521,        0.2935,    67839.5109,        1.1766,       48.2994,       11.3543,      -20.4698,  281.8127,0.213070,  3.6703E-06
       25.0000,       23.5000,      200.0000,        0.0000,       11.0000,       90.0000,        3.0000,     2024.0000,      315.2644,       19.7628,       44.2879,        0.3420,      924.2213,        0.7457,    93107.6663,        2.5406,       10.0506,       -6.5684,       41.6131,  316.9102,0.184992,  2.7140E-05
       55.3000,       25.2000,        5.0000,        0.0000,       10.0000,      280.0000,       10.0000,     2024.0000,      307.9428,        4.4667,       71.5466,        0.6976,     1330.6430,        0.2694,    89959.0910,        2.2543,        1.7360,       17.1741,       38.8449,  323.3761,0.179819,  5.7579E-06
      151.2100,      -33.8700,       39.0000,        0.0000,       12.0000,      172.0000,        6.0000,     2024.0000,      298.1360,        8.2316,       92.0297,        0.5544,      939.2792,        0.0127,    92642.2928,        2.9171,       25.3712,      -13.2273,      -97.0369,  305.2329,0.194334,  1.0469E-05
     -112.0700,       33.4500,      331.0000,        0.0000,       13.0000,      200.0000,        7.0000,     2024.0000,      304.8705,        4.8228,      246.2656,        0.2038,     1308.3819,        0.2907,    90147.6675,        1.0405,       44.9928,        4.4462,     -112.6563,  315.8753,0.185820,  5.5925E-06
      -68.0000,      -16.5000,     3600.0000,        0.0000,       12.0000,      172.0000,        6.0000,     2024.0000,      279.4141,        3.1292,      197.9433,        0.3566,     1065.8054,        0.0705,    66616.6964,        3.4299,       14.4104,       13.7576,       53.6087,  294.1136,0.203229,  4.6893E-06
      103.8200,        1.3500,       15.0000,       30.0000,       14.0000,      120.0000,        4.0000,     2024.0000,      272.3682,        6.0687,       74.6105,        0.7012,      760.4730,        0.8197,    92718.8734,        1.6915,       27.9920,      -11.9242,      -77.2061,  273.4337,0.219773,  5.9672E-06
      103.8200,        1.3500,       15.0000,       30.0000,       14.0000,      120.0000,        4.0000,     2024.0000,      305.2893,        0.7958,      131.8223,        0.7513,      774.5569,        0.7876,    90408.6539,        2.1465,       19.2287,       -6.9859,        0.4500,  308.7927,0.191486,  2.5903E-06
       25.0000,       23.5000,      200.0000,        0.0000,       11.0000,       90.0000,        3.0000,     2024.0000,      308.5885,       16.0912,       71.1294,        0.4236,      496.8013,        0.5082,    99833.1905,        2.4375,       15.9517,       -7.0702,       78.9765,  310.4732,0.190141,  1.2710E-05
       25.0000,       23.5000,      200.0000,        0.0000,       11.0000,       90.0000,        3.0000,     2024.0000,      279.3001,       18.8953,       13.4205,        0.0679,      175.1851,        0.9291,    93718.6506,        4.5568,       25.2438,       -1.5439,      104.4102,  279.3622,0.215030,  1.8851E-05
       25.0000,       23.5000,      200.0000,        0.0000,       11.0000,       90.0000,        3.0000,     2024.0000,      292.7573,       22.1016,       56.8297,        0.0083,      668.9787,        0.8698,    94452.7456,        4.3196,       16.6092,       23.8849,        2.3780,  293.2516,0.203919,  2.5215E-05
       25.0000,       23.5000,      200.0000,        0.0000,       11.0000,       90.0000,        3.0000,     2024.0000,      296.1122,       20.4361,      169.0461,        0.1921,      698.4227,        0.8838,    92416.6110,        2.6114,       26.8794,      -11.3843,      -64.3517,  296.6775,0.201178,  2.0691E-05
      103.8200,        1.3500,       15.0000,       30.0000,       14.0000,      120.0000,        4.0000,     2024.0000,      310.4283,        4.5554,      177.9876,        0.7403,     1197.3440,        0.7754,    89638.8518,        2.4855,       38.7083,      -15.0095,      -25.4355,  312.1944,0.188764,  6.2782E-06
       -0.1300,       51.5100,       11.0000,        0.0000,        9.0000,       80.0000,        3.0000,     2024.0000,      310.6735,       12.3124,      336.1203,        0.7348,      498.3532,        0.1396,    91555.4984,        2.3403,       14.5803,       -2.4448,       36.1003,  312.8953,0.188204,  1.1982E-05
       55.3000,       25.2000,        5.0000,        0.0000,       10.0000,      280.0000,       10.0000,     2024.0000,      293.3121,        0.7567,      224.3389,        0.1801,      951.3641,        0.4150,    98173.8836,        1.6316,       41.4103,      -15.1481,       53.5441,  301.7433,0.197125,  1.3212E-06
       25.0000,       23.5000,      200.0000,        0.0000,       11.0000,       90.0000,        3.0000,     2024.0000,      319.6138,       14.9422,       46.0648,        0.1567,      455.9702,        0.4594,    93574.1977,        3.8156,       10.3699,       31.7182,       17.2930,  321.4753,0.181340,  2.0218E-05
      151.2100,      -33.8700,       39.0000,        0.0000,       12.0000,      172.0000,        6.0000,     2024.0000,      275.5585,        9.2291,      160.0361,        0.7570,      543.5661,        0.3146,    94814.2813,        2.3238,       47.4182,       19.5182,       21.3509,  275.5585,0.218073,  1.0279E-05
     -112.0700,       33.4500,      331.0000,        0.0000,       13.0000,      200.0000,        7.0000,     2024.0000,      294.1882,        4.5180,      282.7013,        0.2326,     1040.7834,        0.2394,    99643.6513,        2.9732,       45.9797,       24.4900,       83.6555,  306.8548,0.193036,  6.8208E-06
       -0.1300,       51.5100,       11.0000,        0.0000,        9.0000,       80.0000,        3.0000,     2024.0000,      268.4887,        9.9076,      217.1426,        0.9807,      451.6527,        0.7304,    91317.4382,        2.6320,       46.5793,       11.0621,       63.6814,  268.5163,0.223707,  1.1614E-05
     -112.0700,       33.4500,      331.0000,        0.0000,       13.0000,      200.0000,        7.0000,     2024.0000,      322.2787,        6.8253,      217.9018,        0.4506,     1085.1851,        0.0152,    98023.2315,        1.9974,        9.6786,        8.2525,     -106.9239,  340.7100,0.165952,  8.8256E-06
      151.2100,      -33.8700,       39.0000,        0.0000,       12.0000,      172.0000,        6.0000,     2024.0000,      314.7002,        4.2459,      108.4666,        0.8073,     1334.7962,        0.4178,    97202.2521,        0.7059,       51.8477,      -29.5782,      -76.7603,  318.1994,0.183961,  2.9674E-06
      103.8200,        1.3500,       15.0000,       30.0000,       14.0000,      120.0000,        4.0000,     2024.0000,      319.1044,        7.4664,       65.3320,        0.9978,      847.2456,        0.6256,    88220.2778,        2.5101,       32.0877,       31.4064,      112.8679,  323.6344,0.179613,  1.0921E-05
     -112.0700,       33.4500,      331.0000,        0.0000,       13.0000,      200.0000,        7.0000,     2024.0000,      306.0678,        8.2233,      210.1760,        0.4953,     1021.3898,        0.0557,    85847.4539,        3.8609,       22.3896,        3.8425,      107.1247,  319.6940,0.182765,  9.0159E-06
      -18.0000,       65.0000,       52.0000,        0.0000,       10.0000,      355.0000,       12.0000,     2024.0000,      250.5020,        5.4551,       94.9702,        0.8547,      324.9700,        0.5818,    96449.9172,        2.5124,       85.3543,       -2.6687,      -73.0895,  252.2498,0.236720,  5.3259E-06
      103.8200,        1.3500,       15.0000,       30.0000,       14.0000,      120.0000,        4.0000,     2024.0000,      307.6851,        9.3092,      131.5993,        0.7330,     1286.4531,        0.7824,    89278.2643,        2.1888,       29.9736,       19.4562,       -2.7582,  309.8538,0.190637,  7.6774E-06
     -122.0000,       37.5000,       25.0000,        0.0000,       12.0000,      172.0000,        6.0000,     2024.0000,      301.8858,        5.2662,      151.0901,        0.4157,      984.9431,        0.2126,    97282.8399,        1.3291,       50.8264,       -1.6290,      108.4625,  312.1562,0.188795,  5.9845E-06
      -18.0000,       65.0000,       52.0000,        0.0000,       10.0000,      355.0000,       12.0000,     2024.0000,      262.5015,       12.5211,       66.1601,        0.9568,       15.1821,        0.7212,    92935.8200,        0.9167,       52.8272,      -28.1040,       77.0682,  262.5015,0.228519,  8.5147E-06
      103.8200,        1.3500,       15.0000,       30.0000,       14.0000,      120.0000,        4.0000,     2024.0000,      276.3498,        9.8294,      299.4118,        0.9257,      529.2330,        0.9484,    93148.5726,        2.1167,        9.4403,        7.6351,      106.1245,  276.6859,0.217171,  9.2440E-06
       55.3000,       25.2000,        5.0000,        0.0000,       10.0000,      280.0000,       10.0000,     2024.0000,      299.3397,        5.3309,      169.5797,        0.7946,     1159.3543,        0.4130,   100049.4657,        3.9110,       50.8104,       11.3681,       91.6868,  300.1728,0.198382,  5.9616E-06
      -68.0000,      -16.5000,     3600.0000,        0.0000,       12.0000,      172.0000,        6.0000,     2024.0000,      276.7995,       11.7471,      255.9566,        0.2680,     1243.4190,        0.3705,    76008.6961,        2.9245,       25.5754,      -22.5937,       98.8225,  282.6733,0.212381,  1.4321E-05
       55.3000,       25.2000,        5.0000,        0.0000,       10.0000,      280.0000,       10.0000,     2024.0000,      275.2038,        6.3027,       64.4126,        0.7018,      655.1664,        0.0106,    86766.7723,        2.6253,       32.3121,      -19.1891,      -75.3430,  285.2463,0.210323,  5.6665E-06
      -18.0000,       65.0000,       52.0000,        0.0000,       10.0000,      355.0000,       12.0000,     2024.0000,      235.3938,       15.1570,      244.4165,        0.9249,      248.9581,        0.7747,    95108.3695,        1.1781,       76.5684,       28.1386,      -33.1164,  235.9824,0.249734,  1.0823E-05
       25.0000,       23.5000,      200.0000,        0.0000,       11.0000,       90.0000,        3.0000,     2024.0000,      279.5233,       17.2810,       81.2127,        0.3968,      806.7900,        0.3771,    86965.4188,        4.3982,        2.3876,       11.7092,      107.2181,  283.0363,0.212091,  1.8585E-05
     -112.0700,       33.4500,      331.0000,        0.0000,       13.0000,      200.0000,        7.0000,     2024.0000,      306.5754,        4.3906,      357.1991,        0.3223,     1296.2393,        0.2874,    85587.1073,        3.8952,       29.3552,       30.2074,      -12.1508,  321.8793,0.181017,  7.3323E-06
       25.0000,       23.5000,      200.0000,        0.0000,       11.0000,       90.0000,        3.0000,     2024.0000,      279.4213,       19.3822,      129.9799,        0.2121,      281.0262,        0.8025,    95958.5888,        4.6933,       57.0857,       32.7161,      113.4963,  279.4836,0.214933,  2.3513E-05
      -18.0000,       65.0000,       52.0000,        0.0000,       10.0000,      355.0000,       12.0000,     2024.0000,      250.7281,       13.8590,       16.6712,        0.5654,      570.8079,        0.2500,    90462.7215,        2.2277,       89.2419,        9.3447,       59.5897,  250.9670,0.237746,  1.1694E-05
       -0.1300,       51.5100,       11.0000,        0.0000,        9.0000,       80.0000,        3.0000,     2024.0000,      308.9382,        0.0293,      247.0843,        0.8742,      410.2144,        0.1422,    96850.1937,        2.4537,        9.7553,       15.9365,       -7.2496,  315.3690,0.186225,  1.4561E-06
      -68.0000,      -16.5000,     3600.0000,        0.0000,       12.0000,      172.0000,        6.0000,     2024.0000,      268.4280,       11.0909,      192.1501,        0.4468,     1174.5341,        0.2128,    63145.9810,        1.9407,       21.5388,      -10.0779,     -123.8183,  278.9141,0.215389,  1.0517E-05
     -112.0700,       33.4500,      331.0000,        0.0000,       13.0000,      200.0000,        7.0000,     2024.0000,      320.7550,        6.7028,      215.1132,        0.3547,      967.8848,        0.1991,    93920.5432,        1.0417,       27.1222,      -19.2260,       66.9937,  337.5043,0.168517,  6.1113E-06
       -0.1300,       51.5100,       11.0000,        0.0000,        9.0000,       80.0000,        3.0000,     2024.0000,      254.2712,        4.7030,      299.2088,        0.3504,      942.3054,        0.0778,    98415.0117,        2.7308,        3.5502,      -12.5466,      -98.7534,  262.0778,0.228858,  6.1777E-06
      -68.0000,      -16.5000,     3600.0000,        0.0000,       12.0000,      172.0000,        6.0000,     2024.0000,      281.9267,       15.9727,      322.9066,        0.0305,      946.5711,        0.1396,    64218.7567,        2.4548,       50.4613,       -5.8019,       43.9121,  282.9043,0.212197,  1.0657E-05
      103.8200,        1.3500,       15.0000,       30.0000,       14.0000,      120.0000,        4.0000,     2024.0000,      317.3043,        1.6093,      265.5266,        0.6374,      741.4548,        0.7999,    99644.4131,        1.5337,       23.8750,       17.5975,       -7.9680,  319.9275,0.182578,  1.7808E-06
      103.8200,        1.3500,       15.0000,       30.0000,       14.0000,      120.0000,        4.0000,     2024.0000,      294.3553,        6.3845,      246.3880,        0.6367,     1121.8398,        0.6696,    99414.6436,        0.8494,       32.7970,      -22.9252,       30.1784,  300.0261,0.198499,  4.2648E-06
       -0.1300,       51.5100,       11.0000,        0.0000,        9.0000,       80.0000,        3.0000,     2024.0000,      274.0203,        3.9297,      312.5120,        0.6091,      626.4368,        0.2299,    98968.0817,        1.1182,       52.1058,      -10.3620,      -39.9154,  286.0989,0.209641,  3.7151E-06
      151.2100,      -33.8700,       39.0000,        0.0000,       12.0000,      172.0000,        6.0000,     2024.0000,      265.3056,       12.5075,       95.9070,        0.7257,      753.1491,        0.4202,    95947.2837,        1.3360,       34.9765,       11.4799,     -110.0333,  268.9909,0.223327,  1.0481E-05
      -68.0000,      -16.5000,     3600.0000,        0.0000,       12.0000,      172.0000,        6.0000,     2024.0000,      248.7145,       11.9344,      299.4045,        0.1502,      909.6854,        0.1395,    74607.8622,        1.0424,       38.0664,       29.1048,       10.6596,  250.9718,0.237743,  7.9706E-06
     -122.0000,       37.5000,       25.0000,        0.0000,       12.0000,      172.0000,        6.0000,     2024.0000,      312.1777,        0.2151,      305.4908,        0.1585,     1325.9560,        0.2867,    98348.6116,        0.6594,       35.1338,       25.2631,      -44.0294,  341.4141,0.165389,  1.0786E-06
      151.2100,      -33.8700,       39.0000,        0.0000,       12.0000,      172.0000,        6.0000,     2024.0000,      285.0661,        7.3027,      108.4415,        0.4090,      880.5693,        0.1296,   100495.7624,        2.7188,       28.2297,        5.1786,       57.6202,  288.2492,0.207921,  8.5436E-06
      151.2100,      -33.8700,       39.0000,        0.0000,       12.0000,      172.0000,        6.0000,     2024.0000,      265.2046,        5.1785,      153.2855,        0.3859,      757.3138,        0.4371,    89450.4151,        2.5846,       69.5926,      -30.6477,      -26.9912,  265.2046,0.226356,  5.9999E-06
      151.2100,      -33.8700,       39.0000,        0.0000,       12.0000,      172.0000,        6.0000,     2024.0000,      314.9491,        4.1208,       78.2375,        0.6920,      461.4106,        0.1508,    90102.9469,        1.2260,       72.1775,      -13.1358,       27.8427,  314.9491,0.186561,  4.5416E-06
     -122.0000,       37.5000,       25.0000,        0.0000,       12.0000,      172.0000,        6.0000,     2024.0000,      317.1998,        4.5905,      211.5285,        0.6686,      891.4229,        0.1172,    97556.1141,        1.0675,       15.5371,        3.9910,       77.5341,  337.1589,0.168793,  5.0438E-06
     -122.0000,       37.5000,       25.0000,        0.0000,       12.0000,      172.0000,        6.0000,     2024.0000,      277.6147,        6.4936,      330.7999,        0.2044,      778.1854,        0.0949,    86806.5437,        1.0493,       46.9659,        8.1653,      -63.4163,  289.1815,0.207175,  5.3938E-06
      -68.0000,      -16.5000,     3600.0000,        0.0000,       12.0000,      172.0000,        6.0000,     2024.0000,      272.9731,       13.1687,      214.6303,        0.3442,     1008.5198,        0.3055,    75880.9077,        3.1439,       31.6279,        1.0377,        0.9561,  275.1877,0.218370,  1.4522E-05
      151.2100,      -33.8700,       39.0000,        0.0000,       12.0000,      172.0000,        6.0000,     2024.0000,      276.5589,        4.3632,       90.8926,        0.7852,     1220.2605,        0.1858,   100765.5529,        1.1626,       31.4191,       21.4733,      -50.4456,  280.8137,0.213869,  4.5739E-06
       -0.1300,       51.5100,       11.0000,        0.0000,        9.0000,       80.0000,        3.0000,     2024.0000,      278.8668,        7.3808,      188.7206,        0.4870,      512.3230,        0.4186,    99605.4750,        2.8055,       13.9104,       14.1839,      -57.7066,  281.7111,0.213151,  7.9383E-06
     -122.0000,       37.5000,       25.0000,        0.0000,       12.0000,      172.0000,        6.0000,     2024.0000,      304.3326,        3.7600,      173.2574,        0.5459,      762.8444,        0.0546,   100592.2415,        0.9710,       58.2601,       -5.3395,     -128.8606,  312.0315,0.188895,  3.4066E-06
      103.8200,        1.3500,       15.0000,       30.0000,       14.0000,      120.0000,        4.0000,     2024.0000,      319.8942,        9.9200,      106.6483,        0.7023,     1064.0090,        0.6671,    89595.5600,        2.2784,       29.9613,       -6.3291,     -111.6009,  322.1432,0.180805,  1.2519E-05
      -68.0000,      -16.5000,     3600.0000,        0.0000,       12.0000,      172.0000,        6.0000,     2024.0000,      252.3114,        9.1499,      262.8872,        0.1579,     1163.0968,        0.1505,    65450.7107,        0.9215,       21.8578,       29.6243,      -72.1568,  262.6222,0.228422,  6.5987E-06
       -0.1300,       51.5100,       11.0000,        0.0000,        9.0000,       80.0000,        3.0000,     2024.0000,      313.5862,        8.5799,      319.0762,        0.4207,      488.9662,        0.5898,   100731.5095,        1.4957,       10.5874,       28.4977,      -86.8461,  315.4162,0.186187,  7.3303E-06
       -0.1300,       51.5100,       11.0000,        0.0000,        9.0000,       80.0000,        3.0000,     2024.0000,      256.9414,       13.1732,      197.5328,        0.7825,      513.7034,        0.1904,    99183.4038,        1.3611,       46.9065,       -2.8873,       22.2855,  259.6054,0.230836,  9.1794E-06
      -68.0000,      -16.5000,     3600.0000,        0.0000,       12.0000,      172.0000,        6.0000,     2024.0000,      262.4340,        1.4899,      233.3736,        0.3072,     1172.8727,        0.0682,    60833.2797,        1.3530,       27.9511,       -7.8269,      119.2264,  290.3542,0.206237,  1.7720E-06
      151.2100,      -33.8700,       39.0000,        0.0000,       12.0000,      172.0000,        6.0000,     2024.0000,      259.7800,       10.9716,        6.5640,        0.8944,     1227.5331,        0.1934,    99940.6137,        2.7935,       64.9270,      -22.2984,      -42.4930,  259.7800,0.230696,  1.2733E-05
      -18.0000,       65.0000,       52.0000,        0.0000,       10.0000,      355.0000,       12.0000,     2024.0000,      245.8988,       20.4846,      108.4263,        0.6542,      377.4265,        0.4402,   100539.3709,        1.7611,       69.6874,      -16.9522,      -19.1629,  247.4597,0.240552,  1.3359E-05
     -122.0000,       37.5000,       25.0000,        0.0000,       12.0000,      172.0000,        6.0000,     2024.0000,      302.3477,       10.2074,      155.5457,        0.1192,     1246.3052,        0.0185,    96145.8634,        1.4820,        9.3335,       31.4445,      -89.7011,  318.9747,0.183340,  7.6732E-06
      -68.0000,      -16.5000,     3600.0000,        0.0000,       12.0000,      172.0000,        6.0000,     2024.0000,      277.0874,       11.6980,      171.3723,        0.2967,      941.4859,        0.1043,    71080.8296,        2.1641,       16.8782,       25.4780,      -79.3854,  283.7961,0.211483,  1.1322E-05
       55.3000,       25.2000,        5.0000,        0.0000,       10.0000,      280.0000,       10.0000,     2024.0000,      322.4400,        8.5443,      250.4066,        0.3890,      835.5780,        0.0558,    98292.6397,        2.2778,        5.2035,      -19.9527,      -88.5209,  331.7493,0.173121,  1.3921E-05
       -0.1300,       51.5100,       11.0000,        0.0000,        9.0000,       80.0000,        3.0000,     2024.0000,      303.2421,        9.8522,      328.1238,        0.9040,      916.4927,        0.5582,   100961.0797,        0.8633,       17.1408,      -28.3107,      -90.3717,  307.5246,0.192500,  6.7935E-06
       -0.1300,       51.5100,       11.0000,        0.0000,        9.0000,       80.0000,        3.0000,     2024.0000,      282.5586,        4.2718,      318.3650,        0.8545,     1040.7394,        0.2691,    91289.7449,        1.0206,       44.8679,       13.7869,      -16.5753,  298.7379,0.199530,  4.1621E-06
      103.8200,        1.3500,       15.0000,       30.0000,       14.0000,      120.0000,        4.0000,     2024.0000,      303.6992,        4.4687,      106.0383,        0.9459,      792.8382,        0.9643,    97900.7658,        1.5368,       38.6578,       -3.0741,       70.1713,  304.3248,0.195060,  4.9188E-06
       55.3000,       25.2000,        5.0000,        0.0000,       10.0000,      280.0000,       10.0000,     2024.0000,      275.4096,        6.9072,      211.7275,        0.5088,     1002.5190,        0.2572,    92904.3037,        2.7326,       20.0630,       29.2965,      -89.1592,  284.5011,0.210919,  8.0027E-06
      103.8200,        1.3500,       15.0000,       30.0000,       14.0000,      120.0000,        4.0000,     2024.0000,      301.5150,        7.9062,      288.8172,        0.8547,     1155.3101,        0.7827,    96905.7170,        2.0434,       29.4619,        3.1098,      114.4354,  305.7842,0.193893,  9.5274E-06
     -122.0000,       37.5000,       25.0000,        0.0000,       12.0000,      172.0000,        6.0000,     2024.0000,      308.3890,        2.1333,      232.0656,        0.0203,     1166.0299,        0.1505,    88990.4254,        1.0825,       30.8434,      -25.3880,      -16.1502,  335.6549,0.169996,  2.5785E-06
     -122.0000,       37.5000,       25.0000,        0.0000,       12.0000,      172.0000,        6.0000,     2024.0000,      294.4540,        3.7663,      322.5891,        0.5603,     1149.0920,        0.4491,    86731.6356,        2.5511,       41.7626,        2.1813,     -114.8786,  303.9841,0.195333,  5.1911E-06
     -112.0700,       33.4500,      331.0000,        0.0000,       13.0000,      200.0000,        7.0000,     2024.0000,      284.3866,        4.0495,      265.0843,        0.2487,      898.0844,        0.0813,    97015.0375,        1.9643,       54.0589,       -7.0669,       -1.3751,  298.3375,0.199850,  4.5367E-06
     -112.0700,       33.4500,      331.0000,        0.0000,       13.0000,      200.0000,        7.0000,     2024.0000,      290.4637,       10.5829,      217.3868,        0.1075,     1187.3607,        0.3106,    98463.5451,        3.8503,       43.8849,      -25.5432,       92.6497,  298.0976,0.200042,  9.5186E-06
     -122.0000,       37.5000,       25.0000,        0.0000,       12.0000,      172.0000,        6.0000,     2024.0000,      285.5839,        6.0550,      255.9217,        0.5073,     1313.5137,        0.4106,    87164.4038,        1.9587,        6.8240,      -27.4526,       31.6395,  299.2272,0.199138,  6.6689E-06
      151.2100,      -33.8700,       39.0000,        0.0000,       12.0000,      172.0000,        6.0000,     2024.0000,      263.1517,        9.6026,       38.0758,        0.3901,     1345.9826,        0.0503,    92230.2833,        0.5160,       75.9908,       20.6544,       -4.4029,  263.1517,0.227999,  5.5525E-06
     -112.0700,       33.4500,      331.0000,        0.0000,       13.0000,      200.0000,        7.0000,     2024.0000,      285.1061,        3.2488,      246.8680,        0.4156,     1102.6261,        0.2402,   101003.1387,        2.8595,       26.5052,      -27.4316,      -59.0957,  299.0908,0.199247,  4.5123E-06
      -18.0000,       65.0000,       52.0000,        0.0000,       10.0000,      355.0000,       12.0000,     2024.0000,      247.1604,       20.2917,       17.3318,        0.7598,      332.5916,        0.7244,    93287.2886,        2.3708,       76.6276,        9.0803,       99.6196,  247.1604,0.240792,  1.8949E-05
       -0.1300,       51.5100,       11.0000,        0.0000,        9.0000,       80.0000,        3.0000,     2024.0000,      276.9233,        5.1302,      212.1589,        0.6393,      577.3349,        0.2023,   100915.5910,        2.3594,       53.4311,       16.6631,      -25.8209,  285.0413,0.210487,  6.3567E-06
      151.2100,      -33.8700,       39.0000,        0.0000,       12.0000,      172.0000,        6.0000,     2024.0000,      318.8476,        0.8625,      106.2604,        0.3384,      531.2386,        0.0977,   101212.2770,        0.6371,       48.5517,       28.0174,       28.9787,  318.8476,0.183442,  1.8912E-06
      103.8200,        1.3500,       15.0000,       30.0000,       14.0000,      120.0000,        4.0000,     2024.0000,      281.0835,        8.5517,       71.6804,        0.8920,     1234.1649,        0.7754,    87912.5271,        0.7179,       38.4416,       26.0102,      -19.2329,  282.8955,0.212204,  4.4464E-06
      151.2100,      -33.8700,       39.0000,        0.0000,       12.0000,      172.0000,        6.0000,     2024.0000,      269.4357,        2.4122,      132.7053,        0.7282,     1233.8953,        0.4524,    88726.8665,        1.7683,       56.2994,       18.3334,     -115.2241,  280.0588,0.214473,  3.1856E-06
       25.0000,       23.5000,      200.0000,        0.0000,       11.0000,       90.0000,        3.0000,     2024.0000,      283.2043,       19.2926,      129.0792,        0.1081,      574.7692,        0.9826,    87259.2576,        4.1813,       56.4839,       24.9353,       39.9329,  283.2419,0.211927,  2.3777E-05
       25.0000,       23.5000,      200.0000,        0.0000,       11.0000,       90.0000,        3.0000,     2024.0000,      321.0675,       24.2499,      173.8619,        0.2371,       71.0744,        0.6856,   100766.0974,        3.1848,       23.5666,       18.4295,       73.5338,  321.1675,0.181586,  2.3935E-05
       25.0000,       23.5000,      200.0000,        0.0000,       11.0000,       90.0000,        3.0000,     2024.0000,      307.1891,       19.3866,      163.7257,        0.0208,      151.2200,        0.9015,    85519.0518,        3.9139,       58.2789,        1.4879,       -2.6544,  307.2735,0.192701,  2.6295E-05
      -68.0000,      -16.5000,     3600.0000,        0.0000,       12.0000,      172.0000,        6.0000,     2024.0000,      282.9811,       14.1397,      334.1059,        0.5357,     1077.7285,        0.3913,    73553.6631,        2.8175,       20.5977,      -20.6689,       45.4557,  286.2573,0.209514,  1.2601E-05
     -112.0700,       33.4500,      331.0000,        0.0000,       13.0000,      200.0000,        7.0000,     2024.0000,      319.9584,        9.4424,      237.4996,        0.2241,     1237.1477,        0.3122,    93237.9893,        2.4042,       31.3392,       20.2522,       81.8701,  331.2021,0.173558,  1.1188E-05
       25.0000,       23.5000,      200.0000,        0.0000,       11.0000,       90.0000,        3.0000,     2024.0000,      312.3984,       23.4861,       67.5590,        0.4071,      816.9741,        0.7578,    87622.3654,        3.2514,       51.5301,       23.7238,        4.2037,  313.3098,0.187872,  2.4081E-05
      -68.0000,      -16.5000,     3600.0000,        0.0000,       12.0000,      172.0000,        6.0000,     2024.0000,      263.6430,        3.3634,      347.8524,        0.5027,      975.1093,        0.0483,    74291.4892,        1.7070,       21.1277,       16.0650,      -70.7595,  278.1692,0.215985,  2.9344E-06
      151.2100,      -33.8700,       39.0000,        0.0000,       12.0000,      172.0000,        6.0000,     2024.0000,      274.7830,        3.1113,       77.6372,        0.6481,     1101.4005,        0.5412,    98426.7603,        2.2655,       25.1424,       15.9101,      -32.0026,  277.0030,0.216918,  4.3794E-06
      103.8200,        1.3500,       15.0000,       30.0000,       14.0000,      120.0000,        4.0000,     2024.0000,      284.8597,        8.3390,      240.7449,        0.9395,      941.9180,        0.6718,   100253.0155,        2.2109,       36.4670,       24.6771,      -42.8203,  286.1184,0.209625,  8.3410E-06
      -68.0000,      -16.5000,     3600.0000,        0.0000,       12.0000,      172.0000,        6.0000,     2024.0000,      258.1033,        0.9487,      204.7234,        0.4830,     1345.6943,        0.0732,    72393.6847,        1.6500,       37.8633,      -24.7611,      -88.4294,  279.5596,0.214872,  2.0543E-06
      -18.0000,       65.0000,       52.0000,        0.0000,       10.0000,      355.0000,       12.0000,     2024.0000,      234.9308,       13.8598,      220.4917,        0.6869,      295.8959,        0.4624,    97471.1769,        1.5606,       74.5213,        5.9292,       83.8989,  234.9308,0.250575,  7.0236E-06
     -122.0000,       37.5000,       25.0000,        0.0000,       12.0000,      172.0000,        6.0000,     2024.0000,      288.6139,        8.4696,      252.8782,        0.0778,     1054.7938,        0.2929,    95884.8813,        3.1247,       59.6818,        1.1919,      -94.3855,  293.6672,0.203586,  8.6751E-06
      -68.0000,      -16.5000,     3600.0000,        0.0000,       12.0000,      172.0000,        6.0000,     2024.0000,      260.4761,        7.0164,      215.2624,        0.1622,     1345.5709,        0.2160,    67948.1751,        1.9406,        9.8462,        2.1224,        6.2699,  272.8159,0.220267,  8.1091E-06
     -112.0700,       33.4500,      331.0000,        0.0000,       13.0000,      200.0000,        7.0000,     2024.0000,      302.3821,        3.0830,      223.2729,        0.1155,      843.8580,        0.3043,   100463.6475,        1.4484,       34.3279,      -12.3425,        5.8429,  317.0645,0.184868,  3.3885E-06
      -18.0000,       65.0000,       52.0000,        0.0000,       10.0000,      355.0000,       12.0000,     2024.0000,      242.2949,        5.5965,      149.3675,        0.4953,      587.5227,        0.3145,    90082.5870,        2.3863,       76.3362,      -15.8470,       50.1860,  243.7967,0.243483,  5.0116E-06
      -18.0000,       65.0000,       52.0000,        0.0000,       10.0000,      355.0000,       12.0000,     2024.0000,      238.8713,        7.0400,       62.6995,        0.8663,       77.4282,        0.5724,    89033.8272,        2.3412,       86.5386,       -3.1566,        1.4206,  239.3428,0.247046,  6.3046E-06
     -122.0000,       37.5000,       25.0000,        0.0000,       12.0000,      172.0000,        6.0000,     2024.0000,      321.3753,        8.1718,      258.8935,        0.6411,     1314.5572,        0.2630,    94781.3368,        2.0699,       19.9803,       14.4757,      -69.3631,  336.7502,0.169120,  9.8204E-06
      151.2100,      -33.8700,       39.0000,        0.0000,       12.0000,      172.0000,        6.0000,     2024.0000,      275.5932,        8.5479,      132.2449,        0.7892,     1250.0010,        0.0662,    92771.6055,        0.5813,       39.8109,      -11.4775,      110.6406,  290.5628,0.206070,  5.3486E-06
      151.2100,      -33.8700,       39.0000,        0.0000,       12.0000,      172.0000,        6.0000,     2024.0000,      288.7453,       10.0329,      167.4087,        0.6340,      633.4862,        0.0684,    97088.7756,        2.1379,       57.8665,       28.0120,     -118.6309,  293.4414,0.203767,  1.1804E-05
     -112.0700,       33.4500,      331.0000,        0.0000,       13.0000,      200.0000,        7.0000,     2024.0000,      309.8047,        3.1615,      313.4893,        0.0343,     1332.0356,        0.1448,    97018.5321,        2.9501,       55.5570,      -12.0629,       20.3185,  330.5420,0.174086,  4.9983E-06
     -112.0700,       33.4500,      331.0000,        0.0000,       13.0000,      200.0000,        7.0000,     2024.0000,      322.4376,        5.0961,      202.6732,        0.0662,     1238.0780,        0.2340,   100349.6557,        3.0981,       40.7376,      -17.5288,      -63.3661,  334.0631,0.171269,  6.6419E-06
      151.2100,      -33.8700,       39.0000,        0.0000,       12.0000,      172.0000,        6.0000,     2024.0000,      291.1912,        5.2512,       82.8698,        0.4681,      963.7180,        0.0785,    89376.7338,        1.2351,       59.9550,       -8.7195,      -56.9479,  291.1912,0.205567,  4.1581E-06
      151.2100,      -33.8700,       39.0000,        0.0000,       12.0000,      172.0000,        6.0000,     2024.0000,      296.9705,        7.1023,      203.4915,        0.7405,     1322.1203,        0.5171,    87857.2224,        0.6596,       67.9330,      -30.0897,       85.1913,  298.7525,0.199518,  4.0628E-06
      103.8200,        1.3500,       15.0000,       30.0000,       14.0000,      120.0000,        4.0000,     2024.0000,      309.9876,        2.8759,      175.4986,        0.9573,      596.1266,        0.9471,    90859.5159,        0.8246,       32.2299,       11.2409,      -90.0701,  310.3093,0.190273,  2.4158E-06
       55.3000,       25.2000,        5.0000,        0.0000,       10.0000,      280.0000,       10.0000,     2024.0000,      282.1578,       10.8726,      291.1760,        0.2819,     1202.9177,        0.1143,    94704.6046,        2.5614,       48.3333,       27.3331,       34.1159,  288.8137,0.207469,  1.3441E-05
       55.3000,       25.2000,        5.0000,        0.0000,       10.0000,      280.0000,       10.0000,     2024.0000,      289.6483,       10.6328,       76.5110,        0.7191,      784.6357,        0.3345,    89800.2906,        2.7864,       17.6204,      -12.6322,       26.9821,  294.3224,0.203062,  1.4120E-05
       25.0000,       23.5000,      200.0000,        0.0000,       11.0000,       90.0000,        3.0000,     2024.0000,      314.7855,       16.4095,      169.8812,        0.0556,      533.0503,        0.6913,    93013.7864,        3.4928,       40.3024,        3.7270,       68.4199,  315.6627,0.185990,  2.2125E-05
     -112.0700,       33.4500,      331.0000,        0.0000,       13.0000,      200.0000,        7.0000,     2024.0000,      286.4148,        7.0661,      329.8599,        0.0452,     1250.1255,        0.1503,    85136.3808,        3.3487,       26.8772,       22.9616,      -75.9934,  298.4742,0.199741,  9.0951E-06
       55.3000,       25.2000,        5.0000,        0.0000,       10.0000,      280.0000,       10.0000,     2024.0000,      296.3759,        1.4312,      141.6587,        0.5211,      755.8168,        0.2222,    87895.2129,        2.6601,       35.1996,      -21.4086,       95.8405,  300.9159,0.197787,  2.7134E-06
       55.3000,       25.2000,        5.0000,        0.0000,       10.0000,      280.0000,       10.0000,     2024.0000,      276.9915,        5.3944,       72.3086,        0.6384,     1118.7271,        0.0908,    98943.6114,        3.6982,       16.2722,       29.6978,      -21.7691,  291.4193,0.205385,  6.3424E-06
       -0.1300,       51.5100,       11.0000,        0.0000,        9.0000,       80.0000,        3.0000,     2024.0000,      302.0117,        4.4930,      299.7399,        0.3735,      590.0500,        0.5116,    98628.7733,        0.5132,        7.0657,       25.7808,       44.4755,  305.0995,0.194440,  3.3546E-06
       55.3000,       25.2000,        5.0000,        0.0000,       10.0000,      280.0000,       10.0000,     2024.0000,      306.9180,        2.5571,      159.7463,        0.2198,      745.8865,        0.0300,    97311.9443,        2.4502,       48.7718,       21.5339,      -79.9560,  323.3509,0.179839,  5.0264E-06
      -68.0000,      -16.5000,     3600.0000,        0.0000,       12.0000,      172.0000,        6.0000,     2024.0000,      299.6043,       11.9877,      325.2584,        0.5023,     1286.5153,        0.0794,    75005.4151,        0.8903,       31.1437,       -9.1774,      -27.6120,  306.7943,0.193085,  9.0173E-06
      103.8200,        1.3500,       15.0000,       30.0000,       14.0000,      120.0000,        4.0000,     2024.0000,      295.7803,        9.3073,      257.8761,        0.8160,     1008.3746,        0.8187,    98808.6299,        1.8572,        1.1293,       -9.9174,      -14.6292,  297.9901,0.200128,  7.2845E-06
     -112.0700,       33.4500,      331.0000,        0.0000,       13.0000,      200.0000,        7.0000,     2024.0000,      320.9934,        1.7584,      339.8412,        0.1126,      974.7629,        0.3843,    87251.0785,        2.3181,       20.3415,       -8.5242,        1.0585,  338.1104,0.168032,  4.1611E-06
      103.8200,        1.3500,       15.0000,       30.0000,       14.0000,      120.0000,        4.0000,     2024.0000,      284.0502,        6.9078,      190.6486,        0.6881,     1303.5639,        0.9140,   100684.9421,        0.5694,       19.8730,      -12.1787,      106.7371,  286.5075,0.209314,  4.8066E-06
      151.2100,      -33.8700,       39.0000,        0.0000,       12.0000,      172.0000,        6.0000,     2024.0000,      260.4095,        3.6403,      177.0499,        0.3680,     1046.2901,        0.3573,    90496.6800,        2.9034,       41.2690,      -27.2655,      -85.0278,  265.0405,0.226488,  4.8459E-06
      -68.0000,      -16.5000,     3600.0000,        0.0000,       12.0000,      172.0000,        6.0000,     2024.0000,      249.4318,        8.0845,      320.6474,        0.3100,     1308.9498,        0.3196,    68157.6194,        2.3084,       40.4166,       30.6868,      -16.3921,  251.5885,0.237249,  7.3879E-06
      151.2100,      -33.8700,       39.0000,        0.0000,       12.0000,      172.0000,        6.0000,     2024.0000,      274.1076,        1.7459,      152.6506,        0.6707,      939.5404,        0.0990,    87202.2062,        1.5787,       72.3064,      -20.8321,     -103.3626,  282.4155,0.212588,  2.3475E-06
     -112.0700,       33.4500,      331.0000,        0.0000,       13.0000,      200.0000,        7.0000,     2024.0000,      292.5177,        2.8281,      281.4591,        0.4664,     1154.4205,        0.1219,    86210.9164,        4.0151,       14.0380,       -5.1018,      -67.0363,  314.7764,0.186699,  5.8498E-06
      -68.0000,      -16.5000,     3600.0000,        0.0000,       12.0000,      172.0000,        6.0000,     2024.0000,      257.0041,       11.0735,      259.0521,        0.0900,     1057.3921,        0.0136,    60341.6537,        1.9109,       36.0867,       -8.5752,      -71.3258,  263.9495,0.227360,  1.0021E-05
      -18.0000,       65.0000,       52.0000,        0.0000,       10.0000,      355.0000,       12.0000,     2024.0000,      244.2746,       12.1351,      125.9429,        0.6278,      642.6506,        0.7696,    88381.3982,        1.9353,       59.9540,       -2.2167,       46.1628,  244.7222,0.242742,  9.6252E-06
      -18.0000,       65.0000,       52.0000,        0.0000,       10.0000,      355.0000,       12.0000,     2024.0000,      259.2018,       17.8871,       60.7471,        0.9473,      289.1891,        0.7940,    91944.1066,        2.7945,       55.5197,       17.8724,       54.1044,  259.2544,0.231117,  1.7571E-05
      -18.0000,       65.0000,       52.0000,        0.0000,       10.0000,      355.0000,       12.0000,     2024.0000,      250.4277,       18.2352,      240.3446,        0.9921,       87.4351,        0.6669,    99011.0090,        2.4277,       61.1139,      -14.6974,       66.2519,  250.4277,0.238178,  1.6054E-05
     -112.0700,       33.4500,      331.0000,        0.0000,       13.0000,      200.0000,        7.0000,     2024.0000,      301.5882,        2.9495,      311.3495,        0.0468,      957.8549,        0.1362,    91034.8423,        2.8579,       26.9135,        8.9530,     -111.9180,  315.9145,0.185788,  5.3119E-06
      151.2100,      -33.8700,       39.0000,        0.0000,       12.0000,      172.0000,        6.0000,     2024.0000,      315.5086,        9.1133,       70.0576,        0.8649,     1282.6841,        0.4154,    91099.8378,        1.2555,       51.4585,        3.8655,      -77.5538,  318.2389,0.183929,  7.2268E-06
      103.8200,        1.3500,       15.0000,       30.0000,       14.0000,      120.0000,        4.0000,     2024.0000,      295.8189,        4.6592,      212.4786,        0.9951,      793.1589,        0.9553,    99614.1112,        1.4983,       24.7243,       14.8154,       79.1003,  296.5843,0.201253,  4.2140E-06
       25.0000,       23.5000,      200.0000,        0.0000,       11.0000,       90.0000,        3.0000,     2024.0000,      298.6795,       22.9476,       58.6893,        0.2682,      411.8686,        0.7562,    92418.8449,        4.7760,       38.7225,       26.4555,      -56.5156,  299.2196,0.199144,  2.3559E-05
     -112.0700,       33.4500,      331.0000,        0.0000,       13.0000,      200.0000,        7.0000,     2024.0000,      319.2245,        2.6932,      206.3572,        0.0260,     1026.6926,        0.3794,    93858.0456,        1.0057,       11.0673,      -31.2925,      -21.2824,  335.2823,0.170294,  2.4876E-06
      103.8200,        1.3500,       15.0000,       30.0000,       14.0000,      120.0000,        4.0000,     2024.0000,      320.4090,        5.5130,      115.5030,        0.7432,      706.4998,        0.6983,    99095.5129,        2.2524,       26.4842,       11.7753,      -46.6986,  322.2686,0.180705,  7.9880E-06
      103.8200,        1.3500,       15.0000,       30.0000,       14.0000,      120.0000,        4.0000,     2024.0000,      302.3518,        8.8947,      277.7319,        0.6932,     1161.0861,        0.7404,    88113.6148,        1.8828,        1.5923,      -21.6019,      -33.4520,  305.8735,0.193821,  9.6748E-06
       55.3000,       25.2000,        5.0000,        0.0000,       10.0000,      280.0000,       10.0000,     2024.0000,      274.3972,        5.9428,      175.4773,        0.4342,     1086.9951,        0.0380,    98106.1225,        2.0777,       22.2883,        9.7589,     -125.7812,  289.0830,0.207254,  6.2493E-06
      151.2100,      -33.8700,       39.0000,        0.0000,       12.0000,      172.0000,        6.0000,     2024.0000,      308.9659,       10.1611,       61.5364,        0.8120,     1194.7900,        0.3750,    91321.7069,        1.8442,       39.6620,      -15.1543,     -110.4239,  315.6812,0.185975,  9.3514E-06
       25.0000,       23.5000,      200.0000,        0.0000,       11.0000,       90.0000,        3.0000,     2024.0000,      289.5060,       16.9045,       89.8328,        0.3208,      218.0458,        0.8795,    94351.8489,        4.7508,       22.6069,       37.4478,       47.7542,  289.6516,0.206799,  2.1471E-05
      103.8200,        1.3500,       15.0000,       30.0000,       14.0000,      120.0000,        4.0000,     2024.0000,      308.8508,        3.6655,      163.1575,        0.7355,     1101.1493,        0.7209,    89944.7108,        1.3476,       25.5488,      -13.1636,       24.9485,  314.6488,0.186801,  3.8759E-06
       55.3000,       25.2000,        5.0000,        0.0000,       10.0000,      280.0000,       10.0000,     2024.0000,      293.6465,        3.7769,      162.7459,        0.7642,     1250.4849,        0.2611,    93360.3926,        2.0078,       20.9284,       18.6141,      -32.9410,  313.4893,0.187729,  4.6658E-06
     -112.0700,       33.4500,      331.0000,        0.0000,       13.0000,      200.0000,        7.0000,     2024.0000,      314.9487,        6.3949,      262.9885,        0.1959,     1102.1491,        0.3110,    89037.2626,        3.0983,       20.2845,       21.0669,      -89.2468,  325.0717,0.178463,  7.5594E-06
      103.8200,        1.3500,       15.0000,       30.0000,       14.0000,      120.0000,        4.0000,     2024.0000,      286.1588,        0.1446,      148.3972,        0.8569,      717.5306,        0.9789,    96001.7451,        1.6558,       40.5527,      -29.9317,       96.6732,  286.6115,0.209231,  1.2061E-06
      -68.0000,      -16.5000,     3600.0000,        0.0000,       12.0000,      172.0000,        6.0000,     2024.0000,      272.4713,       15.7560,      309.4544,        0.1074,     1305.1700,        0.1939,    74525.4369,        0.8092,       49.6074,      -13.3462,     -105.8724,  281.4761,0.213339,  7.9924E-06
     -112.0700,       33.4500,      331.0000,        0.0000,       13.0000,      200.0000,        7.0000,     2024.0000,      304.5676,        9.1138,      238.4499,        0.2744,      891.8575,        0.1491,   100421.0849,        2.2754,       34.5396,       19.6524,       92.0401,  314.5537,0.186877,  9.9444E-06
      103.8200,        1.3500,       15.0000,       30.0000,       14.0000,      120.0000,        4.0000,     2024.0000,      308.1921,        8.8849,      109.8353,        0.6339,      857.1425,        0.9415,    96075.1423,        1.8666,       23.5749,      -26.9183,      123.7960,  308.9054,0.191396,  7.5357E-06
       55.3000,       25.2000,        5.0000,        0.0000,       10.0000,      280.0000,       10.0000,     2024.0000,      273.8310,        7.7694,       77.0004,        0.4842,      918.0740,        0.2226,    88936.0235,        4.0952,       46.9916,      -24.2433,      102.0529,  274.5144,0.218908,  8.3420E-06
      151.2100,      -33.8700,       39.0000,        0.0000,       12.0000,      172.0000,        6.0000,     2024.0000,      261.1033,        9.5714,       82.8592,        0.2774,      862.2112,        0.5013,    86592.2175,        2.4116,       77.5334,      -11.9326,      -88.4931,  261.6451,0.229204,  9.9921E-06
      151.2100,      -33.8700,       39.0000,        0.0000,       12.0000,      172.0000,        6.0000,     2024.0000,      276.9492,        6.4152,      162.9167,        0.7603,      570.4473,        0.5434,    99521.6000,        2.2944,       57.7812,        0.6946,      -35.0842,  276.9492,0.216961,  5.8388E-06
       55.3000,       25.2000,        5.0000,        0.0000,       10.0000,      280.0000,       10.0000,     2024.0000,      304.0798,        6.8906,      169.9067,        0.6599,      642.4613,        0.4287,    87558.2671,        2.3307,       46.2356,      -24.2957,       -0.3697,  309.1555,0.191196,  7.7615E-06
      -68.0000,      -16.5000,     3600.0000,        0.0000,       12.0000,      172.0000,        6.0000,     2024.0000,      296.2576,       16.4603,      225.8601,        0.3627,     1046.8878,        0.0537,    76421.4576,        1.3616,       45.4783,      -21.7797,      -55.8961,  299.3128,0.199070,  1.5303E-05
     -122.0000,       37.5000,       25.0000,        0.0000,       12.0000,      172.0000,        6.0000,     2024.0000,      313.6252,       10.3351,      291.7734,        0.0501,     1073.2053,        0.0242,    89902.3617,        3.0099,       60.7671,       25.4629,      -53.6798,  320.8629,0.181830,  1.3096E-05
     -112.0700,       33.4500,      331.0000,        0.0000,       13.0000,      200.0000,        7.0000,     2024.0000,      314.5398,        3.5878,      308.5981,        0.1706,      932.5832,        0.3692,    88565.0551,        2.0957,       28.5507,       27.1453,       -2.7218,  326.7688,0.177105,  4.6223E-06
       -0.1300,       51.5100,       11.0000,        0.0000,        9.0000,       80.0000,        3.0000,     2024.0000,      271.4289,       11.4461,      222.6977,        0.4418,      648.4936,        0.2326,    91406.5133,        2.5085,        3.7247,      -25.3866,      -90.1948,  273.9792,0.219337,  1.0935E-05
       25.0000,       23.5000,      200.0000,        0.0000,       11.0000,       90.0000,        3.0000,     2024.0000,      322.7211,       15.2000,      152.6662,        0.2002,      359.4812,        0.6099,    88072.6919,        4.9204,       19.9541,       41.4154,       31.1692,  323.6113,0.179631,  1.7650E-05
       55.3000,       25.2000,        5.0000,        0.0000,       10.0000,      280.0000,       10.0000,     2024.0000,      288.8137,        1.0092,      159.2005,        0.6571,      818.3814,        0.3311,    94862.1388,        3.8757,       27.3281,       12.2878,      113.4133,  294.5173,0.202906,  2.4887E-06
       55.3000,       25.2000,        5.0000,        0.0000,       10.0000,      280.0000,       10.0000,     2024.0000,      288.7541,        3.5662,      239.6230,        0.5086,     1357.5086,        0.2235,   100575.5087,        2.4944,       45.7633,       14.5113,      -56.8203,  312.7468,0.188323,  5.5511E-06
     -112.0700,       33.4500,      331.0000,        0.0000,       13.0000,      200.0000,        7.0000,     2024.0000,      322.5828,        1.4439,      340.0448,        0.4480,      996.6569,        0.0429,    86253.5373,        2.1124,       19.2510,      -24.7134,      -62.8210,  346.0688,0.161665,  3.2848E-06
       -0.1300,       51.5100,       11.0000,        0.0000,        9.0000,       80.0000,        3.0000,     2024.0000,      279.9970,        9.1051,      187.0491,        0.9165,     1188.1048,        0.2055,    95451.8812,        1.9100,       22.9213,       27.7193,      -83.0331,  289.3006,0.207080,  7.8210E-06
      103.8200,        1.3500,       15.0000,       30.0000,       14.0000,      120.0000,        4.0000,     2024.0000,      314.7673,        4.0056,      202.9300,        0.6559,     1192.8547,        0.6780,    90770.4378,        1.2295,       24.9198,      -20.0893,        7.7533,  320.9816,0.181735,  3.7780E-06
       55.3000,       25.2000,        5.0000,        0.0000,       10.0000,      280.0000,       10.0000,     2024.0000,      307.7560,       11.3339,      145.9311,        0.6848,     1175.6547,        0.4193,   100791.4448,        3.3225,        6.7496,      -30.4607,      -51.5453,  313.3438,0.187845,  1.4753E-05
       25.0000,       23.5000,      200.0000,        0.0000,       11.0000,       90.0000,        3.0000,     2024.0000,      279.7525,       23.1332,      153.8980,        0.1694,      662.8486,        0.9151,    92674.7694,        3.2073,       47.6781,       15.7653,      -39.0295,  280.0561,0.214475,  2.4419E-05
       55.3000,       25.2000,        5.0000,        0.0000,       10.0000,      280.0000,       10.0000,     2024.0000,      304.8248,        9.7231,      202.2401,        0.4771,      719.7230,        0.1543,    92164.9213,        2.0757,       31.0254,       24.4975,     -120.1228,  310.8998,0.189800,  1.1368E-05
      -18.0000,       65.0000,       52.0000,        0.0000,       10.0000,      355.0000,       12.0000,     2024.0000,      236.8173,       13.0187,       70.1967,        0.8891,       55.0709,        0.9435,    97553.5248,        2.0964,       76.7549,       18.6962,       25.8581,  236.8365,0.249051,  9.4181E-06
       25.0000,       23.5000,      200.0000,        0.0000,       11.0000,       90.0000,        3.0000,     2024.0000,      294.2423,       22.5675,       86.3215,        0.2941,      971.2579,        0.4560,    98155.7504,        3.5797,       49.1952,       26.8748,       20.8787,  296.5055,0.201316,  2.3963E-05
     -122.0000,       37.5000,       25.0000,        0.0000,       12.0000,      172.0000,        6.0000,     2024.0000,      301.8089,        5.5779,      308.9354,        0.1331,      816.6330,        0.0961,    99997.9830,        2.3500,       19.9104,       19.1063,      -17.8239,  315.7112,0.185951,  4.8433E-06
     -122.0000,       37.5000,       25.0000,        0.0000,       12.0000,      172.0000,        6.0000,     2024.0000,      309.9764,        2.6260,      297.9657,        0.4289,     1225.7214,        0.0049,    99887.8977,        2.5547,       23.8389,       24.0775,      -98.9185,  335.8427,0.169846,  4.2473E-06
     -122.0000,       37.5000,       25.0000,        0.0000,       12.0000,      172.0000,        6.0000,     2024.0000,      313.0212,        0.2911,      347.5081,        0.0744,     1346.0735,        0.3813,    99582.6172,        2.4860,       49.4978,      -24.1998,       21.3365,  334.1839,0.171173,  2.0065E-06
      -68.0000,      -16.5000,     3600.0000,        0.0000,       12.0000,      172.0000,        6.0000,     2024.0000,      268.8843,        7.7918,      218.0928,        0.2847,     1102.6513,        0.2985,    68834.2798,        1.9695,       37.3794,        8.6878,      -92.3277,  277.0473,0.216882,  7.3240E-06
       25.0000,       23.5000,      200.0000,        0.0000,       11.0000,       90.0000,        3.0000,     2024.0000,      300.0618,       21.8218,      157.8276,        0.2907,       82.0347,        0.3724,    91892.8454,        4.9102,       30.9245,       -2.8147,       74.4465,  300.2980,0.198282,  2.7917E-05
      -68.0000,      -16.5000,     3600.0000,        0.0000,       12.0000,      172.0000,        6.0000,     2024.0000,      295.4773,        7.9988,      328.4169,        0.3253,     1138.7814,        0.0433,    72672.6021,        2.2324,        8.1924,        7.1034,      -81.8407,  308.8877,0.191410,  7.7682E-06
      -68.0000,      -16.5000,     3600.0000,        0.0000,       12.0000,      172.0000,        6.0000,     2024.0000,      294.7043,       12.1386,      284.0826,        0.0212,     1280.4689,        0.1347,    67553.6256,        3.3118,       11.5732,       29.6652,      -46.4558,  301.7336,0.197133,  1.1400E-05
     -112.0700,       33.4500,      331.0000,        0.0000,       13.0000,      200.0000,        7.0000,     2024.0000,      318.8175,        4.2924,      259.5149,        0.1429,     1135.3376,        0.1177,    98930.4569,        0.9251,       23.8968,      -22.3157,      -23.7626,  342.2788,0.164697,  4.8336E-06
       55.3000,       25.2000,        5.0000,        0.0000,       10.0000,      280.0000,       10.0000,     2024.0000,      284.0059,        1.7227,      273.0322,        0.1878,      906.3252,        0.3827,    87198.9382,        2.1391,       14.3406,       12.6551,     -118.9785,  296.0887,0.201649,  2.8882E-06
       25.0000,       23.5000,      200.0000,        0.0000,       11.0000,       90.0000,        3.0000,     2024.0000,      312.5589,       17.3667,      128.9087,        0.0660,      114.3496,        0.9963,    88538.3219,        2.8537,        7.0524,       31.2114,      -32.2282,  312.5617,0.188471,  2.3721E-05
      -68.0000,      -16.5000,     3600.0000,        0.0000,       12.0000,      172.0000,        6.0000,     2024.0000,      294.4669,        3.4984,      303.6991,        0.1960,     1193.7134,        0.3624,    75215.0982,        1.8011,       17.1203,      -13.5079,       -0.7304,  304.8258,0.194659,  4.0669E-06
     -112.0700,       33.4500,      331.0000,        0.0000,       13.0000,      200.0000,        7.0000,     2024.0000,      302.9664,        2.0815,      297.2865,        0.0104,     1283.7047,        0.0115,    90480.8276,        1.1372,       21.2304,       13.4365,      -82.5192,  334.7190,0.170745,  2.8471E-06
      -68.0000,      -16.5000,     3600.0000,        0.0000,       12.0000,      172.0000,        6.0000,     2024.0000,      269.4625,       13.1610,      337.9771,        0.5189,     1261.6311,        0.2943,    69689.1366,        2.7057,       39.5226,      -28.5545,       15.7840,  271.0344,0.221692,  1.2283E-05
       55.3000,       25.2000,        5.0000,        0.0000,       10.0000,      280.0000,       10.0000,     2024.0000,      287.4487,        4.2536,      279.7753,        0.4230,      884.5344,        0.2559,    95652.3609,        4.2350,       35.9464,       21.2011,      122.2034,  289.9805,0.206536,  4.7043E-06
       -0.1300,       51.5100,       11.0000,        0.0000,        9.0000,       80.0000,        3.0000,     2024.0000,      310.4296,        7.4799,      302.6448,        0.7912,      519.7838,        0.4969,    94497.0946,        0.9038,        7.8461,      -19.1270,       66.8055,  312.4694,0.188544,  4.6386E-06
       -0.1300,       51.5100,       11.0000,        0.0000,        9.0000,       80.0000,        3.0000,     2024.0000,      308.3938,       13.4876,      229.8992,        0.4963,      780.1739,        0.6557,    87429.5606,        1.1257,       51.7576,        1.9320,       87.6744,  308.3938,0.191805,  1.1830E-05
       25.0000,       23.5000,      200.0000,        0.0000,       11.0000,       90.0000,        3.0000,     2024.0000,      305.4368,       17.7993,       77.8527,        0.3873,      300.3886,        0.7757,    95596.8245,        3.6093,       31.0594,       25.8880,     -114.3073,  305.8390,0.193849,  2.1321E-05
       -0.1300,       51.5100,       11.0000,        0.0000,        9.0000,       80.0000,        3.0000,     2024.0000,      301.4533,       11.3104,      341.4273,        0.4442,      513.1418,        0.3756,    98350.6822,        2.1577,       53.2594,      -12.0232,       31.5318,  302.8831,0.196214,  1.3920E-05
     -112.0700,       33.4500,      331.0000,        0.0000,       13.0000,      200.0000,        7.0000,     2024.0000,      298.6624,        3.2366,      322.4703,        0.3330,     1161.0825,        0.1497,    88519.0314,        2.4415,       49.1802,       25.5987,      101.3404,  315.6726,0.185982,  6.1415E-06
      -18.0000,       65.0000,       52.0000,        0.0000,       10.0000,      355.0000,       12.0000,     2024.0000,      248.9268,       19.6929,      184.8603,        0.7117,      454.3937,        0.4953,    87937.9904,        2.9550,       49.3095,       28.8284,     -121.5865,  248.9268,0.239379,  1.5912E-05
       -0.1300,       51.5100,       11.0000,        0.0000,        9.0000,       80.0000,        3.0000,     2024.0000,      271.8897,       13.3450,      299.0818,        0.8802,      851.7694,        0.5296,    92596.1772,        1.8666,       15.5032,      -23.4183,       51.1990,  273.4997,0.219720,  1.1177E-05
      151.2100,      -33.8700,       39.0000,        0.0000,       12.0000,      172.0000,        6.0000,     2024.0000,      314.5460,       11.9101,      194.9019,        0.3295,      626.0792,        0.3634,    91840.1652,        1.5633,       49.4657,       10.2741,      -14.5388,  314.5460,0.186883,  1.3444E-05
      -68.0000,      -16.5000,     3600.0000,        0.0000,       12.0000,      172.0000,        6.0000,     2024.0000,      295.4100,        8.9909,      166.1346,        0.2158,     1259.0380,        0.2553,    61610.5589,        1.4681,       15.8503,       -2.6628,      -86.1086,  307.5379,0.192490,  8.8549E-06
       -0.1300,       51.5100,       11.0000,        0.0000,        9.0000,       80.0000,        3.0000,     2024.0000,      315.1001,        8.9511,      252.4761,        0.7539,      858.7491,        0.1841,    87896.5784,        1.4583,       23.2063,        0.8175,     -118.3977,  322.0023,0.180918,  1.0481E-05
     -122.0000,       37.5000,       25.0000,        0.0000,       12.0000,      172.0000,        6.0000,     2024.0000,      292.8413,        7.1633,      345.1831,        0.3417,     1186.5257,        0.1325,    88889.3625,        2.7848,       33.0426,       25.1919,       28.1210,  306.8895,0.193008,  8.0236E-06
     -122.0000,       37.5000,       25.0000,        0.0000,       12.0000,      172.0000,        6.0000,     2024.0000,      321.4694,        3.4460,      173.3971,        0.1784,     1189.0943,        0.0793,   101103.7199,        1.6130,        3.3796,        4.2729,      110.7159,  350.5232,0.158101,  5.6481E-06
       25.0000,       23.5000,      200.0000,        0.0000,       11.0000,       90.0000,        3.0000,     2024.0000,      282.0514,       21.5076,      191.8176,        0.4043,       93.4725,        0.7945,    99089.4209,        2.5018,       51.1734,      -14.0115,      118.8489,  282.0866,0.212851,  2.4321E-05
      103.8200,        1.3500,       15.0000,       30.0000,       14.0000,      120.0000,        4.0000,     2024.0000,      286.8283,        4.3226,      126.8768,        0.8790,      598.5434,        0.6447,    98682.5893,        2.5421,       37.5522,       23.5726,       -7.6857,  288.6004,0.207640,  5.7757E-06
       25.0000,       23.5000,      200.0000,        0.0000,       11.0000,       90.0000,        3.0000,     2024.0000,      299.8060,       18.5296,       46.6691,        0.2011,      189.4176,        0.8182,    88402.8728,        3.0214,       19.2406,       -8.0598,      -85.4770,  300.0541,0.198477,  1.8894E-05
     -112.0700,       33.4500,      331.0000,        0.0000,       13.0000,      200.0000,        7.0000,     2024.0000,      295.1981,        7.0249,      329.8787,        0.0038,      907.8627,        0.0764,   100416.2703,        1.9857,       42.8644,       30.3596,     -114.0150,  301.7921,0.197086,  6.7102E-06
      103.8200,        1.3500,       15.0000,       30.0000,       14.0000,      120.0000,        4.0000,     2024.0000,      285.3246,        6.4793,      210.4831,        0.6210,      849.7251,        0.6151,    99314.1561,        0.9836,       12.0997,       12.7674,       92.4935,  291.7276,0.205138,  4.1316E-06
     -122.0000,       37.5000,       25.0000,        0.0000,       12.0000,      172.0000,        6.0000,     2024.0000,      289.1272,        4.8281,      212.4655,        0.0445,     1177.3591,        0.1024,    87519.7782,        0.5106,        2.5319,      -19.0868,     -118.3202,  315.9784,0.185737,  3.5822E-06
     -112.0700,       33.4500,      331.0000,        0.0000,       13.0000,      200.0000,        7.0000,     2024.0000,      309.9739,        1.7558,      345.1516,        0.0561,     1097.7200,        0.2261,    87614.0153,        0.9964,       53.8834,      -20.4214,     -114.6411,  318.1865,0.183971,  2.5980E-06
      -18.0000,       65.0000,       52.0000,        0.0000,       10.0000,      355.0000,       12.0000,     2024.0000,      238.7819,       19.2734,      134.8514,        0.7037,       54.2925,        0.8152,    87325.8940,        2.2793,       65.5496,       29.3448,       81.6105,  238.7819,0.247494,  1.8570E-05
       25.0000,       23.5000,      200.0000,        0.0000,       11.0000,       90.0000,        3.0000,     2024.0000,      283.0278,       18.7731,      165.1337,        0.3250,      541.4729,        0.7141,    87707.8452,        4.9336,       57.8082,       31.8872,       91.3561,  283.2805,0.211896,  1.8468E-05
      -18.0000,       65.0000,       52.0000,        0.0000,       10.0000,      355.0000,       12.0000,     2024.0000,      237.2868,       10.4564,      130.0338,        0.9928,       10.0108,        0.2784,    89086.8123,        2.2224,       74.1913,        7.7487,     -108.8405,  237.2998,0.248680,  9.4901E-06
      151.2100,      -33.8700,       39.0000,        0.0000,       12.0000,      172.0000,        6.0000,     2024.0000,      293.1238,        6.2859,      198.0023,        0.5930,     1064.4221,        0.3076,    97061.6955,        2.3676,       29.4043,       10.6855,      -96.2186,  300.0472,0.198482,  6.9158E-06
      -18.0000,       65.0000,       52.0000,        0.0000,       10.0000,      355.0000,       12.0000,     2024.0000,      256.1328,       16.0291,      165.7017,        0.7303,      254.9721,        0.4408,    95583.5574,        1.5822,       69.6155,       25.7642,       95.7886,  256.1328,0.233614,  1.2028E-05
      103.8200,        1.3500,       15.0000,       30.0000,       14.0000,      120.0000,        4.0000,     2024.0000,      280.2075,        7.8605,      209.2167,        0.7282,     1335.6880,        0.7541,   100396.5689,        2.0464,       21.7770,      -26.5345,      -56.8680,  282.6295,0.212416,  7.2619E-06
      -18.0000,       65.0000,       52.0000,        0.0000,       10.0000,      355.0000,       12.0000,     2024.0000,      233.1561,       14.9059,      214.2746,        0.9486,       44.8516,        0.5770,    91902.5181,        2.7689,       84.5402,       21.0960,        9.0721,  233.2784,0.251897,  1.2632E-05
       -0.1300,       51.5100,       11.0000,        0.0000,        9.0000,       80.0000,        3.0000,     2024.0000,      280.4098,        5.6017,      266.3707,        0.8594,     1089.2230,        0.3322,    95602.7719,        1.3473,       46.3802,      -10.4008,      -95.0899,  293.0170,0.204106,  5.9506E-06
       -0.1300,       51.5100,       11.0000,        0.0000,        9.0000,       80.0000,        3.0000,     2024.0000,      289.2982,        0.8940,      311.6343,        0.7633,     1166.6511,        0.3724,    96276.9996,        1.5283,       47.6282,       12.3596,       45.1096,  294.3573,0.203034,  1.9329E-06
      151.2100,      -33.8700,       39.0000,        0.0000,       12.0000,      172.0000,        6.0000,     2024.0000,      314.6690,        9.1822,      204.9769,        0.4479,      462.3378,        0.5442,    88523.9256,        2.2226,       55.5283,      -15.7673,       45.2160,  314.6690,0.186785,  1.0749E-05
     -122.0000,       37.5000,       25.0000,        0.0000,       12.0000,      172.0000,        6.0000,     2024.0000,      304.8514,        2.2323,      199.3023,        0.3109,     1294.7118,        0.0226,    96044.0120,        2.1070,       17.6520,        1.2664,     -120.4336,  337.2652,0.168708,  2.8923E-06
      -68.0000,      -16.5000,     3600.0000,        0.0000,       12.0000,      172.0000,        6.0000,     2024.0000,      271.5722,        8.1464,      264.4514,        0.3764,     1003.8193,        0.3369,    71122.2188,        1.3023,        3.3774,       -1.7354,     -127.0455,  281.5072,0.213314,  6.1510E-06
       55.3000,       25.2000,        5.0000,        0.0000,       10.0000,      280.0000,       10.0000,     2024.0000,      288.3690,        9.1647,       81.0496,        0.4387,      984.1318,        0.1039,   100777.4273,        3.4516,       30.3300,        8.0322,       92.9460,  292.7046,0.204356,  1.0142E-05
      -18.0000,       65.0000,       52.0000,        0.0000,       10.0000,      355.0000,       12.0000,     2024.0000,      264.3037,       19.3106,       73.2831,        0.7031,      657.1642,        0.8039,    94983.5968,        1.7950,       65.6557,       21.4752,       56.3701,  264.4104,0.226992,  1.9915E-05
     -122.0000,       37.5000,       25.0000,        0.0000,       12.0000,      172.0000,        6.0000,     2024.0000,      319.9620,        5.7006,      213.5872,        0.4842,      837.6770,        0.1707,    96060.6781,        3.5432,       44.3087,      -25.6166,       21.4054,  330.0881,0.174450,  8.8267E-06
       55.3000,       25.2000,        5.0000,        0.0000,       10.0000,      280.0000,       10.0000,     2024.0000,      275.1702,        3.7014,      111.0419,        0.8122,     1133.9597,        0.3373,    89744.8545,        2.1649,       32.8062,        8.4715,      -71.1017,  291.9888,0.204929,  3.8040E-06
      103.8200,        1.3500,       15.0000,       30.0000,       14.0000,      120.0000,        4.0000,     2024.0000,      294.8511,        2.5065,      284.8382,        0.6043,      818.0861,        0.8123,    95740.4177,        2.1202,        6.8170,       14.7533,     -110.1599,  297.7241,0.200341,  4.2183E-06
      -68.0000,      -16.5000,     3600.0000,        0.0000,       12.0000,      172.0000,        6.0000,     2024.0000,      272.5469,        7.7676,      224.5773,        0.4464,     1043.2850,        0.1593,    65358.5172,        3.3099,       37.2481,       27.7568,     -130.8736,  282.5822,0.212454,  1.0353E-05
      -18.0000,       65.0000,       52.0000,        0.0000,       10.0000,      355.0000,       12.0000,     2024.0000,      233.7501,       18.1970,       44.1128,        0.6193,      435.6594,        0.7625,    92622.9140,        1.6273,       88.6654,      -11.3225,      106.3043,  233.7501,0.251520,  1.1320E-05
      -68.0000,      -16.5000,     3600.0000,        0.0000,       12.0000,      172.0000,        6.0000,     2024.0000,      265.7980,        0.6024,      289.0338,        0.5471,     1302.2793,        0.2317,    60252.9916,        1.3846,       39.3784,       28.2614,      -32.3284,  273.1108,0.220031,  1.4037E-06
      -18.0000,       65.0000,       52.0000,        0.0000,       10.0000,      355.0000,       12.0000,     2024.0000,      262.0960,        7.5279,      191.9543,        0.7074,       32.5320,        0.5986,   100370.2438,        0.6497,       87.6272,       11.4242,      -74.5038,  262.2870,0.228690,  3.9650E-06
       55.3000,       25.2000,        5.0000,        0.0000,       10.0000,      280.0000,       10.0000,     2024.0000,      299.2793,        8.4789,      239.1629,        0.4508,     1318.1595,        0.3412,    97065.8182,        4.1671,        2.0605,      -15.8187,       -9.8208,  308.3708,0.191823,  9.4474E-06
       25.0000,       23.5000,      200.0000,        0.0000,       11.0000,       90.0000,        3.0000,     2024.0000,      285.6684,       18.8446,        1.6417,        0.3720,      198.3708,        0.3945,    99948.8069,        4.7309,        7.9030,       11.3960,       17.7783,  286.4827,0.209334,  2.4194E-05
       55.3000,       25.2000,        5.0000,        0.0000,       10.0000,      280.0000,       10.0000,     2024.0000,      307.3323,        1.4698,      106.2120,        0.1995,     1200.6166,        0.0168,    89610.0316,        2.0326,       49.5079,        3.9681,      -27.9599,  343.2043,0.163957,  2.8408E-06
       55.3000,       25.2000,        5.0000,        0.0000,       10.0000,      280.0000,       10.0000,     2024.0000,      317.8304,        4.0671,      204.9808,        0.7751,     1167.1061,        0.2161,    90886.6910,        2.0798,       45.3233,       24.4680,       53.7360,  326.4294,0.177376,  6.8493E-06
      151.2100,      -33.8700,       39.0000,        0.0000,       12.0000,      172.0000,        6.0000,     2024.0000,      299.8464,        3.8732,      104.3956,        0.4121,     1163.2418,        0.5370,   100722.4061,        2.9037,       67.4710,       18.5520,       -2.0551,  299.8464,0.198643,  4.8511E-06
       -0.1300,       51.5100,       11.0000,        0.0000,        9.0000,       80.0000,        3.0000,     2024.0000,      256.0330,        8.0196,      349.9971,        0.7183,     1148.8226,        0.7034,   100682.1872,        0.9339,       10.0226,        4.2110,       52.5187,  258.6862,0.231571,  5.4763E-06
     -112.0700,       33.4500,      331.0000,        0.0000,       13.0000,      200.0000,        7.0000,     2024.0000,      311.8112,       10.5518,      208.1908,        0.0523,      846.6879,        0.0637,    93511.7988,        3.2076,       25.3998,      -23.7861,       32.2683,  320.8018,0.181879,  1.4720E-05
     -122.0000,       37.5000,       25.0000,        0.0000,       12.0000,      172.0000,        6.0000,     2024.0000,      296.3522,        8.2291,      229.6535,        0.6506,      876.7019,        0.3309,   100990.1165,        2.4317,        7.4981,      -30.8082,      100.4807,  303.9183,0.195385,  1.0130E-05
     -122.0000,       37.5000,       25.0000,        0.0000,       12.0000,      172.0000,        6.0000,     2024.0000,      282.7826,        3.7546,      258.0163,        0.5542,      855.0576,        0.4436,    88891.0857,        1.2377,        1.1437,        7.0847,      -32.2333,  295.0443,0.202485,  3.5079E-06
      151.2100,      -33.8700,       39.0000,        0.0000,       12.0000,      172.0000,        6.0000,     2024.0000,      305.1726,        2.9916,      206.4231,        0.6053,      858.0359,        0.1712,    87894.9495,        0.7074,       44.9783,       22.7820,      -57.2967,  306.3852,0.193412,  2.6137E-06
     -122.0000,       37.5000,       25.0000,        0.0000,       12.0000,      172.0000,        6.0000,     2024.0000,      310.3042,        0.3511,      210.7576,        0.0966,     1352.5175,        0.1985,    98774.4392,        0.6226,       31.1783,       -2.3483,       20.2845,  349.4073,0.158994,  1.3259E-06
       55.3000,       25.2000,        5.0000,        0.0000,       10.0000,      280.0000,       10.0000,     2024.0000,      310.2769,        9.4473,      161.6930,        0.4574,      736.0421,        0.0497,   100854.9828,        3.6570,       37.2319,      -11.1788,     -114.7680,  317.1331,0.184813,  1.2625E-05
      -18.0000,       65.0000,       52.0000,        0.0000,       10.0000,      355.0000,       12.0000,     2024.0000,      256.2478,       20.3016,       98.7872,        0.6160,      153.2710,        0.3442,    86280.7325,        2.3102,       63.5039,       22.9020,      124.6050,  256.2478,0.233522,  1.6798E-05
      -18.0000,       65.0000,       52.0000,        0.0000,       10.0000,      355.0000,       12.0000,     2024.0000,      247.3132,        4.9574,       94.8001,        0.6614,      430.8661,        0.8420,    94136.7270,        0.6190,       67.4561,       -9.2580,      -23.8433,  248.8873,0.239410,  2.6996E-06
     -122.0000,       37.5000,       25.0000,        0.0000,       12.0000,      172.0000,        6.0000,     2024.0000,      284.2910,        5.3630,      256.3964,        0.0679,     1328.2313,        0.2906,    94977.6713,        1.2033,       43.0925,       15.0972,     -129.1684,  297.3678,0.200626,  4.6283E-06
      -68.0000,      -16.5000,     3600.0000,        0.0000,       12.0000,      172.0000,        6.0000,     2024.0000,      257.3661,        5.5031,      163.8008,        0.1999,      956.6485,        0.0181,    63932.1733,        1.3269,        1.2832,      -26.2932,       49.0593,  271.6646,0.221188,  5.1990E-06
      -18.0000,       65.0000,       52.0000,        0.0000,       10.0000,      355.0000,       12.0000,     2024.0000,      244.0946,        8.5112,      186.0040,        0.5552,       66.2415,        0.3267,    98745.7380,        1.5499,       84.4999,       -8.5897,      -12.9913,  244.8134,0.242669,  6.3759E-06
       55.3000,       25.2000,        5.0000,        0.0000,       10.0000,      280.0000,       10.0000,     2024.0000,      312.9013,        1.5330,      205.5694,        0.6246,      775.4931,        0.3872,    94413.4855,        1.5886,       11.0967,       31.3558,     -108.9652,  323.0055,0.180116,  2.2451E-06
      103.8200,        1.3500,       15.0000,       30.0000,       14.0000,      120.0000,        4.0000,     2024.0000,      309.0901,        0.3467,      217.4637,        0.6911,      567.3241,        0.6218,    96238.9364,        0.6417,       18.7154,        7.6354,       57.6647,  315.8462,0.185843,  1.1664E-06
      -18.0000,       65.0000,       52.0000,        0.0000,       10.0000,      355.0000,       12.0000,     2024.0000,      252.8636,        9.9363,      166.5321,        0.6668,      394.5046,        0.4958,    89924.3327,        1.2638,       55.7360,       18.6371,      -36.2600,  255.4071,0.234194,  6.1826E-06
       55.3000,       25.2000,        5.0000,        0.0000,       10.0000,      280.0000,       10.0000,     2024.0000,      282.1979,        3.8593,      298.4852,        0.4482,     1078.9007,        0.1510,    89503.8406,        1.8260,       18.3645,        5.0641,       60.9291,  296.2808,0.201495,  5.4156E-06
      151.2100,      -33.8700,       39.0000,        0.0000,       12.0000,      172.0000,        6.0000,     2024.0000,      259.7759,       11.4837,      113.8384,        0.7853,      870.4283,        0.0086,    99256.7567,        1.5495,       74.1149,      -18.8510,       67.0432,  259.7759,0.230699,  8.0254E-06
       -0.1300,       51.5100,       11.0000,        0.0000,        9.0000,       80.0000,        3.0000,     2024.0000,      298.4074,        5.1493,      229.9246,        0.4317,      844.2979,        0.1046,    86977.4563,        2.0469,       49.2027,       -7.8260,        9.9177,  308.2661,0.191907,  5.6099E-06
     -122.0000,       37.5000,       25.0000,        0.0000,       12.0000,      172.0000,        6.0000,     2024.0000,      313.8442,        4.4409,      349.5803,        0.0055,      833.1972,        0.2146,    87061.4644,        1.9272,       31.5064,       28.8620,       23.3861,  326.7605,0.177112,  4.5072E-06
      -18.0000,       65.0000,       52.0000,        0.0000,       10.0000,      355.0000,       12.0000,     2024.0000,      239.1626,       16.6369,      178.8135,        0.5932,      568.9794,        0.6298,    91083.9247,        1.2199,       52.7826,       -7.4345,     -116.1189,  239.2019,0.247158,  9.4103E-06
      -18.0000,       65.0000,       52.0000,        0.0000,       10.0000,      355.0000,       12.0000,     2024.0000,      252.7678,       12.3225,      242.4242,        0.5555,      621.8135,        0.8731,    99395.0519,        0.7844,       82.9064,       14.4869,       87.8653,  252.7678,0.236306,  6.1127E-06
     -122.0000,       37.5000,       25.0000,        0.0000,       12.0000,      172.0000,        6.0000,     2024.0000,      301.1929,        2.6314,      250.8297,        0.0125,     1330.9819,        0.4268,    90666.6874,        1.4983,       20.6806,      -16.3969,      -61.5405,  321.4149,0.181388,  3.3073E-06
       -0.1300,       51.5100,       11.0000,        0.0000,        9.0000,       80.0000,        3.0000,     2024.0000,      306.5411,        9.0994,      270.7405,        0.5623,     1192.2055,        0.5733,    89596.3039,        1.2413,       57.5897,       29.0216,      -41.0074,  314.7070,0.186754,  8.0885E-06
       25.0000,       23.5000,      200.0000,        0.0000,       11.0000,       90.0000,        3.0000,     2024.0000,      296.1210,       16.2933,       86.8054,        0.2940,      470.9085,        0.7942,   100854.7329,        3.0132,       29.5036,       22.4113,     -105.4688,  296.7879,0.201090,  1.6864E-05
     -122.0000,       37.5000,       25.0000,        0.0000,       12.0000,      172.0000,        6.0000,     2024.0000,      302.2611,        3.1801,      341.5772,        0.4130,      734.8217,        0.4287,    95153.9387,        2.8255,        4.9188,      -19.7360,       75.1679,  311.4663,0.189347,  4.7050E-06
      151.2100,      -33.8700,       39.0000,        0.0000,       12.0000,      172.0000,        6.0000,     2024.0000,      260.3258,        8.0469,      114.5198,        0.7802,      560.4730,        0.4206,    93160.5423,        0.7155,       85.5776,        3.2641,       14.4796,  260.3258,0.230259,  6.0039E-06
      103.8200,        1.3500,       15.0000,       30.0000,       14.0000,      120.0000,        4.0000,     2024.0000,      318.6288,        8.6553,      117.6370,        0.7544,     1352.8123,        0.7381,    88982.0195,        1.7873,       25.4260,       29.8840,      -82.8114,  320.9612,0.181751,  9.5427E-06
      -68.0000,      -16.5000,     3600.0000,        0.0000,       12.0000,      172.0000,        6.0000,     2024.0000,      247.6903,        0.7288,      158.0764,        0.1259,     1142.0483,        0.3347,    64198.9284,        1.2239,        5.4259,        2.3731,      -53.4363,  265.8377,0.225850,  1.3761E-06
      151.2100,      -33.8700,       39.0000,        0.0000,       12.0000,      172.0000,        6.0000,     2024.0000,      302.0108,        8.9510,      117.0899,        0.4958,     1217.7617,        0.4981,    87800.0300,        1.5281,       71.6919,      -24.6742,       34.4696,  302.0108,0.196911,  8.5580E-06
      151.2100,      -33.8700,       39.0000,        0.0000,       12.0000,      172.0000,        6.0000,     2024.0000,      300.2218,        6.9669,      212.6605,        0.6285,     1331.4927,        0.1907,    89281.5460,        0.6190,       34.1020,       27.1209,      -73.7523,  307.4846,0.192532,  5.2954E-06
      -68.0000,      -16.5000,     3600.0000,        0.0000,       12.0000,      172.0000,        6.0000,     2024.0000,      271.2161,       15.1362,      179.1566,        0.0913,     1220.6020,        0.1783,    62193.3185,        2.4349,       13.2826,       25.5007,       52.1430,  276.9112,0.216991,  1.9061E-05
      103.8200,        1.3500,       15.0000,       30.0000,       14.0000,      120.0000,        4.0000,     2024.0000,      285.6855,        8.4093,       90.7288,        0.7046,     1166.5082,        0.8729,    91089.7480,        0.5237,       39.1111,       24.0904,      -25.0193,  286.6104,0.209232,  5.5970E-06
      103.8200,        1.3500,       15.0000,       30.0000,       14.0000,      120.0000,        4.0000,     2024.0000,      295.5198,        7.9415,      114.4215,        0.6689,      711.7736,        0.8451,    96591.1630,        2.4998,       21.7457,       -9.6795,     -107.3999,  296.4385,0.201369,  8.5900E-06
       -0.1300,       51.5100,       11.0000,        0.0000,        9.0000,       80.0000,        3.0000,     2024.0000,      316.1417,        9.1918,      128.0935,        0.4076,      494.2492,        0.6980,    87196.6023,        0.5650,       48.8833,       -4.8233,     -118.1051,  317.9424,0.184166,  5.2146E-06
     -112.0700,       33.4500,      331.0000,        0.0000,       13.0000,      200.0000,        7.0000,     2024.0000,      295.0938,        7.8248,      302.7681,        0.4421,      990.8855,        0.0870,   100031.9212,        2.4669,       30.8171,       -5.6990,      -66.1901,  305.9035,0.193797,  8.9528E-06
      151.2100,      -33.8700,       39.0000,        0.0000,       12.0000,      172.0000,        6.0000,     2024.0000,      265.2163,        6.1537,      144.5409,        0.8119,     1117.7398,        0.1451,    95525.3676,        0.8285,       46.7188,        3.6984,       95.0378,  274.6771,0.218778,  4.1689E-06
      -68.0000,      -16.5000,     3600.0000,        0.0000,       12.0000,      172.0000,        6.0000,     2024.0000,      272.0579,        8.1827,      277.1876,        0.1161,     1007.8005,        0.0122,    67544.8277,        1.5970,       16.8479,      -29.0190,       63.2794,  282.1717,0.212783,  7.1568E-06
       25.0000,       23.5000,      200.0000,        0.0000,       11.0000,       90.0000,        3.0000,     2024.0000,      318.5615,       19.7133,      117.9021,        0.0617,      920.0893,        0.5027,    88209.2802,        3.2208,       29.5330,      -14.0868,      107.2129,  320.6035,0.182037,  2.7102E-05
     -112.0700,       33.4500,      331.0000,        0.0000,       13.0000,      200.0000,        7.0000,     2024.0000,      318.6503,        4.6729,      356.9614,        0.3315,      919.8998,        0.2457,    87186.1608,        3.5433,       23.5404,      -17.7190,       83.5961,  332.1780,0.172778,  6.2851E-06
       55.3000,       25.2000,        5.0000,        0.0000,       10.0000,      280.0000,       10.0000,     2024.0000,      278.1843,        0.4967,      165.6155,        0.3377,     1163.3401,        0.2160,    86994.6678,        4.2208,       35.6982,      -10.2640,     -110.8449,  300.2509,0.198319,  2.3603E-06
     -122.0000,       37.5000,       25.0000,        0.0000,       12.0000,      172.0000,        6.0000,     2024.0000,      287.9742,        6.8785,      267.2500,        0.1661,     1291.8810,        0.3814,    87826.8550,        2.4315,       30.6405,       11.0214,       26.7320,  300.9182,0.197785,  8.9275E-06
     -112.0700,       33.4500,      331.0000,        0.0000,       13.0000,      200.0000,        7.0000,     2024.0000,      290.5508,        1.5197,      337.4837,        0.2505,     1063.1547,        0.2223,    94738.8931,        1.3023,        9.9714,       10.9591,      -62.0120,  314.5042,0.186917,  1.8929E-06
      -18.0000,       65.0000,       52.0000,        0.0000,       10.0000,      355.0000,       12.0000,     2024.0000,      254.2770,       15.9795,      134.4221,        0.9559,      337.1437,        0.6337,    86495.4510,        1.6718,       88.4427,       19.1335,     -109.7809,  254.4395,0.234968,  1.4275E-05
      103.8200,        1.3500,       15.0000,       30.0000,       14.0000,      120.0000,        4.0000,     2024.0000,      296.9427,        4.5441,      225.6865,        0.7213,      921.2890,        0.6420,    92263.1189,        1.1656,       26.9052,       17.9749,       -4.1045,  301.4862,0.197331,  4.2956E-06
     -112.0700,       33.4500,      331.0000,        0.0000,       13.0000,      200.0000,        7.0000,     2024.0000,      298.8610,        9.7478,      325.3216,        0.2907,     1086.2857,        0.1661,    94434.0327,        2.3926,       11.9075,       23.4119,       -0.8814,  310.2994,0.190280,  1.0460E-05
      151.2100,      -33.8700,       39.0000,        0.0000,       12.0000,      172.0000,        6.0000,     2024.0000,      295.7860,        4.8300,      145.3748,        0.2164,      883.7310,        0.3257,    91412.4560,        0.7598,       58.5500,      -19.7438,      -79.1886,  297.9770,0.200138,  4.0228E-06
     -122.0000,       37.5000,       25.0000,        0.0000,       12.0000,      172.0000,        6.0000,     2024.0000,      278.0547,        1.8024,      196.1535,        0.6969,     1019.7240,        0.1347,    99484.4836,        1.4489,        6.9787,      -14.8603,       41.8246,  303.8693,0.195425,  2.2930E-06
      151.2100,      -33.8700,       39.0000,        0.0000,       12.0000,      172.0000,        6.0000,     2024.0000,      300.1948,        8.6444,      108.0199,        0.7199,     1050.8080,        0.2865,    95749.1409,        2.0854,       42.7890,      -28.9672,      -34.7586,  300.1948,0.198364,  8.7412E-06
       55.3000,       25.2000,        5.0000,        0.0000,       10.0000,      280.0000,       10.0000,     2024.0000,      276.6967,        7.2915,      213.1918,        0.3009,      912.1471,        0.0235,    92829.7639,        4.2461,       44.3335,        2.7244,      -31.9181,  290.4482,0.206161,  8.5987E-06
      -68.0000,      -16.5000,     3600.0000,        0.0000,       12.0000,      172.0000,        6.0000,     2024.0000,      254.4705,        8.8675,      165.1231,        0.1762,     1017.0183,        0.1185,    75789.3913,        2.7790,       15.1512,       -9.0763,       76.5380,  262.7894,0.228288,  1.0062E-05
      103.8200,        1.3500,       15.0000,       30.0000,       14.0000,      120.0000,        4.0000,     2024.0000,      282.5235,        3.9002,      225.0940,        0.9214,      907.0666,        0.8428,    97954.9543,        1.4847,       34.1569,        9.8827,      -54.7414,  283.5702,0.211664,  4.0597E-06
     -122.0000,       37.5000,       25.0000,        0.0000,       12.0000,      172.0000,        6.0000,     2024.0000,      308.2677,       10.2603,      254.8617,        0.0120,      832.3271,        0.0321,    94315.5916,        2.4654,       14.4466,      -24.5118,      -75.7165,  317.7886,0.184289,  1.2905E-05
     -122.0000,       37.5000,       25.0000,        0.0000,       12.0000,      172.0000,        6.0000,     2024.0000,      319.3151,        4.5789,      289.8996,        0.6438,      857.0759,        0.1201,    99031.3717,        2.3257,       45.8486,       -3.1403,     -111.7286,  329.6601,0.174792,  7.0070E-06
       25.0000,       23.5000,      200.0000,        0.0000,       11.0000,       90.0000,        3.0000,     2024.0000,      311.5130,       22.3968,        8.8095,        0.0001,      343.1194,        0.4214,    92887.4091,        3.5410,        1.1998,      -15.7656,      105.6211,  312.6366,0.188411,  1.8623E-05
       -0.1300,       51.5100,       11.0000,        0.0000,        9.0000,       80.0000,        3.0000,     2024.0000,      301.4056,       12.5552,      276.9326,        0.4535,      378.5777,        0.4833,    88454.2380,        2.5004,       59.5676,      -27.1199,      -17.9742,  303.1233,0.196021,  1.3919E-05
      103.8200,        1.3500,       15.0000,       30.0000,       14.0000,      120.0000,        4.0000,     2024.0000,      287.4444,        3.8942,       94.3765,        0.9817,      985.0356,        0.8282,    92124.0618,        0.6067,       36.6104,      -11.8724,      -88.0528,  288.6980,0.207562,  2.6417E-06
      103.8200,        1.3500,       15.0000,       30.0000,       14.0000,      120.0000,        4.0000,     2024.0000,      277.5383,        0.9946,      134.5014,        0.8586,     1221.2737,        0.7136,    96373.8768,        1.1990,       15.1421,       13.9940,       99.7778,  287.7682,0.208305,  1.5972E-06
       55.3000,       25.2000,        5.0000,        0.0000,       10.0000,      280.0000,       10.0000,     2024.0000,      317.3979,        9.1019,      222.7016,        0.3654,      788.5279,        0.1320,    98384.0669,        2.4341,       30.0676,       14.1882,      102.5334,  320.7501,0.181920,  9.7740E-06
       25.0000,       23.5000,      200.0000,        0.0000,       11.0000,       90.0000,        3.0000,     2024.0000,      285.1650,       14.3029,       19.1999,        0.0407,       51.2418,        0.5380,    95050.8212,        4.5109,       20.1678,      -11.0458,       23.7766,  285.3670,0.210226,  1.8296E-05
       -0.1300,       51.5100,       11.0000,        0.0000,        9.0000,       80.0000,        3.0000,     2024.0000,      265.9886,       11.4989,      120.6442,        0.8795,      686.7246,        0.6810,    99133.1562,        2.9088,       27.1615,       22.4416,       99.5020,  266.0473,0.225682,  1.2224E-05
       25.0000,       23.5000,      200.0000,        0.0000,       11.0000,       90.0000,        3.0000,     2024.0000,      282.4684,       24.9396,      152.2604,        0.2088,      118.2100,        0.7409,    99631.1260,        3.7506,       36.5933,      -21.2448,        5.8137,  282.6162,0.212427,  2.4030E-05
      -68.0000,      -16.5000,     3600.0000,        0.0000,       12.0000,      172.0000,        6.0000,     2024.0000,      304.4482,        6.0249,      203.9458,        0.3289,     1142.8863,        0.3682,    76698.4754,        1.0219,       15.3736,       30.0900,       93.7893,  315.6630,0.185990,  5.1232E-06
      151.2100,      -33.8700,       39.0000,        0.0000,       12.0000,      172.0000,        6.0000,     2024.0000,      319.4249,        6.0819,      207.3435,        0.2742,      826.8779,        0.0108,    89288.7354,        2.0732,       77.2615,       30.2559,       23.9927,  319.4249,0.182980,  8.4609E-06
      -18.0000,       65.0000,       52.0000,        0.0000,       10.0000,      355.0000,       12.0000,     2024.0000,      243.0917,       11.1726,      199.0325,        0.6964,      544.2630,        0.6243,   100630.9490,        1.3384,       54.2453,       24.3911,      -87.8057,  244.1988,0.243161,  7.7982E-06
     -122.0000,       37.5000,       25.0000,        0.0000,       12.0000,      172.0000,        6.0000,     2024.0000,      295.6212,       12.1424,      353.8946,        0.2962,      850.8177,        0.0081,    92900.0737,        2.0384,       50.7388,        0.1080,      -68.1667,  303.0402,0.196088,  1.0183E-05
      151.2100,      -33.8700,       39.0000,        0.0000,       12.0000,      172.0000,        6.0000,     2024.0000,      293.3007,        1.8716,      114.8834,        0.6866,      468.4837,        0.3001,    95807.6114,        1.9516,       40.3913,      -22.6450,        0.5552,  293.3007,0.203879,  2.5321E-06
      151.2100,      -33.8700,       39.0000,        0.0000,       12.0000,      172.0000,        6.0000,     2024.0000,      306.4222,       10.4928,       62.1461,        0.8109,     1167.3115,        0.3340,    97285.5959,        2.3809,       45.1107,       23.2664,       -9.4282,  306.4222,0.193382,  1.1386E-05
     -122.0000,       37.5000,       25.0000,        0.0000,       12.0000,      172.0000,        6.0000,     2024.0000,      285.6257,       11.6038,      195.9850,        0.1879,     1116.1866,        0.1234,    96254.2749,        1.1992,       38.2433,       22.3365,       76.8653,  297.0889,0.200849,  8.0435E-06
       -0.1300,       51.5100,       11.0000,        0.0000,        9.0000,       80.0000,        3.0000,     2024.0000,      275.1721,        7.2033,      287.7367,        0.8935,      980.9005,        0.0578,   100321.5559,        0.5151,       28.0013,       15.3803,       33.1478,  284.0105,0.211312,  3.8222E-06
     -122.0000,       37.5000,       25.0000,        0.0000,       12.0000,      172.0000,        6.0000,     2024.0000,      284.2925,       10.9699,      305.7518,        0.3333,      943.9183,        0.0779,    99024.5233,        0.5503,       32.6824,       -6.3728,       35.9518,  299.7310,0.198735,  6.5775E-06
       25.0000,       23.5000,      200.0000,        0.0000,       11.0000,       90.0000,        3.0000,     2024.0000,      314.1600,       20.4685,      176.9185,        0.2816,      667.6682,        0.5489,    89629.1286,        2.4712,       37.9890,      -16.0293,      -69.0159,  316.2289,0.185537,  1.6904E-05
       25.0000,       23.5000,      200.0000,        0.0000,       11.0000,       90.0000,        3.0000,     2024.0000,      315.2088,       13.8403,       63.4852,        0.2131,      337.7455,        0.8051,    99411.7394,        2.8769,        7.7970,       40.5765,      -53.1000,  315.6890,0.185969,  1.7143E-05
     -122.0000,       37.5000,       25.0000,        0.0000,       12.0000,      172.0000,        6.0000,     2024.0000,      286.0490,       11.2337,      160.5846,        0.0803,     1279.5354,        0.3827,   100598.5803,        3.4970,       56.5477,      -27.0898,     -130.4187,  289.3294,0.207056,  1.0821E-05
       55.3000,       25.2000,        5.0000,        0.0000,       10.0000,      280.0000,       10.0000,     2024.0000,      306.0587,       11.4656,      242.1012,        0.7739,     1042.5804,        0.2877,    97515.1091,        3.5870,       15.0129,       22.5507,       40.5091,  311.7725,0.189102,  1.3330E-05
      -68.0000,      -16.5000,     3600.0000,        0.0000,       12.0000,      172.0000,        6.0000,     2024.0000,      302.0384,       12.0623,      197.7414,        0.0633,      968.8220,        0.0816,    74222.9813,        2.0509,        1.6041,       20.0552,      -63.5321,  310.2727,0.190302,  1.3233E-05
      -68.0000,      -16.5000,     3600.0000,        0.0000,       12.0000,      172.0000,        6.0000,     2024.0000,      297.4386,        5.3312,      293.5059,        0.0685,     1289.3715,        0.2283,    73353.9085,        1.9029,       32.8524,      -24.5773,      -66.7920,  307.4133,0.192589,  4.7961E-06
       -0.1300,       51.5100,       11.0000,        0.0000,        9.0000,       80.0000,        3.0000,     2024.0000,      296.6233,        8.0185,      272.2257,        0.7145,      651.0086,        0.2362,    89194.8892,        3.0574,       39.8581,      -10.7954,      -12.8585,  302.3568,0.196635,  9.5428E-06
      103.8200,        1.3500,       15.0000,       30.0000,       14.0000,      120.0000,        4.0000,     2024.0000,      282.5004,        4.3758,       74.3122,        0.7480,     1129.8212,        0.6968,    91879.6094,        2.5534,       29.9193,      -16.3531,       39.7916,  287.8740,0.208221,  5.4594E-06
      -68.0000,      -16.5000,     3600.0000,        0.0000,       12.0000,      172.0000,        6.0000,     2024.0000,      264.0798,        3.3909,      259.2563,        0.0290,     1325.9145,        0.1918,    67762.4557,        1.6722,       44.3225,      -22.3489,       27.3259,  267.8436,0.224245,  3.5952E-06
     -122.0000,       37.5000,       25.0000,        0.0000,       12.0000,      172.0000,        6.0000,     2024.0000,      307.8703,        6.8933,      313.9559,        0.2260,      892.1549,        0.1130,    95958.2476,        1.1138,       31.8466,      -21.9699,       97.7942,  321.0846,0.181652,  6.9774E-06
      -18.0000,       65.0000,       52.0000,        0.0000,       10.0000,      355.0000,       12.0000,     2024.0000,      246.5431,       20.5820,       32.5399,        0.6514,      297.9410,        0.6927,   100146.5832,        2.4659,       65.8156,       21.1552,       98.9744,  246.5431,0.241286,  1.9634E-05
     -112.0700,       33.4500,      331.0000,        0.0000,       13.0000,      200.0000,        7.0000,     2024.0000,      302.8557,        6.6327,      294.6219,        0.3639,     1291.8964,        0.3376,    93633.4209,        2.9793,       15.8743,       28.4985,     -112.5747,  313.5378,0.187690,  7.3753E-06
      -68.0000,      -16.5000,     3600.0000,        0.0000,       12.0000,      172.0000,        6.0000,     2024.0000,      263.8784,       14.0823,      322.8478,        0.4094,     1334.0418,        0.2426,    68494.8596,        3.5463,        1.8260,       15.9531,      118.1610,  270.9692,0.221745,  1.4216E-05
       -0.1300,       51.5100,       11.0000,        0.0000,        9.0000,       80.0000,        3.0000,     2024.0000,      301.4671,        7.9593,      157.6294,        0.4708,      507.9441,        0.5267,    97602.7474,        2.9631,       27.7732,      -25.6420,        6.6037,  303.4459,0.195763,  1.1163E-05
       -0.1300,       51.5100,       11.0000,        0.0000,        9.0000,       80.0000,        3.0000,     2024.0000,      270.2853,        3.5531,      184.6401,        0.4450,      871.8697,        0.2898,    87319.3686,        2.1057,       45.8833,        4.1099,       91.0383,  270.2853,0.222292,  4.5724E-06
      -18.0000,       65.0000,       52.0000,        0.0000,       10.0000,      355.0000,       12.0000,     2024.0000,      246.5592,        4.5111,      196.5773,        0.7338,        2.6378,        0.3577,    87163.0304,        2.0495,       75.9416,        6.4611,       -7.0381,  246.5919,0.241246,  6.2543E-06
       -0.1300,       51.5100,       11.0000,        0.0000,        9.0000,       80.0000,        3.0000,     2024.0000,      259.8563,        8.0178,      157.5242,        0.6334,      644.1949,        0.3399,    88768.7663,        3.0145,       33.1488,      -12.6087,       39.6757,  261.9456,0.228964,  9.3985E-06
      151.2100,      -33.8700,       39.0000,        0.0000,       12.0000,      172.0000,        6.0000,     2024.0000,      289.0704,        9.6713,       88.2193,        0.6464,     1007.1995,        0.5796,    92993.8071,        1.2167,       80.9105,      -14.7295,      124.9911,  293.1531,0.203998,  9.1227E-06
      151.2100,      -33.8700,       39.0000,        0.0000,       12.0000,      172.0000,        6.0000,     2024.0000,      293.4873,        1.7956,      157.5909,        0.5223,     1099.2333,        0.3976,    89028.3356,        2.9944,       33.0936,       23.2505,      117.5052,  304.7100,0.194752,  4.4127E-06
      -18.0000,       65.0000,       52.0000,        0.0000,       10.0000,      355.0000,       12.0000,     2024.0000,      235.8122,       15.8920,      175.7337,        0.9906,       54.1634,        0.7982,    96620.0609,        0.8560,       74.8382,      -27.5488,       63.3182,  235.8122,0.249870,  8.4856E-06
       -0.1300,       51.5100,       11.0000,        0.0000,        9.0000,       80.0000,        3.0000,     2024.0000,      277.2336,        7.8647,      302.2584,        0.9994,     1020.2611,        0.3858,   100076.5212,        0.8260,       50.8352,       28.5401,       73.2971,  277.2336,0.216733,  5.3664E-06
       -0.1300,       51.5100,       11.0000,        0.0000,        9.0000,       80.0000,        3.0000,     2024.0000,      313.6309,        6.8359,      325.1603,        0.7847,      461.7305,        0.2834,    91533.4430,        1.7769,        9.2926,       16.5822,       -6.6191,  316.9878,0.184930,  7.9696E-06
      103.8200,        1.3500,       15.0000,       30.0000,       14.0000,      120.0000,        4.0000,     2024.0000,      293.9135,        1.2324,      174.0154,        0.6654,      826.7662,        0.7720,    87838.1382,        0.6903,       14.5367,       -4.1308,       51.1999,  299.2428,0.199126,  1.3446E-06
      -68.0000,      -16.5000,     3600.0000,        0.0000,       12.0000,      172.0000,        6.0000,     2024.0000,      281.2516,       13.1431,      286.7969,        0.4962,      929.1936,        0.2582,    77456.1107,        1.0853,       17.6295,      -30.6787,       84.1134,  287.5157,0.208507,  9.5004E-06
       55.3000,       25.2000,        5.0000,        0.0000,       10.0000,      280.0000,       10.0000,     2024.0000,      322.0840,        6.1868,      296.6723,        0.2713,      683.1978,        0.0899,    87018.4917,        4.4234,       32.3029,       28.2151,      -77.1948,  331.3510,0.173439,  5.5016E-06
       55.3000,       25.2000,        5.0000,        0.0000,       10.0000,      280.0000,       10.0000,     2024.0000,      277.4277,        8.2059,      108.0895,        0.8469,      866.6200,        0.0021,    93540.6722,        2.9252,       48.4371,        8.0131,       57.5526,  281.8623,0.213030,  9.2493E-06
      151.2100,      -33.8700,       39.0000,        0.0000,       12.0000,      172.0000,        6.0000,     2024.0000,      275.2159,        9.3059,        2.3582,        0.2401,      548.7088,        0.1597,    89914.8017,        1.4153,       48.8062,        3.9694,       31.7283,  275.2159,0.218347,  7.1027E-06
       25.0000,       23.5000,      200.0000,        0.0000,       11.0000,       90.0000,        3.0000,     2024.0000,      308.3757,       18.4946,       57.5536,        0.0243,      904.2519,        0.5487,    89304.1568,        4.2038,       41.7339,       31.1359,      112.2697,  309.5578,0.190874,  2.0656E-05
       55.3000,       25.2000,        5.0000,        0.0000,       10.0000,      280.0000,       10.0000,     2024.0000,      306.5727,        4.2705,      293.7014,        0.2916,      683.3690,        0.2294,    98598.0256,        4.0026,       21.8422,        2.6719,       47.5338,  314.0102,0.187312,  6.0339E-06
       -0.1300,       51.5100,       11.0000,        0.0000,        9.0000,       80.0000,        3.0000,     2024.0000,      298.0908,        8.6528,      193.7702,        0.4194,     1179.1612,        0.2148,    91627.1114,        1.3016,       11.7935,      -16.8895,      -73.8895,  308.0654,0.192068,  6.8792E-06
      -18.0000,       65.0000,       52.0000,        0.0000,       10.0000,      355.0000,       12.0000,     2024.0000,      239.4852,        5.7378,      177.7648,        0.7331,      588.2770,        0.6346,    84856.8041,        2.8957,       75.1483,      -22.8029,       85.3743,  239.4852,0.246932,  5.6637E-06
      103.8200,        1.3500,       15.0000,       30.0000,       14.0000,      120.0000,        4.0000,     2024.0000,      308.9722,        5.2285,      129.5924,        0.8314,      963.6394,        0.9264,   100958.6227,        1.7238,       23.4694,       -6.8252,      -30.3009,  309.7873,0.190690,  5.9500E-06
     -112.0700,       33.4500,      331.0000,        0.0000,       13.0000,      200.0000,        7.0000,     2024.0000,      297.8931,        5.0551,      198.5358,        0.3602,     1011.2831,        0.2590,    86540.1858,        1.9717,       46.4178,      -22.3316,      -65.6356,  306.3665,0.193427,  6.2497E-06
     -112.0700,       33.4500,      331.0000,        0.0000,       13.0000,      200.0000,        7.0000,     2024.0000,      308.0053,        9.5884,      326.8975,        0.3270,     1176.0765,        0.3320,    91898.9056,        1.9146,       45.0129,      -12.9871,     -116.5302,  313.5030,0.187718,  7.7945E-06
      103.8200,        1.3500,       15.0000,       30.0000,       14.0000,      120.0000,        4.0000,     2024.0000,      294.1346,        3.7925,      213.1749,        0.7716,     1061.8692,        0.8905,    87314.0377,        0.6219,       21.9918,       -3.7113,      -92.0503,  295.8123,0.201870,  2.2837E-06
     -112.0700,       33.4500,      331.0000,        0.0000,       13.0000,      200.0000,        7.0000,     2024.0000,      293.6578,        7.8214,      352.2208,        0.2105,      893.3175,        0.2239,    92266.9182,        4.0120,       28.0999,      -22.4853,     -120.2486,  300.3901,0.198208,  8.3836E-06
      103.8200,        1.3500,       15.0000,       30.0000,       14.0000,      120.0000,        4.0000,     2024.0000,      300.7152,        6.0477,      267.0774,        0.7653,      662.2416,        0.8563,    89615.5214,        1.0159,       36.1838,       21.8135,      -19.4729,  301.5041,0.197317,  4.9169E-06
       25.0000,       23.5000,      200.0000,        0.0000,       11.0000,       90.0000,        3.0000,     2024.0000,      284.6293,       21.8754,        4.4241,        0.2535,      542.4693,        0.5872,    93341.3850,        2.7340,       49.3800,       -6.2924,       91.6773,  285.1958,0.210363,  2.0641E-05
       -0.1300,       51.5100,       11.0000,        0.0000,        9.0000,       80.0000,        3.0000,     2024.0000,      280.0142,       12.9707,      273.6053,        0.5167,      629.6455,        0.4600,    94442.8057,        2.6146,       23.8420,        8.1264,     -100.9992,  282.2779,0.212698,  1.2396E-05
       -0.1300,       51.5100,       11.0000,        0.0000,        9.0000,       80.0000,        3.0000,     2024.0000,      309.9905,        1.6086,      337.5426,        0.4094,     1044.0780,        0.2394,    90085.0245,        2.3710,       64.6694,      -14.2106,      -40.6863,  332.8153,0.172268,  2.7651E-06
       55.3000,       25.2000,        5.0000,        0.0000,       10.0000,      280.0000,       10.0000,     2024.0000,      317.0819,        5.7968,       62.3436,        0.4767,      809.5682,        0.1308,    92969.4774,        3.7457,        7.8098,      -12.3460,       42.4703,  326.4086,0.177393,  8.6475E-06
      103.8200,        1.3500,       15.0000,       30.0000,       14.0000,      120.0000,        4.0000,     2024.0000,      300.4851,        0.0898,      140.6064,        0.9889,     1145.3758,        0.6582,    87066.8264,        2.0039,        0.3437,       27.6215,      124.4586,  310.0653,0.190468,  1.4077E-06
      103.8200,        1.3500,       15.0000,       30.0000,       14.0000,      120.0000,        4.0000,     2024.0000,      290.9899,        5.9602,       56.0116,        0.7452,      761.7583,        0.8905,    99273.2484,        0.6492,       35.6126,       25.4580,      123.5338,  292.8554,0.204236,  4.5973E-06
       55.3000,       25.2000,        5.0000,        0.0000,       10.0000,      280.0000,       10.0000,     2024.0000,      300.1367,        6.9620,      154.2493,        0.2193,      884.3750,        0.1990,    95159.5629,        3.0985,       33.8931,      -25.9006,       74.2660,  304.4370,0.194970,  1.0761E-05
       55.3000,       25.2000,        5.0000,        0.0000,       10.0000,      280.0000,       10.0000,     2024.0000,      301.2416,        4.5639,      274.1913,        0.3416,     1068.7574,        0.2948,    89227.8381,        1.5838,       15.7129,        3.4492,      -62.7892,  317.4514,0.184559,  4.9731E-06
      -18.0000,       65.0000,       52.0000,        0.0000,       10.0000,      355.0000,       12.0000,     2024.0000,      244.6686,        7.6641,      144.1181,        0.9148,      564.2656,        0.4334,    86674.2281,        2.5281,       57.5555,        8.6627,     -111.0754,  245.1066,0.242435,  7.9571E-06
      -68.0000,      -16.5000,     3600.0000,        0.0000,       12.0000,      172.0000,        6.0000,     2024.0000,      299.2451,       12.3294,      289.8130,        0.3322,     1354.8960,        0.2724,    71342.9805,        1.2868,       25.9507,      -14.7826,       81.5476,  308.6030,0.191638,  1.2945E-05
     -112.0700,       33.4500,      331.0000,        0.0000,       13.0000,      200.0000,        7.0000,     2024.0000,      322.2376,        6.3955,      301.1466,        0.0987,     1295.3066,        0.2691,    86387.3918,        1.4738,       23.5824,      -11.2538,       87.5435,  342.2196,0.164744,  5.8499E-06
     -122.0000,       37.5000,       25.0000,        0.0000,       12.0000,      172.0000,        6.0000,     2024.0000,      298.5991,        1.5375,      149.6584,        0.1187,      937.3187,        0.4400,    91163.1109,        2.9760,       52.0375,      -28.6212,      -22.6595,  308.8441,0.191445,  3.1935E-06
     -112.0700,       33.4500,      331.0000,        0.0000,       13.0000,      200.0000,        7.0000,     2024.0000,      308.3488,        1.2993,      222.9649,        0.3669,     1346.6207,        0.3039,    90413.3170,        1.9382,       43.9317,       10.8691,     -101.8605,  322.7380,0.180330,  2.7103E-06
       25.0000,       23.5000,      200.0000,        0.0000,       11.0000,       90.0000,        3.0000,     2024.0000,      306.0512,       23.0651,       91.8453,        0.0522,      555.8406,        0.5466,    98718.1496,        4.6112,       45.2996,      -13.3643,      -96.0238,  307.2849,0.192692,  3.4090E-05
      151.2100,      -33.8700,       39.0000,        0.0000,       12.0000,      172.0000,        6.0000,     2024.0000,      300.1753,        6.7015,      197.8606,        0.8058,      751.0957,        0.5447,    98441.8302,        1.4888,       63.6302,      -27.5859,       26.6171,  300.1753,0.198380,  6.3402E-06
       25.0000,       23.5000,      200.0000,        0.0000,       11.0000,       90.0000,        3.0000,     2024.0000,      319.7646,       22.8645,       47.0446,        0.0666,      466.4893,        0.5480,    85817.4644,        3.6488,        4.2148,       38.7670,      -31.2402,  320.7592,0.181913,  2.8160E-05
      151.2100,      -33.8700,       39.0000,        0.0000,       12.0000,      172.0000,        6.0000,     2024.0000,      296.4184,       10.8874,      145.7236,        0.2129,      731.0130,        0.0114,    87260.7386,        0.5744,       29.9744,      -19.9951,       74.5752,  301.1059,0.197635,  6.3213E-06
      103.8200,        1.3500,       15.0000,       30.0000,       14.0000,      120.0000,        4.0000,     2024.0000,      290.0811,        3.7896,      177.0900,        0.6195,      943.7704,        0.7843,    93426.2801,        0.8326,       18.3808,      -14.4662,       59.6857,  294.8268,0.202659,  3.5836E-06
     -112.0700,       33.4500,      331.0000,        0.0000,       13.0000,      200.0000,        7.0000,     2024.0000,      312.4367,        7.4219,      193.6454,        0.3738,     1303.4826,        0.2860,    97266.6805,        2.9703,       27.3724,       24.7383,       79.6043,  325.6762,0.177979,  1.2019E-05
       -0.1300,       51.5100,       11.0000,        0.0000,        9.0000,       80.0000,        3.0000,     2024.0000,      261.3918,        6.7674,      318.1456,        0.6159,     1107.8219,        0.1478,    95166.1130,        1.9862,       35.7111,       29.5383,      109.9740,  261.3918,0.229407,  5.8175E-06
     -122.0000,       37.5000,       25.0000,        0.0000,       12.0000,      172.0000,        6.0000,     2024.0000,      277.6946,        0.5243,      222.4749,        0.2546,      867.6603,        0.0478,    96073.7925,        2.8545,       12.4338,      -12.4459,      -86.8940,  302.2470,0.196722,  2.6040E-06
     -122.0000,       37.5000,       25.0000,        0.0000,       12.0000,      172.0000,        6.0000,     2024.0000,      286.3395,       12.2426,      198.4880,        0.1664,     1240.2674,        0.3621,    87351.4418,        1.4280,       27.5453,      -12.2617,       92.4140,  295.9381,0.201770,  9.2994E-06
       25.0000,       23.5000,      200.0000,        0.0000,       11.0000,       90.0000,        3.0000,     2024.0000,      289.0888,       18.2826,      171.1284,        0.3341,      464.1293,        0.9238,    88715.8945,        3.8474,       49.3405,       -0.0445,        2.0033,  289.3140,0.207069,  1.9972E-05
      -18.0000,       65.0000,       52.0000,        0.0000,       10.0000,      355.0000,       12.0000,     2024.0000,      244.8017,       12.1805,       84.0532,        0.5887,       17.9508,        0.7744,    96068.4252,        2.6447,       76.6075,       14.4213,     -125.5770,  244.8017,0.242679,  1.0954E-05
      151.2100,      -33.8700,       39.0000,        0.0000,       12.0000,      172.0000,        6.0000,     2024.0000,      311.7475,        2.5898,      109.3133,        0.3841,      762.9693,        0.2369,    96424.1032,        1.5032,       27.8906,       10.6799,        6.9432,  313.1895,0.187968,  4.0828E-06
       25.0000,       23.5000,      200.0000,        0.0000,       11.0000,       90.0000,        3.0000,     2024.0000,      322.3564,       21.8163,      205.5450,        0.4405,      630.0357,        0.5869,    94545.9422,        3.3692,        8.2752,       -7.4397,      -88.1039,  323.9954,0.179324,  2.5385E-05
       25.0000,       23.5000,      200.0000,        0.0000,       11.0000,       90.0000,        3.0000,     2024.0000,      313.3751,       23.3919,       84.9131,        0.0254,      344.7882,        0.6633,    93706.4731,        3.8574,       25.9562,       12.3360,       51.0388,  313.9579,0.187354,  2.2152E-05
      -68.0000,      -16.5000,     3600.0000,        0.0000,       12.0000,      172.0000,        6.0000,     2024.0000,      265.2237,        5.0191,      208.8023,        0.3190,     1108.8906,        0.1326,    63884.1677,        1.4969,       43.1308,       -7.9376,     -121.1246,  282.4141,0.212589,  4.5037E-06
      103.8200,        1.3500,       15.0000,       30.0000,       14.0000,      120.0000,        4.0000,     2024.0000,      299.5524,        5.3322,      207.4820,        0.6862,      709.0756,        0.6850,    97173.8355,        0.8318,       12.5546,       17.8560,       84.1112,  304.3222,0.195062,  3.2057E-06
      151.2100,      -33.8700,       39.0000,        0.0000,       12.0000,      172.0000,        6.0000,     2024.0000,      299.4321,        9.6343,       43.7541,        0.6538,     1236.7296,        0.1692,    88220.3359,        2.0129,       60.5310,      -24.4853,       65.4181,  299.4321,0.198974,  1.0468E-05
      -68.0000,      -16.5000,     3600.0000,        0.0000,       12.0000,      172.0000,        6.0000,     2024.0000,      303.6238,        1.8029,      188.6955,        0.2060,     1191.0357,        0.0674,    76088.9935,        1.6771,       30.9021,      -12.6003,      -60.9830,  320.2721,0.182302,  2.6133E-06
      -68.0000,      -16.5000,     3600.0000,        0.0000,       12.0000,      172.0000,        6.0000,     2024.0000,      283.7176,        1.2905,      150.4653,        0.1170,     1290.2263,        0.0728,    77857.3487,        0.7389,       48.9224,      -31.4660,       98.8969,  303.7480,0.195522,  2.0699E-06
       -0.1300,       51.5100,       11.0000,        0.0000,        9.0000,       80.0000,        3.0000,     2024.0000,      256.4068,        7.8899,      223.1403,        0.7875,     1196.2981,        0.3932,   100946.2125,        1.6935,       30.2121,      -22.2780,       42.6234,  260.4161,0.230187,  6.6433E-06
      -68.0000,      -16.5000,     3600.0000,        0.0000,       12.0000,      172.0000,        6.0000,     2024.0000,      271.1076,       12.3006,      343.2884,        0.1859,      908.5168,        0.1610,    60665.4921,        3.3735,        8.2657,      -24.8698,      -38.9460,  276.1384,0.217609,  1.2727E-05
     -112.0700,       33.4500,      331.0000,        0.0000,       13.0000,      200.0000,        7.0000,     2024.0000,      291.7217,        9.2417,      359.6452,        0.0098,      978.2401,        0.3492,    98506.6923,        1.9330,       34.6493,      -18.5851,      -17.5725,  299.8499,0.198640,  8.5356E-06
     -112.0700,       33.4500,      331.0000,        0.0000,       13.0000,      200.0000,        7.0000,     2024.0000,      291.7230,       10.3805,      326.9829,        0.1119,     1182.4520,        0.3405,    86208.7649,        3.9846,       49.9637,        8.6976,      -36.8093,  297.6800,0.200376,  1.0057E-05
      -18.0000,       65.0000,       52.0000,        0.0000,       10.0000,      355.0000,       12.0000,     2024.0000,      248.5367,       16.3985,      148.4333,        0.7550,      324.5075,        0.3790,    87375.3053,        1.5332,       89.4188,       14.2572,      -77.8971,  249.8644,0.238628,  9.6027E-06
       55.3000,       25.2000,        5.0000,        0.0000,       10.0000,      280.0000,       10.0000,     2024.0000,      314.4760,        7.5871,      165.8343,        0.1798,      955.0226,        0.3764,    89596.4995,        3.1287,        2.0811,       23.6923,       55.8401,  320.7408,0.181927,  1.2469E-05
      -18.0000,       65.0000,       52.0000,        0.0000,       10.0000,      355.0000,       12.0000,     2024.0000,      245.7713,        7.3854,       63.4032,        0.8779,      293.7304,        0.5686,    89825.0843,        2.6084,       72.8810,       13.1116,       48.9230,  246.2002,0.241560,  6.6602E-06
       -0.1300,       51.5100,       11.0000,        0.0000,        9.0000,       80.0000,        3.0000,     2024.0000,      289.7396,        0.1169,      349.8937,        0.7862,     1107.2954,        0.3774,   100293.1871,        1.1613,       16.3346,       30.3113,      -44.3041,  304.2211,0.195143,  1.2973E-06
      151.2100,      -33.8700,       39.0000,        0.0000,       12.0000,      172.0000,        6.0000,     2024.0000,      312.0726,        5.9195,      211.3589,        0.6514,      634.2657,        0.5752,    94704.0736,        1.6073,       25.0208,      -22.8401,       95.0661,  314.9091,0.186593,  5.7542E-06
       25.0000,       23.5000,      200.0000,        0.0000,       11.0000,       90.0000,        3.0000,     2024.0000,      316.8352,       23.8913,       80.3389,        0.2086,      921.2707,        0.6899,    94948.1269,        4.2081,       25.1766,        8.2016,       37.3981,  318.3490,0.183841,  2.4753E-05
      103.8200,        1.3500,       15.0000,       30.0000,       14.0000,      120.0000,        4.0000,     2024.0000,      293.5844,        5.1919,      254.0355,        0.7628,      890.0233,        0.9128,    94252.2065,        1.7759,       20.4616,        4.2014,      -59.8287,  294.4517,0.202959,  4.9761E-06
       -0.1300,       51.5100,       11.0000,        0.0000,        9.0000,       80.0000,        3.0000,     2024.0000,      305.1401,       12.2025,      149.1757,        0.9513,      558.1646,        0.1545,    99444.5115,        0.6839,       10.8512,        8.9513,     -110.0696,  309.4161,0.190987,  8.0304E-06
      151.2100,      -33.8700,       39.0000,        0.0000,       12.0000,      172.0000,        6.0000,     2024.0000,      304.0042,        9.2880,      191.5118,        0.4954,      562.8405,        0.5988,    86646.4129,        1.8382,       28.1200,       11.2520,        0.5793,  304.2900,0.195088,  7.5995E-06
      103.8200,        1.3500,       15.0000,       30.0000,       14.0000,      120.0000,        4.0000,     2024.0000,      291.8868,        4.0970,      217.5546,        0.7645,     1095.6369,        0.9789,   100623.6399,        1.3906,       27.8023,      -15.7604,      -35.0480,  292.1342,0.204813,  3.3514E-06
     -112.0700,       33.4500,      331.0000,        0.0000,       13.0000,      200.0000,        7.0000,     2024.0000,      303.4355,        1.3827,      317.9962,        0.2169,      824.3458,        0.1103,    99935.9702,        2.6303,        5.5102,       31.0638,       33.6783,  321.7697,0.181104,  3.4220E-06
      151.2100,      -33.8700,       39.0000,        0.0000,       12.0000,      172.0000,        6.0000,     2024.0000,      307.5795,        6.1657,        4.7506,        0.7227,      640.6344,        0.5723,    99031.7848,        0.8281,       63.6023,       -8.9761,      -98.7062,  309.9197,0.190584,  5.6676E-06
      -68.0000,      -16.5000,     3600.0000,        0.0000,       12.0000,      172.0000,        6.0000,     2024.0000,      274.9111,       15.0732,      197.2749,        0.2568,     1352.3885,        0.3543,    66530.0782,        1.5764,       41.8620,       21.0828,      -43.2185,  277.3811,0.216615,  1.2747E-05
       -0.1300,       51.5100,       11.0000,        0.0000,        9.0000,       80.0000,        3.0000,     2024.0000,      276.6407,       12.8994,      171.0883,        0.9277,      337.9288,        0.1418,    90170.0368,        1.1779,       55.7792,      -22.8860,      -94.7579,  279.7164,0.214747,  8.9462E-06
      -68.0000,      -16.5000,     3600.0000,        0.0000,       12.0000,      172.0000,        6.0000,     2024.0000,      267.2243,        1.2831,      338.6114,        0.1754,     1082.9415,        0.2999,    77845.6184,        2.4096,       26.3128,        6.0509,       -5.5939,  276.1570,0.217594,  2.0598E-06
       55.3000,       25.2000,        5.0000,        0.0000,       10.0000,      280.0000,       10.0000,     2024.0000,      296.9609,        3.6492,      132.8530,        0.2076,     1017.0033,        0.3790,    93988.3698,        2.0064,        7.4987,      -29.9154,      -29.6757,  307.9756,0.192140,  4.1520E-06
       -0.1300,       51.5100,       11.0000,        0.0000,        9.0000,       80.0000,        3.0000,     2024.0000,      278.8234,        7.1435,      324.3521,        0.9639,     1192.6840,        0.7426,    95992.0262,        0.5309,        7.1044,       -9.3639,     -102.0879,  282.4056,0.212596,  5.7690E-06
       25.0000,       23.5000,      200.0000,        0.0000,       11.0000,       90.0000,        3.0000,     2024.0000,      318.0485,       21.1742,      184.4210,        0.3514,      471.1485,        0.5028,   100050.8907,        2.5004,       44.4102,       29.3394,       29.6531,  319.1907,0.183167,  2.3464E-05
      151.2100,      -33.8700,       39.0000,        0.0000,       12.0000,      172.0000,        6.0000,     2024.0000,      277.8327,        3.7041,      133.4411,        0.8765,      610.8928,        0.1095,    88743.5655,        2.3165,       47.2984,       31.1441,      -33.5868,  277.8327,0.216254,  4.5513E-06
       55.3000,       25.2000,        5.0000,        0.0000,       10.0000,      280.0000,       10.0000,     2024.0000,      288.9060,        7.6259,      175.7765,        0.7797,     1250.2440,        0.1708,    98731.4966,        2.5742,        2.9006,       26.1819,     -108.0232,  300.0125,0.198510,  1.1157E-05
       -0.1300,       51.5100,       11.0000,        0.0000,        9.0000,       80.0000,        3.0000,     2024.0000,      305.2427,        1.6453,      211.3985,        0.7634,     1063.9267,        0.4479,    88958.4674,        1.5338,       28.7028,       21.5450,      119.0449,  305.2427,0.194326,  3.0596E-06
       55.3000,       25.2000,        5.0000,        0.0000,       10.0000,      280.0000,       10.0000,     2024.0000,      276.8414,       11.7044,      190.6601,        0.5853,      778.6540,        0.1545,   100244.2535,        1.8333,       51.4152,       19.2216,      114.1042,  276.8414,0.217047,  1.2038E-05
      151.2100,      -33.8700,       39.0000,        0.0000,       12.0000,      172.0000,        6.0000,     2024.0000,      311.7231,       10.1210,        6.9945,        0.6647,     1116.2146,        0.4587,    89865.8383,        1.3556,       30.2248,      -27.6404,      -41.9435,  313.1113,0.188031,  9.9724E-06
      -18.0000,       65.0000,       52.0000,        0.0000,       10.0000,      355.0000,       12.0000,     2024.0000,      252.3403,        8.7111,      111.9455,        0.8337,      498.8495,        0.7401,    97159.8480,        2.6623,       78.8366,       24.7253,      -23.1296,  253.9212,0.235383,  9.9940E-06
       25.0000,       23.5000,      200.0000,        0.0000,       11.0000,       90.0000,        3.0000,     2024.0000,      292.6564,       16.2127,      168.1924,        0.0200,      468.2947,        0.5378,    92005.0998,        2.8865,       35.5157,      -15.5779,      132.4389,  293.5504,0.203680,  2.0607E-05
       25.0000,       23.5000,      200.0000,        0.0000,       11.0000,       90.0000,        3.0000,     2024.0000,      319.2665,       24.6644,       38.2579,        0.4325,      372.5117,        0.9651,    99083.3347,        3.1213,       53.7608,       -8.2196,       66.9252,  319.3011,0.183079,  3.3887E-05
       25.0000,       23.5000,      200.0000,        0.0000,       11.0000,       90.0000,        3.0000,     2024.0000,      282.9722,       24.5867,      142.4603,        0.0124,      492.6681,        0.9208,    87366.6621,        2.7598,       20.2206,        1.9780,       11.9030,  283.1870,0.211970,  2.6057E-05
      151.2100,      -33.8700,       39.0000,        0.0000,       12.0000,      172.0000,        6.0000,     2024.0000,      263.5569,        4.1517,       53.0577,        0.5550,      727.5230,        0.3300,   100438.3837,        2.4913,       67.6731,        3.6759,      -36.1431,  263.5569,0.227674,  3.8605E-06
       25.0000,       23.5000,      200.0000,        0.0000,       11.0000,       90.0000,        3.0000,     2024.0000,      282.9391,       14.9426,      164.3261,        0.2287,      304.1725,        0.8929,    85351.9661,        2.9349,       59.3759,      -11.4527,      -31.3981,  283.1763,0.211979,  1.6514E-05
     -112.0700,       33.4500,      331.0000,        0.0000,       13.0000,      200.0000,        7.0000,     2024.0000,      301.0928,        4.3971,      252.4503,        0.0557,      911.0712,        0.1014,    93806.1431,        3.9148,       16.5769,      -12.5287,       11.4651,  317.7011,0.184359,  6.5857E-06
      -18.0000,       65.0000,       52.0000,        0.0000,       10.0000,      355.0000,       12.0000,     2024.0000,      256.0603,       13.9987,       32.3431,        0.7957,      540.9651,        0.7118,    90847.9914,        1.6336,       50.2786,      -16.4951,      -83.1998,  256.8315,0.233055,  1.2162E-05
       -0.1300,       51.5100,       11.0000,        0.0000,        9.0000,       80.0000,        3.0000,     2024.0000,      282.1458,        6.7261,      110.3576,        0.5665,     1007.8113,        0.3589,    90314.7590,        0.6285,       13.5460,       25.1447,       67.3756,  286.5960,0.209243,  5.1536E-06
      -18.0000,       65.0000,       52.0000,        0.0000,       10.0000,      355.0000,       12.0000,     2024.0000,      260.3546,       19.6901,       11.0415,        0.6627,      210.4322,        0.9337,    90863.6099,        0.5975,       75.3277,      -19.4895,      -99.0424,  260.4035,0.230197,  9.7738E-06
       -0.1300,       51.5100,       11.0000,        0.0000,        9.0000,       80.0000,        3.0000,     2024.0000,      271.3657,        2.1709,      332.5137,        0.9186,      487.2836,        0.6403,    91325.9404,        2.3219,       62.4570,       22.7161,       94.4450,  271.3657,0.221427,  2.6365E-06
       25.0000,       23.5000,      200.0000,        0.0000,       11.0000,       90.0000,        3.0000,     2024.0000,      315.0030,       15.3388,      184.0790,        0.1591,      618.9295,        0.3976,    88739.1358,        4.3782,       38.8245,      -13.1609,       80.7136,  316.9493,0.184961,  2.1581E-05
       -0.1300,       51.5100,       11.0000,        0.0000,        9.0000,       80.0000,        3.0000,     2024.0000,      264.9259,        5.8747,      208.3096,        0.8704,      744.6513,        0.4869,    87399.7674,        0.8352,        5.3956,       -1.0845,       15.5292,  269.1372,0.223210,  4.2701E-06
      -18.0000,       65.0000,       52.0000,        0.0000,       10.0000,      355.0000,       12.0000,     2024.0000,      251.6596,        4.0619,       70.4656,        0.9445,      619.2835,        0.4171,    91816.8420,        2.1096,       72.2406,      -21.4643,       75.3564,  251.6596,0.237192,  4.1374E-06
      151.2100,      -33.8700,       39.0000,        0.0000,       12.0000,      172.0000,        6.0000,     2024.0000,      257.9985,       11.3563,      116.9469,        0.6914,      668.6508,        0.3706,    86622.9462,        1.0734,       26.3917,      -21.7471,      -91.3964,  261.0749,0.229660,  7.0769E-06
       25.0000,       23.5000,      200.0000,        0.0000,       11.0000,       90.0000,        3.0000,     2024.0000,      320.6096,       17.8078,      137.3565,        0.1462,      863.1806,        0.9684,    89012.9878,        3.8881,       34.4501,        5.8252,       57.3408,  320.7695,0.181904,  2.1708E-05
       25.0000,       23.5000,      200.0000,        0.0000,       11.0000,       90.0000,        3.0000,     2024.0000,      307.0777,       18.9112,      188.6100,        0.1390,      194.8953,        0.6166,    86755.8721,        3.8318,       49.6794,      -20.8630,      -93.1692,  307.4854,0.192532,  2.7246E-05
      103.8200,        1.3500,       15.0000,       30.0000,       14.0000,      120.0000,        4.0000,     2024.0000,      275.3088,        2.8254,      295.2232,        0.6500,      795.1834,        0.7222,    99699.2669,        1.6061,       34.6924,      -22.5250,       86.9058,  280.6584,0.213993,  3.3336E-06
     -112.0700,       33.4500,      331.0000,        0.0000,       13.0000,      200.0000,        7.0000,     2024.0000,      290.9290,        7.6094,      308.2846,        0.1546,     1021.0240,        0.3608,    99526.6982,        3.2357,        4.3885,       20.8198,       90.5785,  300.0324,0.198494,  8.2312E-06
     -122.0000,       37.5000,       25.0000,        0.0000,       12.0000,      172.0000,        6.0000,     2024.0000,      318.0695,        0.9611,      219.1970,        0.3718,     1089.1384,        0.3658,    97488.9826,        1.1965,        6.0675,        8.6996,      -85.4069,  341.2582,0.165513,  2.2208E-06
       -0.1300,       51.5100,       11.0000,        0.0000,        9.0000,       80.0000,        3.0000,     2024.0000,      306.2749,       10.1214,      290.7493,        0.8636,      642.7635,        0.6142,   100968.3177,        2.4480,       39.4041,       21.4768,      112.9703,  306.2749,0.193500,  1.4607E-05
      103.8200,        1.3500,       15.0000,       30.0000,       14.0000,      120.0000,        4.0000,     2024.0000,      272.1403,       10.1968,      192.5020,        0.7818,      887.9999,        0.8863,    99898.8120,        0.7386,        9.0454,       16.7441,      -88.1615,  273.3545,0.219836,  4.6494E-06
       55.3000,       25.2000,        5.0000,        0.0000,       10.0000,      280.0000,       10.0000,     2024.0000,      290.0019,        5.6000,      157.0353,        0.7811,      904.9169,        0.0063,    95684.5247,        1.6470,       22.2213,       28.5895,     -113.5056,  303.4941,0.195725,  6.6530E-06
     -122.0000,       37.5000,       25.0000,        0.0000,       12.0000,      172.0000,        6.0000,     2024.0000,      321.0235,        3.0502,      244.2184,        0.6808,      808.6841,        0.1438,    86538.6682,        2.1258,       38.2361,      -26.5980,       32.0478,  335.7529,0.169918,  3.7374E-06
      103.8200,        1.3500,       15.0000,       30.0000,       14.0000,      120.0000,        4.0000,     2024.0000,      297.8793,        4.6938,      193.6915,        0.9728,      534.1148,        0.6004,    98928.8722,        1.0665,        2.1617,      -29.2977,      -13.1780,  301.5140,0.197309,  4.0528E-06
      -68.0000,      -16.5000,     3600.0000,        0.0000,       12.0000,      172.0000,        6.0000,     2024.0000,      244.2587,        9.9730,      298.2808,        0.3809,      936.0446,        0.0989,    61064.3239,        0.5345,       38.4499,      -10.1054,       45.7762,  249.4271,0.238978,  4.2066E-06
      151.2100,      -33.8700,       39.0000,        0.0000,       12.0000,      172.0000,        6.0000,     2024.0000,      262.2129,        6.7405,       72.6345,        0.3707,     1048.4979,        0.2931,    90897.0715,        0.6875,       63.4903,      -20.0971,      -40.9815,  262.2129,0.228750,  4.4335E-06
      151.2100,      -33.8700,       39.0000,        0.0000,       12.0000,      172.0000,        6.0000,     2024.0000,      290.8299,       12.1071,      159.2590,        0.6809,      498.2462,        0.5980,    98718.1962,        1.5973,       56.6436,       -3.9699,       89.1177,  291.6313,0.205215,  8.2529E-06
      -18.0000,       65.0000,       52.0000,        0.0000,       10.0000,      355.0000,       12.0000,     2024.0000,      239.7677,       19.9511,      114.1297,        0.9962,      295.3424,        0.7688,    96886.3498,        2.4735,       81.9621,        4.1678,        9.1957,  240.1547,0.246396,  1.8449E-05
       55.3000,       25.2000,        5.0000,        0.0000,       10.0000,      280.0000,       10.0000,     2024.0000,      303.3349,        8.5791,       91.9328,        0.6878,      849.2281,        0.1626,    98763.6842,        4.3169,       21.9823,      -13.7926,       93.9662,  308.1044,0.192037,  1.1144E-05
      -18.0000,       65.0000,       52.0000,        0.0000,       10.0000,      355.0000,       12.0000,     2024.0000,      257.5810,        7.0115,       77.5408,        0.9615,       58.7541,        0.4641,    95811.8876,        2.4027,       65.7793,      -25.2190,      102.3224,  257.5810,0.232455,  7.9139E-06
       -0.1300,       51.5100,       11.0000,        0.0000,        9.0000,       80.0000,        3.0000,     2024.0000,      282.9557,        5.3040,      208.3046,        0.4285,      763.6768,        0.4354,   100287.8806,        0.7775,       24.3784,      -27.7413,      -97.9917,  289.2814,0.207095,  4.4318E-06
      -18.0000,       65.0000,       52.0000,        0.0000,       10.0000,      355.0000,       12.0000,     2024.0000,      236.0543,        3.7978,      101.5067,        0.5565,      567.3857,        0.8178,    95402.9553,        1.9026,       87.1924,      -10.7883,        2.2919,  238.0790,0.248057,  3.3320E-06
     -112.0700,       33.4500,      331.0000,        0.0000,       13.0000,      200.0000,        7.0000,     2024.0000,      306.6059,        1.2836,      253.9171,        0.1262,     1071.3997,        0.3339,    92648.2548,        3.9933,       49.9384,        0.6900,       78.0998,  324.2728,0.179102,  2.9454E-06
      -68.0000,      -16.5000,     3600.0000,        0.0000,       12.0000,      172.0000,        6.0000,     2024.0000,      283.6401,        4.9413,      225.4839,        0.3598,      949.7641,        0.1644,    69965.3115,        2.7014,       45.0216,       -3.4550,      -28.0837,  285.8436,0.209845,  6.9423E-06
       55.3000,       25.2000,        5.0000,        0.0000,       10.0000,      280.0000,       10.0000,     2024.0000,      301.2061,        8.8934,      270.2703,        0.4760,     1236.6333,        0.3673,    89377.5544,        2.5480,       25.8101,      -18.0305,       54.3074,  307.7660,0.192307,  8.4307E-06
     -122.0000,       37.5000,       25.0000,        0.0000,       12.0000,      172.0000,        6.0000,     2024.0000,      285.0818,       10.3008,      304.2249,        0.5311,     1358.8464,        0.3522,    88009.7378,        2.3822,       16.3723,       18.4513,      -57.2612,  295.9490,0.201761,  1.3228E-05
     -112.0700,       33.4500,      331.0000,        0.0000,       13.0000,      200.0000,        7.0000,     2024.0000,      305.6486,        5.9751,      236.3381,        0.1232,      834.9391,        0.0531,    86803.5464,        3.2307,        5.4065,       12.5805,     -130.8170,  318.5347,0.183692,  7.4790E-06
       25.0000,       23.5000,      200.0000,        0.0000,       11.0000,       90.0000,        3.0000,     2024.0000,      312.3355,       13.8165,      157.7716,        0.3529,      695.1646,        0.8096,    86507.9178,        4.3378,       28.2284,       30.6890,       65.5680,  313.1970,0.187962,  1.9392E-05
       -0.1300,       51.5100,       11.0000,        0.0000,        9.0000,       80.0000,        3.0000,     2024.0000,      283.1935,       11.2772,      327.3301,        0.9764,      693.0846,        0.6547,    99844.6764,        1.3962,       49.3601,       -1.9246,      119.3232,  283.1935,0.211965,  7.3822E-06
       -0.1300,       51.5100,       11.0000,        0.0000,        9.0000,       80.0000,        3.0000,     2024.0000,      259.1457,        5.8539,      302.6746,        0.6734,     1101.5929,        0.4256,    98272.5573,        3.0144,       21.8532,      -15.8887,      -92.1579,  266.1154,0.225628,  7.0719E-06
       55.3000,       25.2000,        5.0000,        0.0000,       10.0000,      280.0000,       10.0000,     2024.0000,      319.0462,        6.2239,       58.5746,        0.2245,     1019.6402,        0.0810,    94231.0124,        2.4199,       35.2512,      -13.1419,       18.0625,  332.4212,0.172583,  7.5756E-06
       25.0000,       23.5000,      200.0000,        0.0000,       11.0000,       90.0000,        3.0000,     2024.0000,      281.2856,       14.7107,      176.3062,        0.2449,       45.3863,        0.5156,    87611.5002,        4.5366,       52.0478,        6.9584,       65.6270,  281.3817,0.213415,  1.3394E-05
       25.0000,       23.5000,      200.0000,        0.0000,       11.0000,       90.0000,        3.0000,     2024.0000,      286.2746,       20.7956,      160.1757,        0.2935,      213.3742,        0.6263,    86943.4995,        3.3146,       29.9092,        4.5335,        4.9488,  286.7808,0.209095,  2.0378E-05
      -18.0000,       65.0000,       52.0000,        0.0000,       10.0000,      355.0000,       12.0000,     2024.0000,      260.4529,        4.2895,       13.2422,        0.5858,      489.5334,        0.5956,    97368.1397,        2.8535,       84.5445,      -19.3463,      109.3216,  260.4529,0.230158,  5.4782E-06
       -0.1300,       51.5100,       11.0000,        0.0000,        9.0000,       80.0000,        3.0000,     2024.0000,      311.7397,       11.0074,      284.0009,        0.5492,      873.1865,        0.4634,    88535.1284,        2.7295,       55.0428,       20.1012,      -99.0540,  315.7837,0.185893,  1.4153E-05
       -0.1300,       51.5100,       11.0000,        0.0000,        9.0000,       80.0000,        3.0000,     2024.0000,      294.9087,       11.2555,      301.1408,        0.5078,      431.5189,        0.7027,    91603.3432,        0.7563,       49.5840,        9.4056,       56.0442,  295.0743,0.202461,  7.4524E-06
       55.3000,       25.2000,        5.0000,        0.0000,       10.0000,      280.0000,       10.0000,     2024.0000,      314.3348,        2.0994,       95.2989,        0.4158,     1011.0110,        0.3542,    88690.0820,        2.6370,       14.8317,       27.9631,      122.4021,  322.8805,0.180216,  3.4131E-06
      151.2100,      -33.8700,       39.0000,        0.0000,       12.0000,      172.0000,        6.0000,     2024.0000,      276.5990,        6.7904,      193.1464,        0.5474,      590.3602,        0.3057,    93103.5942,        0.6405,       55.1654,       -1.5915,      -73.4807,  277.6738,0.216381,  3.7215E-06
      -68.0000,      -16.5000,     3600.0000,        0.0000,       12.0000,      172.0000,        6.0000,     2024.0000,      285.0736,       13.1428,      239.0416,        0.0882,     1085.5730,        0.3702,    70234.1493,        1.5153,        2.1856,      -13.5268,     -116.1475,  292.0165,0.204907,  1.2279E-05
      -68.0000,      -16.5000,     3600.0000,        0.0000,       12.0000,      172.0000,        6.0000,     2024.0000,      300.8070,        6.0622,      359.4779,        0.4629,     1150.7710,        0.1566,    77791.7580,        1.7081,       28.0822,       11.8076,      -81.7630,  313.5903,0.187648,  6.4560E-06
       25.0000,       23.5000,      200.0000,        0.0000,       11.0000,       90.0000,        3.0000,     2024.0000,      279.8991,       20.3181,      191.7831,        0.2884,       58.7525,        0.8025,    87359.2169,        3.8614,       60.6416,       -0.2983,       79.9955,  279.9209,0.214583,  2.1771E-05
      -18.0000,       65.0000,       52.0000,        0.0000,       10.0000,      355.0000,       12.0000,     2024.0000,      263.1022,       15.1224,       46.0002,        0.6737,      285.6776,        0.8483,    95073.4546,        2.1045,       82.6713,       18.7974,      -45.9148,  263.4941,0.227725,  1.3138E-05
      151.2100,      -33.8700,       39.0000,        0.0000,       12.0000,      172.0000,        6.0000,     2024.0000,      266.4934,        6.6775,      104.1737,        0.7715,      814.6452,        0.0845,    94351.4594,        2.1887,       83.9350,       27.4279,      -98.6425,  268.6508,0.223599,  6.8051E-06
       55.3000,       25.2000,        5.0000,        0.0000,       10.0000,      280.0000,       10.0000,     2024.0000,      306.7839,        0.9146,      286.2378,        0.4353,      759.9762,        0.0651,    90956.1193,        4.0788,       31.3385,       24.1822,       97.1721,  313.5848,0.187652,  2.7711E-06
      103.8200,        1.3500,       15.0000,       30.0000,       14.0000,      120.0000,        4.0000,     2024.0000,      284.1130,        0.6122,      114.5904,        0.8315,      567.5287,        0.9241,    97587.7649,        2.3028,       33.8744,        0.7209,     -100.5943,  284.5902,0.210848,  2.4024E-06
     -112.0700,       33.4500,      331.0000,        0.0000,       13.0000,      200.0000,        7.0000,     2024.0000,      317.1171,        7.8642,      321.6210,        0.1092,     1072.3307,        0.0646,    90620.9665,        3.6411,       36.7471,      -24.0415,       80.4627,  330.3542,0.174237,  1.1418E-05
       25.0000,       23.5000,      200.0000,        0.0000,       11.0000,       90.0000,        3.0000,     2024.0000,      315.8096,       15.2895,      192.7149,        0.2431,      232.7301,        0.9971,    88598.6677,        3.4491,       13.4025,       -3.6427,      126.3965,  315.8146,0.185868,  1.8129E-05
      -68.0000,      -16.5000,     3600.0000,        0.0000,       12.0000,      172.0000,        6.0000,     2024.0000,      243.8903,       16.3164,      246.0875,        0.3484,      944.5312,        0.1064,    69548.8713,        1.3204,       32.7509,       14.0839,     -126.3412,  251.8154,0.237068,  1.0621E-05
       -0.1300,       51.5100,       11.0000,        0.0000,        9.0000,       80.0000,        3.0000,     2024.0000,      301.6934,       10.5578,      183.5721,        0.4990,     1069.7519,        0.5069,    96982.8050,        1.1609,       31.5872,      -29.1514,      123.4003,  301.6934,0.197165,  8.8935E-06
      -18.0000,       65.0000,       52.0000,        0.0000,       10.0000,      355.0000,       12.0000,     2024.0000,      234.6500,        9.5105,       55.5868,        0.5593,       21.3269,        0.5238,    96597.1952,        1.9878,       55.6694,       -9.3155,       45.0059,  234.6860,0.250771,  8.6162E-06
      103.8200,        1.3500,       15.0000,       30.0000,       14.0000,      120.0000,        4.0000,     2024.0000,      298.6744,        7.7929,       65.6871,        0.8463,      603.4823,        0.7593,    95888.1141,        1.9809,       29.4382,      -20.8108,     -114.7474,  299.7664,0.198707,  6.2246E-06
      151.2100,      -33.8700,       39.0000,        0.0000,       12.0000,      172.0000,        6.0000,     2024.0000,      256.9186,        8.9369,      142.1477,        0.8192,      914.8506,        0.0114,    91070.9228,        1.3618,       54.6355,       17.9687,       26.6268,  256.9186,0.232985,  7.7060E-06
      -18.0000,       65.0000,       52.0000,        0.0000,       10.0000,      355.0000,       12.0000,     2024.0000,      261.5408,        7.5247,      158.0638,        0.9007,      610.7660,        0.4756,    84922.6418,        1.1521,       64.5743,       30.8565,      -78.0988,  264.6761,0.226779,  5.2018E-06
      -68.0000,      -16.5000,     3600.0000,        0.0000,       12.0000,      172.0000,        6.0000,     2024.0000,      259.0224,       10.5206,      311.2040,        0.3311,     1190.2532,        0.2181,    63563.7245,        1.9061,        2.3003,        2.9621,      -54.4600,  268.8651,0.223428,  1.1750E-05
       55.3000,       25.2000,        5.0000,        0.0000,       10.0000,      280.0000,       10.0000,     2024.0000,      305.0757,        8.0228,      103.7789,        0.4961,     1096.1081,        0.1317,    95075.6371,        2.3136,       13.8927,      -14.1285,      -29.6996,  318.2902,0.183888,  9.3277E-06
      -68.0000,      -16.5000,     3600.0000,        0.0000,       12.0000,      172.0000,        6.0000,     2024.0000,      298.8097,       13.0210,      188.2992,        0.2527,     1003.5327,        0.0176,    61742.4564,        3.4373,       29.6539,       14.5047,       50.0054,  303.4100,0.195792,  1.7085E-05
     -122.0000,       37.5000,       25.0000,        0.0000,       12.0000,      172.0000,        6.0000,     2024.0000,      309.9993,        9.9643,      186.2519,        0.5433,      867.3639,        0.0971,    98295.7090,        3.0444,        9.9439,      -25.5500,      -27.7975,  319.1884,0.183169,  1.5466E-05
      103.8200,        1.3500,       15.0000,       30.0000,       14.0000,      120.0000,        4.0000,     2024.0000,      296.2614,        4.0273,      278.1419,        0.8027,      764.1270,        0.9309,    88215.1561,        1.4237,       20.8144,      -24.0196,      -77.3966,  296.8805,0.201016,  4.5938E-06
       55.3000,       25.2000,        5.0000,        0.0000,       10.0000,      280.0000,       10.0000,     2024.0000,      316.6660,        7.5337,      301.6333,        0.4734,      913.8451,        0.3592,    89582.1352,        1.7271,       34.0703,      -14.4760,     -114.9204,  324.7882,0.178689,  7.3794E-06
      151.2100,      -33.8700,       39.0000,        0.0000,       12.0000,      172.0000,        6.0000,     2024.0000,      302.6153,       11.5277,      183.0579,        0.6447,      741.8571,        0.0462,    90124.6417,        2.7885,       78.2617,       12.0054,      118.0973,  306.6069,0.193235,  1.3816E-05
       25.0000,       23.5000,      200.0000,        0.0000,       11.0000,       90.0000,        3.0000,     2024.0000,      315.1153,       13.3866,       80.4156,        0.1744,      525.5007,        0.9688,   100505.4130,        2.4780,        9.8307,       35.1939,       80.5086,  315.2424,0.186326,  1.3564E-05
      -18.0000,       65.0000,       52.0000,        0.0000,       10.0000,      355.0000,       12.0000,     2024.0000,      253.4549,        5.3405,       18.0779,        0.8446,      487.6365,        0.7161,    85235.5989,        2.6777,       85.2385,       -0.2994,      -55.8814,  255.6801,0.233976,  7.0981E-06
      103.8200,        1.3500,       15.0000,       30.0000,       14.0000,      120.0000,        4.0000,     2024.0000,      303.6021,        8.1230,      114.8342,        0.6387,     1303.0389,        0.9888,    94823.1597,        2.2167,       37.6878,       17.2428,       14.5929,  303.7315,0.195535,  8.0794E-06
      103.8200,        1.3500,       15.0000,       30.0000,       14.0000,      120.0000,        4.0000,     2024.0000,      304.1434,        0.1653,      147.1406,        0.7480,      664.7461,        0.8781,    93014.7287,        0.7921,       40.0089,       19.2716,       96.5956,  306.9495,0.192960,  1.2176E-06
     -122.0000,       37.5000,       25.0000,        0.0000,       12.0000,      172.0000,        6.0000,     2024.0000,      292.3939,        1.9730,      204.6186,        0.1615,     1144.5687,        0.3603,   100469.9065,        1.0580,       58.6371,       24.0258,       86.6020,  303.3011,0.195879,  2.0369E-06
       25.0000,       23.5000,      200.0000,        0.0000,       11.0000,       90.0000,        3.0000,     2024.0000,      307.9484,       16.6018,       58.1652,        0.1470,      848.9934,        0.5617,    92950.5761,        3.1363,       21.5559,       -4.0966,     -112.6282,  310.7606,0.189911,  2.0047E-05
      -68.0000,      -16.5000,     3600.0000,        0.0000,       12.0000,      172.0000,        6.0000,     2024.0000,      272.4542,       11.9697,      268.9418,        0.0830,     1211.0399,        0.3682,    62137.6450,        1.6952,       22.0493,      -19.0664,       67.1805,  278.5284,0.215697,  1.3084E-05
     -122.0000,       37.5000,       25.0000,        0.0000,       12.0000,      172.0000,        6.0000,     2024.0000,      276.8105,        7.7662,      323.9079,        0.3094,      959.6298,        0.0154,    87368.7044,        0.9570,       34.2702,      -29.8421,       37.3640,  292.4887,0.204529,  6.5058E-06
      103.8200,        1.3500,       15.0000,       30.0000,       14.0000,      120.0000,        4.0000,     2024.0000,      304.0007,        4.6647,      174.2690,        0.6175,      813.4277,        0.6830,   100728.7069,        1.8065,       28.5563,       10.8904,      -66.5666,  306.2274,0.193538,  6.1362E-06
       -0.1300,       51.5100,       11.0000,        0.0000,        9.0000,       80.0000,        3.0000,     2024.0000,      291.5112,        2.2518,      146.5973,        0.9034,      365.7671,        0.6000,    97776.2203,        0.5815,        6.8085,       10.9449,      124.0902,  293.0080,0.204114,  2.1862E-06
      151.2100,      -33.8700,       39.0000,        0.0000,       12.0000,      172.0000,        6.0000,     2024.0000,      316.0703,        0.1161,       28.7535,        0.8480,      465.9356,        0.4508,    93042.4713,        0.8421,       85.0287,       27.9583,       23.2023,  316.0703,0.185664,  1.2684E-06
      151.2100,      -33.8700,       39.0000,        0.0000,       12.0000,      172.0000,        6.0000,     2024.0000,      262.8690,        8.4252,      176.9920,        0.7183,     1210.2234,        0.3394,    89353.1980,        1.9192,       51.3946,        4.9986,      119.5938,  271.4776,0.221338,  7.6160E-06
       55.3000,       25.2000,        5.0000,        0.0000,       10.0000,      280.0000,       10.0000,     2024.0000,      307.8187,        1.3317,      186.1907,        0.2076,      702.9367,        0.1754,    94026.0254,        3.5239,       10.1858,       24.2262,      -42.1099,  321.0442,0.181685,  3.2467E-06
     -122.0000,       37.5000,       25.0000,        0.0000,       12.0000,      172.0000,        6.0000,     2024.0000,      307.0602,        1.9956,      325.6636,        0.1822,      996.3780,        0.0262,    94260.0216,        1.7070,       43.5744,       13.1676,     -127.4305,  324.3019,0.179078,  3.0794E-06
     -112.0700,       33.4500,      331.0000,        0.0000,       13.0000,      200.0000,        7.0000,     2024.0000,      311.4273,        8.6756,      311.1113,        0.4888,      858.3516,        0.2057,    92569.0264,        3.5416,       55.1233,       26.6800,      -48.6226,  315.8481,0.185842,  1.0266E-05
     -122.0000,       37.5000,       25.0000,        0.0000,       12.0000,      172.0000,        6.0000,     2024.0000,      311.0241,        5.7321,      328.5478,        0.1623,      885.2856,        0.4207,    89138.7687,        2.3524,       28.8628,       21.6311,      -59.4800,  319.6719,0.182783,  6.8961E-06
       55.3000,       25.2000,        5.0000,        0.0000,       10.0000,      280.0000,       10.0000,     2024.0000,      304.1761,        7.4382,      143.5676,        0.2055,      806.2554,        0.4331,    92355.4481,        1.6843,       19.6970,       19.2436,      -97.5375,  311.0710,0.189663,  6.6959E-06
      103.8200,        1.3500,       15.0000,       30.0000,       14.0000,      120.0000,        4.0000,     2024.0000,      287.7006,        5.2483,       83.2131,        0.9461,      732.0846,        0.9645,    86941.1554,        0.5642,       40.7193,      -22.6881,       14.2319,  288.0381,0.208090,  4.1516E-06
     -112.0700,       33.4500,      331.0000,        0.0000,       13.0000,      200.0000,        7.0000,     2024.0000,      290.5536,        3.5798,      190.2780,        0.3600,     1108.2870,        0.2812,    86606.4386,        1.8094,       13.4123,       -6.1210,      -18.5726,  309.8087,0.190673,  3.8870E-06
     -112.0700,       33.4500,      331.0000,        0.0000,       13.0000,      200.0000,        7.0000,     2024.0000,      302.9261,        3.9524,      284.5691,        0.0427,     1220.5166,        0.2704,   101061.1625,        3.8097,       30.8821,       25.0503,      -92.4714,  315.1944,0.186365,  4.3919E-06
      151.2100,      -33.8700,       39.0000,        0.0000,       12.0000,      172.0000,        6.0000,     2024.0000,      302.0490,       10.1972,      193.5520,        0.4495,      937.3397,        0.4759,    97409.7249,        2.4246,       77.3431,       -5.2816,       81.0447,  302.0490,0.196881,  1.2183E-05
      -68.0000,      -16.5000,     3600.0000,        0.0000,       12.0000,      172.0000,        6.0000,     2024.0000,      258.1060,       12.2255,      272.1264,        0.0789,     1270.0366,        0.2133,    74215.3788,        0.6838,       35.9581,       25.7378,      -59.1345,  264.5847,0.226852,  7.2054E-06
      151.2100,      -33.8700,       39.0000,        0.0000,       12.0000,      172.0000,        6.0000,     2024.0000,      271.6497,       11.0065,       44.2515,        0.5669,     1281.5947,        0.5969,    87826.9709,        1.0983,       62.8365,      -12.4372,        3.7189,  271.6497,0.221200,  8.0411E-06
      103.8200,        1.3500,       15.0000,       30.0000,       14.0000,      120.0000,        4.0000,     2024.0000,      286.8048,        4.4465,       83.4760,        0.6332,     1096.9967,        0.6578,    93867.7446,        1.1531,        6.3656,       -1.1725,       19.4125,  294.1689,0.203185,  3.7060E-06
      -68.0000,      -16.5000,     3600.0000,        0.0000,       12.0000,      172.0000,        6.0000,     2024.0000,      299.7084,        9.0101,      179.5275,        0.3534,      910.0800,        0.3168,    74278.2222,        3.1475,       38.5366,       22.4752,       93.3090,  304.6728,0.194782,  8.6585E-06
      103.8200,        1.3500,       15.0000,       30.0000,       14.0000,      120.0000,        4.0000,     2024.0000,      299.2224,        9.8288,       94.5006,        0.6654,      672.7023,        0.7064,    86933.6393,        2.0683,       13.4553,        5.8503,       54.0117,  301.6532,0.197197,  1.1954E-05
       25.0000,       23.5000,      200.0000,        0.0000,       11.0000,       90.0000,        3.0000,     2024.0000,      312.8048,       21.2069,      152.4128,        0.1679,      495.5242,        0.9101,    94347.3321,        3.4571,       24.1140,        1.3620,     -103.5601,  313.0804,0.188056,  2.5310E-05
     -112.0700,       33.4500,      331.0000,        0.0000,       13.0000,      200.0000,        7.0000,     2024.0000,      291.5324,        8.8782,      286.5176,        0.3990,     1026.1456,        0.3342,    89888.7799,        1.1206,       27.7569,      -21.8696,       41.0659,  303.5311,0.195695,  8.5432E-06
       25.0000,       23.5000,      200.0000,        0.0000,       11.0000,       90.0000,        3.0000,     2024.0000,      297.1913,       18.6793,       66.1023,        0.0584,      737.8124,        0.7873,    93133.8514,        3.3119,       40.8687,       -1.6629,       73.6333,  297.8872,0.200210,  2.1667E-05
      -18.0000,       65.0000,       52.0000,        0.0000,       10.0000,      355.0000,       12.0000,     2024.0000,      241.9758,        4.6002,       17.2748,        0.8533,      263.7523,        0.5967,    93101.4130,        1.1662,       49.9949,       14.3211,       46.2924,  242.5070,0.244514,  3.6244E-06
      103.8200,        1.3500,       15.0000,       30.0000,       14.0000,      120.0000,        4.0000,     2024.0000,      301.8810,        7.2358,      234.3476,        0.6756,      935.5565,        0.7100,    88205.1995,        1.3958,       30.3133,      -22.2304,       88.2811,  306.8143,0.193069,  6.0763E-06
      103.8200,        1.3500,       15.0000,       30.0000,       14.0000,      120.0000,        4.0000,     2024.0000,      275.2267,        9.8930,       78.8105,        0.7268,      964.3820,        0.7693,    98570.2353,        2.1620,       28.0374,       30.0526,      105.6642,  277.8961,0.216203,  9.9282E-06
       55.3000,       25.2000,        5.0000,        0.0000,       10.0000,      280.0000,       10.0000,     2024.0000,      300.2448,        0.4392,      229.2465,        0.5667,      771.3967,        0.0014,    87909.5058,        3.6680,       50.5649,        8.2544,      122.1996,  300.2448,0.198324,  1.7914E-06
     -122.0000,       37.5000,       25.0000,        0.0000,       12.0000,      172.0000,        6.0000,     2024.0000,      311.5813,        4.8310,      274.9901,        0.0064,     1275.9229,        0.2319,    98881.2698,        3.4903,       49.6053,       31.2668,     -107.7015,  321.3798,0.181416,  8.6022E-06
     -112.0700,       33.4500,      331.0000,        0.0000,       13.0000,      200.0000,        7.0000,     2024.0000,      312.8008,        8.7581,      209.3063,        0.2250,     1127.8083,        0.3299,    98807.7658,        2.0143,       15.0822,      -11.7655,      -13.1234,  324.5307,0.178895,  8.9883E-06
       25.0000,       23.5000,      200.0000,        0.0000,       11.0000,       90.0000,        3.0000,     2024.0000,      284.0685,       18.7901,       42.8009,        0.0977,      786.3622,        0.3919,    93084.5925,        3.8301,       57.3973,       38.1631,      -44.6753,  286.4122,0.209390,  1.9615E-05
      -68.0000,      -16.5000,     3600.0000,        0.0000,       12.0000,      172.0000,        6.0000,     2024.0000,      304.9922,        1.7151,      347.7345,        0.5355,     1084.2804,        0.1074,    63086.8644,        2.7683,        5.2298,        6.4809,      -23.2596,  324.5244,0.178901,  4.2753E-06
      -18.0000,       65.0000,       52.0000,        0.0000,       10.0000,      355.0000,       12.0000,     2024.0000,      256.5756,       13.0021,       42.9355,        0.5179,      364.1915,        0.4704,    92620.2362,        2.6676,       66.4128,       -1.9434,      -85.3909,  257.5246,0.232500,  1.3258E-05
      -68.0000,      -16.5000,     3600.0000,        0.0000,       12.0000,      172.0000,        6.0000,     2024.0000,      271.0483,        5.3227,      254.0891,        0.3030,      973.1602,        0.1538,    71217.2930,        0.6193,       51.4641,      -16.5188,      -16.4923,  271.0483,0.221681,  2.8789E-06
       -0.1300,       51.5100,       11.0000,        0.0000,        9.0000,       80.0000,        3.0000,     2024.0000,      310.6429,       11.2723,      273.9533,        0.4452,      812.6160,        0.4407,    91358.0566,        2.6340,       61.2971,      -11.6925,      112.1284,  310.6429,0.190006,  1.3626E-05
      151.2100,      -33.8700,       39.0000,        0.0000,       12.0000,      172.0000,        6.0000,     2024.0000,      317.8935,       10.9705,      158.1365,        0.8349,      975.5334,        0.4462,    90576.3521,        1.5886,       62.6942,       19.3836,       15.2765,  317.8935,0.184205,  1.0308E-05
      103.8200,        1.3500,       15.0000,       30.0000,       14.0000,      120.0000,        4.0000,     2024.0000,      304.0759,        7.4391,      267.9695,        0.7930,     1244.7942,        0.9876,    97140.9301,        2.3767,        9.4315,       19.3436,      -43.1675,  304.2410,0.195127,  7.7651E-06
      103.8200,        1.3500,       15.0000,       30.0000,       14.0000,      120.0000,        4.0000,     2024.0000,      289.2955,        4.4503,      123.3488,        0.9383,     1093.9496,        0.7212,    97124.1349,        2.1370,       26.6207,      -18.1152,       95.7289,  295.5775,0.202058,  5.0524E-06
      -68.0000,      -16.5000,     3600.0000,        0.0000,       12.0000,      172.0000,        6.0000,     2024.0000,      267.6328,        6.5088,      355.9295,        0.2851,     1324.3545,        0.1450,    61162.0483,        3.1681,       19.6210,      -17.9751,      -46.9921,  277.9092,0.216193,  8.9291E-06
      -68.0000,      -16.5000,     3600.0000,        0.0000,       12.0000,      172.0000,        6.0000,     2024.0000,      250.2382,        1.0754,      315.1905,        0.0801,     1081.1486,        0.1613,    77245.0437,        0.6408,       18.6517,       26.2049,      -45.2857,  265.9836,0.225733,  1.1490E-06
     -122.0000,       37.5000,       25.0000,        0.0000,       12.0000,      172.0000,        6.0000,     2024.0000,      318.9299,        1.6338,      234.0322,        0.2518,     1039.7545,        0.3080,    93290.1433,        2.9256,        8.3319,      -20.2954,       90.4101,  337.8785,0.168217,  4.0709E-06
     -112.0700,       33.4500,      331.0000,        0.0000,       13.0000,      200.0000,        7.0000,     2024.0000,      316.8933,        5.3436,      200.1807,        0.1832,     1120.7815,        0.2976,    89963.3635,        4.0599,       22.5304,       30.6951,      -89.6651,  327.2831,0.176693,  7.8532E-06
       55.3000,       25.2000,        5.0000,        0.0000,       10.0000,      280.0000,       10.0000,     2024.0000,      316.6279,       10.8955,      151.0046,        0.6351,     1147.8491,        0.1179,    98075.9480,        4.1087,       32.9784,       28.5597,      -81.8701,  326.6843,0.177173,  1.5455E-05
      151.2100,      -33.8700,       39.0000,        0.0000,       12.0000,      172.0000,        6.0000,     2024.0000,      285.5394,        8.5858,      110.1658,        0.5404,     1207.0681,        0.1696,    95837.4667,        2.0370,       59.5471,        9.3109,      -51.6467,  285.5394,0.210088,  8.4952E-06
       55.3000,       25.2000,        5.0000,        0.0000,       10.0000,      280.0000,       10.0000,     2024.0000,      321.7326,        9.8790,      171.8042,        0.2690,     1097.2292,        0.3130,    95796.7052,        4.1589,        7.1260,      -22.0152,        8.7319,  328.9293,0.175377,  1.3909E-05
       25.0000,       23.5000,      200.0000,        0.0000,       11.0000,       90.0000,        3.0000,     2024.0000,      295.0410,       24.7043,      207.2123,        0.2921,      849.6527,        0.5027,    87143.2366,        3.5716,       54.9484,       15.0615,       75.8118,  295.9527,0.201758,  2.1743E-05
      103.8200,        1.3500,       15.0000,       30.0000,       14.0000,      120.0000,        4.0000,     2024.0000,      273.4387,        8.7585,      270.9264,        0.9022,     1138.3829,        0.8738,    99569.4905,        1.3179,       39.3892,       -4.5394,     -125.4513,  274.4183,0.218985,  6.5305E-06
      103.8200,        1.3500,       15.0000,       30.0000,       14.0000,      120.0000,        4.0000,     2024.0000,      302.7421,        6.9032,      174.1809,        0.6673,      924.1554,        0.7044,    90063.2543,        0.9005,       15.1615,       21.6918,      -17.7505,  306.4679,0.193346,  3.8451E-06
      151.2100,      -33.8700,       39.0000,        0.0000,       12.0000,      172.0000,        6.0000,     2024.0000,      263.9808,        5.5766,       84.9718,        0.5025,     1003.8998,        0.4308,   100151.1811,        0.8893,       31.6804,       -5.7154,      -15.8062,  264.4439,0.226965,  4.5737E-06
       -0.1300,       51.5100,       11.0000,        0.0000,        9.0000,       80.0000,        3.0000,     2024.0000,      284.1033,        3.8761,      194.6556,        0.6234,      613.7773,        0.2097,    91874.7246,        2.2952,       33.1267,        0.8274,      115.3003,  284.1033,0.211237,  5.3197E-06
     -122.0000,       37.5000,       25.0000,        0.0000,       12.0000,      172.0000,        6.0000,     2024.0000,      284.5540,        7.6207,      150.4437,        0.0900,     1318.5332,        0.3017,    92641.2327,        3.1054,       55.5030,       10.7406,       23.3607,  294.7372,0.202730,  1.0929E-05
       25.0000,       23.5000,      200.0000,        0.0000,       11.0000,       90.0000,        3.0000,     2024.0000,      309.1129,       16.0664,      167.7940,        0.2098,      160.2747,        0.3792,    98873.6064,        3.0098,       50.1570,        8.2396,       -3.9168,  309.8447,0.190644,  2.0664E-05
      103.8200,        1.3500,       15.0000,       30.0000,       14.0000,      120.0000,        4.0000,     2024.0000,      307.7974,        4.8927,       73.8666,        0.7989,      745.6197,        0.8532,    94270.5409,        1.9014,       20.0412,       19.0578,       48.0479,  309.7303,0.190736,  5.6638E-06
       -0.1300,       51.5100,       11.0000,        0.0000,        9.0000,       80.0000,        3.0000,     2024.0000,      314.9352,        0.5221,      350.5828,        0.6122,      990.9594,        0.3326,    91754.0892,        1.2894,        4.9105,        8.2866,      105.8550,  323.4132,0.179789,  1.5753E-06
     -122.0000,       37.5000,       25.0000,        0.0000,       12.0000,      172.0000,        6.0000,     2024.0000,      290.9450,        3.9056,      266.6718,        0.4785,      974.7763,        0.1778,    90103.4387,        2.2877,       54.2877,      -24.2123,      -52.9087,  302.6319,0.196414,  6.2773E-06
      151.2100,      -33.8700,       39.0000,        0.0000,       12.0000,      172.0000,        6.0000,     2024.0000,      270.2803,        3.2161,      150.7312,        0.3454,     1358.6656,        0.5569,    92326.8566,        1.0573,       30.5034,       13.5950,       82.7170,  276.9832,0.216933,  3.4722E-06
     -112.0700,       33.4500,      331.0000,        0.0000,       13.0000,      200.0000,        7.0000,     2024.0000,      302.7397,        0.0784,      239.0018,        0.0677,     1188.6553,        0.1552,    87819.6000,        3.8161,       48.5749,       23.4011,      -66.1830,  319.4429,0.182966,  2.0277E-06
       55.3000,       25.2000,        5.0000,        0.0000,       10.0000,      280.0000,       10.0000,     2024.0000,      275.8836,       11.6540,      274.7778,        0.7985,      659.9876,        0.1317,    98060.7768,        3.0442,       41.5839,       13.6100,      -19.5734,  281.7745,0.213100,  1.3574E-05
       -0.1300,       51.5100,       11.0000,        0.0000,        9.0000,       80.0000,        3.0000,     2024.0000,      316.1250,       11.5057,      167.5456,        0.7395,      999.7077,        0.4187,    97096.6052,        2.6024,       19.6096,       15.7517,       73.2927,  317.7304,0.184336,  1.5578E-05
     -112.0700,       33.4500,      331.0000,        0.0000,       13.0000,      200.0000,        7.0000,     2024.0000,      284.9313,        1.3683,      283.7932,        0.1419,     1340.1185,        0.3153,    95030.9387,        1.0001,       44.8645,       15.0376,      -79.6482,  300.4600,0.198152,  2.6854E-06
      -68.0000,      -16.5000,     3600.0000,        0.0000,       12.0000,      172.0000,        6.0000,     2024.0000,      268.2053,       15.0168,      270.6145,        0.3521,     1204.2461,        0.0601,    68649.0301,        2.0530,       43.0117,      -14.4530,       52.8405,  271.5907,0.221247,  1.3656E-05
     -112.0700,       33.4500,      331.0000,        0.0000,       13.0000,      200.0000,        7.0000,     2024.0000,      310.2268,        1.9626,      275.1556,        0.1427,     1159.5864,        0.1615,    91595.2107,        2.3086,        3.6855,        0.7247,      -42.3679,  337.1215,0.168823,  3.8559E-06
      -68.0000,      -16.5000,     3600.0000,        0.0000,       12.0000,      172.0000,        6.0000,     2024.0000,      268.3200,        4.7248,      230.6491,        0.3619,      948.7788,        0.2752,    75590.0619,        2.7617,       17.0872,        0.3665,      -82.1058,  277.9185,0.216185,  5.4252E-06
      -18.0000,       65.0000,       52.0000,        0.0000,       10.0000,      355.0000,       12.0000,     2024.0000,      233.7812,        7.1937,      221.6365,        0.9571,      539.2419,        0.4534,    91923.0752,        0.6556,       80.9442,      -20.9016,      121.3347,  233.7812,0.251495,  3.9612E-06
       25.0000,       23.5000,      200.0000,        0.0000,       11.0000,       90.0000,        3.0000,     2024.0000,      280.2633,       24.2680,      170.0406,        0.2328,      739.6793,        0.6078,    94672.7902,        4.1173,       30.0153,       17.9706,       17.3808,  281.7212,0.213143,  2.7621E-05
     -112.0700,       33.4500,      331.0000,        0.0000,       13.0000,      200.0000,        7.0000,     2024.0000,      294.5515,        3.8483,      265.2324,        0.2598,      996.8378,        0.2948,    96339.8012,        3.0323,       30.4135,      -11.2341,       23.8826,  309.2907,0.191087,  5.4739E-06
     -112.0700,       33.4500,      331.0000,        0.0000,       13.0000,      200.0000,        7.0000,     2024.0000,      311.2892,        7.6137,      307.0472,        0.0838,     1235.8533,        0.2751,    88479.0857,        1.3139,       10.0412,       20.4773,      109.9727,  327.9475,0.176162,  5.9904E-06
     -122.0000,       37.5000,       25.0000,        0.0000,       12.0000,      172.0000,        6.0000,     2024.0000,      297.6146,        9.1450,      209.6517,        0.5538,     1115.8043,        0.4086,    87144.2360,        0.9281,       30.6246,      -21.0095,       97.5026,  307.5993,0.192441,  6.0527E-06
      151.2100,      -33.8700,       39.0000,        0.0000,       12.0000,      172.0000,        6.0000,     2024.0000,      301.9322,        7.5188,      199.3995,        0.5751,      501.0202,        0.4311,    89083.2625,        1.8485,       48.5743,       17.5488,      -26.9700,  301.9322,0.196974,  6.6978E-06
       -0.1300,       51.5100,       11.0000,        0.0000,        9.0000,       80.0000,        3.0000,     2024.0000,      309.2906,        3.5601,      299.8576,        0.4378,     1188.6284,        0.5644,    95115.1703,        1.5231,       50.2218,       -6.7632,      -16.1739,  320.9408,0.181767,  4.2405E-06
      -18.0000,       65.0000,       52.0000,        0.0000,       10.0000,      355.0000,       12.0000,     2024.0000,      242.6857,        7.3807,       42.0627,        0.9620,      659.9099,        0.7375,    96740.1833,        2.3935,       53.2077,      -19.0215,      114.0451,  242.6857,0.244371,  8.2830E-06
      103.8200,        1.3500,       15.0000,       30.0000,       14.0000,      120.0000,        4.0000,     2024.0000,      315.4905,        3.0194,       91.7735,        0.7069,      739.2319,        0.8011,    96081.0365,        0.7393,       17.5276,       -3.7770,       11.7756,  318.6751,0.183580,  3.4048E-06
       25.0000,       23.5000,      200.0000,        0.0000,       11.0000,       90.0000,        3.0000,     2024.0000,      311.1234,       13.9568,        8.1966,        0.1460,      216.7138,        0.9044,    93091.5858,        3.3513,       57.2926,        6.9219,     -101.4094,  311.2562,0.189515,  1.8102E-05
      -68.0000,      -16.5000,     3600.0000,        0.0000,       12.0000,      172.0000,        6.0000,     2024.0000,      299.7155,        4.8933,      345.6910,        0.4407,      994.9586,        0.2433,    70965.0272,        3.3256,       34.0613,       24.9319,      -60.3769,  305.9532,0.193757,  7.0316E-06
      103.8200,        1.3500,       15.0000,       30.0000,       14.0000,      120.0000,        4.0000,     2024.0000,      278.6723,        2.6522,       81.6419,        0.8519,      802.7019,        0.6884,    96803.1036,        1.8692,       10.5912,       27.9910,       57.8508,  283.6166,0.211627,  2.9579E-06
      151.2100,      -33.8700,       39.0000,        0.0000,       12.0000,      172.0000,        6.0000,     2024.0000,      293.6493,        4.2379,      138.6515,        0.7756,      936.4066,        0.2687,    90399.2517,        2.6804,       26.3290,       17.1492,     -117.3907,  302.8986,0.196201,  5.0009E-06
     -122.0000,       37.5000,       25.0000,        0.0000,       12.0000,      172.0000,        6.0000,     2024.0000,      314.1146,       11.4972,      166.5858,        0.2386,     1282.0587,        0.1545,    94032.3834,        0.7944,       20.2239,      -29.9385,       67.2519,  330.3337,0.174253,  1.0332E-05
     -122.0000,       37.5000,       25.0000,        0.0000,       12.0000,      172.0000,        6.0000,     2024.0000,      311.6614,        9.9427,      340.8904,        0.5804,     1296.2936,        0.0938,    95685.5970,        1.0060,        3.5427,        1.7258,     -137.9899,  333.0631,0.172070,  7.2800E-06
      -18.0000,       65.0000,       52.0000,        0.0000,       10.0000,      355.0000,       12.0000,     2024.0000,      238.2118,       12.1036,       68.1681,        0.9516,       65.7750,        0.6535,    84877.3336,        3.0145,       59.2437,      -24.6192,      -23.7077,  238.3941,0.247805,  1.3130E-05
      151.2100,      -33.8700,       39.0000,        0.0000,       12.0000,      172.0000,        6.0000,     2024.0000,      261.5159,        3.7101,        0.3792,        0.5010,      751.9224,        0.4551,    88984.9994,        0.8079,       30.9863,       11.2453,      -71.9601,  265.1314,0.226415,  3.3363E-06
       -0.1300,       51.5100,       11.0000,        0.0000,        9.0000,       80.0000,        3.0000,     2024.0000,      294.9116,       12.6530,      325.0959,        0.5710,     1122.0379,        0.0832,    89320.1180,        1.1391,       17.8457,       29.8787,     -107.6925,  302.6780,0.196378,  9.7596E-06
       55.3000,       25.2000,        5.0000,        0.0000,       10.0000,      280.0000,       10.0000,     2024.0000,      277.8361,        4.5084,      222.1348,        0.7094,      860.3175,        0.3577,    94202.1258,        2.2259,       43.6508,       19.4384,       83.0745,  280.4030,0.214198,  4.7642E-06
       25.0000,       23.5000,      200.0000,        0.0000,       11.0000,       90.0000,        3.0000,     2024.0000,      309.6485,       21.3781,       31.5168,        0.0849,      551.5281,        0.9331,   100299.4417,        3.6710,       25.9318,      -13.5510,     -114.6582,  309.8581,0.190634,  2.4447E-05
       55.3000,       25.2000,        5.0000,        0.0000,       10.0000,      280.0000,       10.0000,     2024.0000,      291.5618,        5.1822,      198.3699,        0.7913,      982.1296,        0.1139,    87711.3064,        4.2341,       26.8029,      -11.4453,       83.2010,  299.0210,0.199303,  6.8064E-06
       55.3000,       25.2000,        5.0000,        0.0000,       10.0000,      280.0000,       10.0000,     2024.0000,      305.8082,        4.5145,      157.1849,        0.6838,     1041.2216,        0.2300,    92745.9252,        2.6744,       12.6417,       12.3628,       -6.4137,  319.6323,0.182814,  6.0866E-06
      -18.0000,       65.0000,       52.0000,        0.0000,       10.0000,      355.0000,       12.0000,     2024.0000,      240.2178,       16.7301,      237.7790,        0.8609,       32.1490,        0.7594,    89376.3506,        1.7802,       83.3282,      -19.3505,       -8.0050,  240.2848,0.246292,  1.5090E-05
     -112.0700,       33.4500,      331.0000,        0.0000,       13.0000,      200.0000,        7.0000,     2024.0000,      301.0228,        0.4664,      273.3910,        0.0855,     1174.5076,        0.3483,    96977.8039,        2.6496,       12.4245,      -11.6475,       57.4387,  325.9040,0.177797,  3.0254E-06
     -122.0000,       37.5000,       25.0000,        0.0000,       12.0000,      172.0000,        6.0000,     2024.0000,      310.4351,        0.2918,      304.2155,        0.1319,     1340.7596,        0.1319,    86859.2908,        0.8190,       27.9302,       -6.8117,      -85.0650,  348.3726,0.159822,  1.4310E-06
      -68.0000,      -16.5000,     3600.0000,        0.0000,       12.0000,      172.0000,        6.0000,     2024.0000,      255.8804,        3.3182,      305.0846,        0.4150,     1243.3864,        0.2129,    73959.5391,        2.5354,       18.7152,       -9.4464,       37.5864,  268.4292,0.223777,  4.2435E-06
      -68.0000,      -16.5000,     3600.0000,        0.0000,       12.0000,      172.0000,        6.0000,     2024.0000,      304.1232,       14.5131,      195.3792,        0.1748,     1072.3782,        0.2097,    61520.2605,        3.3709,       24.8367,       -9.4107,     -105.1918,  310.2709,0.190303,  2.0643E-05
      -68.0000,      -16.5000,     3600.0000,        0.0000,       12.0000,      172.0000,        6.0000,     2024.0000,      260.0680,       14.9613,      184.5762,        0.1013,     1007.6304,        0.1958,    69110.5840,        1.8053,       12.9671,       22.1357,       97.3508,  266.3943,0.225405,  1.0848E-05
       55.3000,       25.2000,        5.0000,        0.0000,       10.0000,      280.0000,       10.0000,     2024.0000,      298.5023,        2.6707,       65.9759,        0.6823,     1047.6413,        0.3041,    91922.5011,        2.7848,       27.1906,      -25.4079,       -5.1747,  313.2682,0.187905,  4.4229E-06
     -112.0700,       33.4500,      331.0000,        0.0000,       13.0000,      200.0000,        7.0000,     2024.0000,      320.0541,        4.2232,      224.0244,        0.0224,     1225.0019,        0.3691,    92373.1729,        3.8787,       43.2012,       18.9284,      -14.9331,  332.6211,0.172423,  7.5553E-06
      103.8200,        1.3500,       15.0000,       30.0000,       14.0000,      120.0000,        4.0000,     2024.0000,      317.3461,        2.2992,      142.6492,        0.6199,      620.5754,        0.8256,    96557.2303,        1.6481,       27.2616,        6.4536,        6.2584,  319.2972,0.183082,  3.7180E-06
      -68.0000,      -16.5000,     3600.0000,        0.0000,       12.0000,      172.0000,        6.0000,     2024.0000,      271.8587,        1.6148,      149.6112,        0.2485,      947.2642,        0.2086,    64926.3302,        3.1438,       50.1006,        4.7418,       73.6904,  279.1370,0.215210,  3.2816E-06
      -18.0000,       65.0000,       52.0000,        0.0000,       10.0000,      355.0000,       12.0000,     2024.0000,      239.5757,       15.5684,      131.9753,        0.6839,      676.1452,        0.5781,    85011.8232,        2.1275,       80.7341,        1.4733,      -80.1818,  241.2070,0.245554,  1.2276E-05
      151.2100,      -33.8700,       39.0000,        0.0000,       12.0000,      172.0000,        6.0000,     2024.0000,      309.8511,       10.1035,       70.8224,        0.8207,     1072.0886,        0.0739,    89006.4659,        1.9924,       32.2927,      -20.6475,     -102.0036,  317.5562,0.184475,  1.1547E-05
      103.8200,        1.3500,       15.0000,       30.0000,       14.0000,      120.0000,        4.0000,     2024.0000,      280.6252,        2.5877,      110.8811,        0.8527,     1320.4105,        0.8697,    87740.6732,        1.7529,       14.8711,      -15.3999,      -25.3735,  283.4926,0.211726,  2.9400E-06
       -0.1300,       51.5100,       11.0000,        0.0000,        9.0000,       80.0000,        3.0000,     2024.0000,      286.3613,        5.5432,      224.5693,        0.5227,      726.6461,        0.2228,    92091.3959,        1.0082,       29.9482,       15.3218,       80.7332,  287.3184,0.208665,  4.1332E-06
      -18.0000,       65.0000,       52.0000,        0.0000,       10.0000,      355.0000,       12.0000,     2024.0000,      242.7793,       20.3014,       67.2841,        0.8592,      129.5131,        0.8973,    90821.6492,        2.2809,       79.1125,      -22.6726,     -112.1575,  242.7873,0.244290,  1.6029E-05
     -122.0000,       37.5000,       25.0000,        0.0000,       12.0000,      172.0000,        6.0000,     2024.0000,      286.5133,        9.3287,      161.0537,        0.2651,     1257.2705,        0.1067,    96908.9649,        2.7494,       35.2801,       25.2092,      -34.5788,  299.0098,0.199312,  1.4588E-05
      -68.0000,      -16.5000,     3600.0000,        0.0000,       12.0000,      172.0000,        6.0000,     2024.0000,      266.2732,       11.7368,      242.1653,        0.1357,      939.3555,        0.3579,    67973.1576,        1.1721,       46.9646,       -7.8627,      -92.5098,  271.2899,0.221488,  9.3225E-06
       25.0000,       23.5000,      200.0000,        0.0000,       11.0000,       90.0000,        3.0000,     2024.0000,      318.4162,       24.6888,       77.9867,        0.0981,      606.0840,        0.8543,   100773.5603,        4.7901,       11.1612,       15.0230,        6.4214,  318.9016,0.183399,  2.6089E-05
     -122.0000,       37.5000,       25.0000,        0.0000,       12.0000,      172.0000,        6.0000,     2024.0000,      290.9265,        9.4962,      145.4926,        0.4187,     1133.3515,        0.1937,    99080.4091,        2.7982,       13.8337,       25.8126,      -93.8157,  301.1930,0.197566,  1.2047E-05
      -68.0000,      -16.5000,     3600.0000,        0.0000,       12.0000,      172.0000,        6.0000,     2024.0000,      270.0742,        0.2986,      214.5685,        0.4461,     1039.3725,        0.1471,    63354.7869,        1.2518,        0.2211,        8.9319,      -12.4951,  293.5643,0.203669,  1.6556E-06
      -18.0000,       65.0000,       52.0000,        0.0000,       10.0000,      355.0000,       12.0000,     2024.0000,      247.8761,       10.7379,        9.4037,        0.4932,      454.2871,        0.6395,    86949.6200,        2.4054,       74.7008,      -14.6153,     -117.5454,  247.8761,0.240219,  7.6516E-06
       -0.1300,       51.5100,       11.0000,        0.0000,        9.0000,       80.0000,        3.0000,     2024.0000,      296.7476,        1.2919,      234.1502,        0.7502,      336.9643,        0.3958,    86892.2219,        1.5255,       26.3924,        4.4896,       40.3663,  299.1921,0.199166,  1.8655E-06
     -122.0000,       37.5000,       25.0000,        0.0000,       12.0000,      172.0000,        6.0000,     2024.0000,      283.5163,        0.6174,      255.6116,        0.6371,     1023.7926,        0.2174,    95493.9042,        1.0784,       43.4114,       -8.6856,       81.1426,  303.7338,0.195533,  1.4639E-06
      -18.0000,       65.0000,       52.0000,        0.0000,       10.0000,      355.0000,       12.0000,     2024.0000,      233.6147,        4.1578,       59.5318,        0.9244,      121.5817,        0.7097,    99381.3188,        2.9128,       75.5948,       25.4846,      -13.8688,  234.2090,0.251153,  4.9589E-06
      -18.0000,       65.0000,       52.0000,        0.0000,       10.0000,      355.0000,       12.0000,     2024.0000,      241.6404,        3.4493,       32.8253,        0.5752,       80.9063,        0.2753,    86287.4823,        0.5758,       55.1707,      -23.9161,      119.3897,  241.6404,0.245208,  2.8342E-06
     -122.0000,       37.5000,       25.0000,        0.0000,       12.0000,      172.0000,        6.0000,     2024.0000,      285.5309,        0.8457,      332.2876,        0.4866,      949.0013,        0.0060,    95022.2474,        2.2452,       43.9006,       11.2874,       78.9752,  307.2140,0.192749,  2.1123E-06
      -18.0000,       65.0000,       52.0000,        0.0000,       10.0000,      355.0000,       12.0000,     2024.0000,      247.2579,        5.8450,      253.2448,        0.4525,      609.5107,        0.6394,   100101.2634,        2.8566,       63.9395,       16.7112,       89.4051,  247.2579,0.240714,  7.0275E-06
      103.8200,        1.3500,       15.0000,       30.0000,       14.0000,      120.0000,        4.0000,     2024.0000,      276.7317,        6.9473,      217.9774,        0.7770,     1082.7460,        0.9896,    90856.9255,        1.1133,       40.6476,       28.6694,      101.1966,  276.9396,0.216968,  3.1138E-06
     -122.0000,       37.5000,       25.0000,        0.0000,       12.0000,      172.0000,        6.0000,     2024.0000,      303.2998,       10.3590,      325.8111,        0.0180,      874.8562,        0.4419,    96478.0652,        2.5491,       24.8115,      -20.3932,      -35.1350,  309.1140,0.191229,  1.2553E-05
      -68.0000,      -16.5000,     3600.0000,        0.0000,       12.0000,      172.0000,        6.0000,     2024.0000,      306.4411,        2.1835,      217.7277,        0.2324,     1055.5373,        0.0717,    75481.6935,        2.3338,       25.9075,      -16.1059,       47.4021,  319.6626,0.182790,  4.0125E-06
       25.0000,       23.5000,      200.0000,        0.0000,       11.0000,       90.0000,        3.0000,     2024.0000,      297.3579,       13.4198,       94.9767,        0.0549,      427.0268,        0.5414,    92808.1127,        3.4820,       53.3268,       14.9241,      107.3501,  297.8691,0.200225,  1.6002E-05
       55.3000,       25.2000,        5.0000,        0.0000,       10.0000,      280.0000,       10.0000,     2024.0000,      313.5886,        0.7828,      124.2068,        0.7769,     1308.1949,        0.3691,    99411.9306,        2.0683,       26.1045,        3.7197,       51.4984,  330.5279,0.174098,  2.5970E-06
       -0.1300,       51.5100,       11.0000,        0.0000,        9.0000,       80.0000,        3.0000,     2024.0000,      282.8707,       10.6787,      192.4785,        0.5820,      528.4939,        0.2208,    94151.9978,        1.1531,       35.0040,      -23.8331,     -113.5362,  286.6683,0.209185,  8.2915E-06
      -18.0000,       65.0000,       52.0000,        0.0000,       10.0000,      355.0000,       12.0000,     2024.0000,      248.8348,       12.4580,      258.0474,        0.5144,       74.2025,        0.5526,    90843.5109,        2.4059,       50.7332,       23.8216,     -100.6483,  248.9088,0.239393,  1.1776E-05
       55.3000,       25.2000,        5.0000,        0.0000,       10.0000,      280.0000,       10.0000,     2024.0000,      290.8713,        3.6401,      291.7279,        0.2617,     1349.1263,        0.2296,    93567.1621,        3.8978,       30.2890,       20.3232,       41.2333,  305.0525,0.194478,  4.0191E-06
      151.2100,      -33.8700,       39.0000,        0.0000,       12.0000,      172.0000,        6.0000,     2024.0000,      284.3500,        2.6384,      144.0700,        0.5394,      907.4658,        0.2704,    99746.6535,        1.3394,       38.4210,       -1.6563,       94.8708,  293.2569,0.203914,  2.7180E-06
      151.2100,      -33.8700,       39.0000,        0.0000,       12.0000,      172.0000,        6.0000,     2024.0000,      310.5088,        3.2144,      206.5595,        0.3167,      761.7755,        0.5318,    99813.5891,        1.5831,       72.8883,      -27.4522,       70.6712,  310.5088,0.190113,  2.5680E-06
       25.0000,       23.5000,      200.0000,        0.0000,       11.0000,       90.0000,        3.0000,     2024.0000,      310.4024,       19.1981,      141.9244,        0.2222,      791.0188,        0.7636,    87200.9092,        4.0015,       49.9256,       16.5775,      -82.1287,  311.4987,0.189321,  2.2377E-05
       55.3000,       25.2000,        5.0000,        0.0000,       10.0000,      280.0000,       10.0000,     2024.0000,      301.3550,        4.1042,      244.6873,        0.4901,      688.4443,        0.0426,    99807.9271,        3.5513,        7.7053,       25.8569,      -95.3330,  311.4599,0.189352,  6.7382E-06
      103.8200,        1.3500,       15.0000,       30.0000,       14.0000,      120.0000,        4.0000,     2024.0000,      315.9307,        7.3307,       94.3315,        0.7259,      587.0339,        0.6847,    90459.0568,        1.8276,       16.6341,       25.9226,      -99.2879,  317.7858,0.184291,  8.4468E-06
     -122.0000,       37.5000,       25.0000,        0.0000,       12.0000,      172.0000,        6.0000,     2024.0000,      293.3658,       11.1779,      195.9936,        0.4429,     1214.1696,        0.0712,    95132.1511,        2.7233,       50.6597,      -21.0380,      -86.1498,  301.2478,0.197522,  1.3475E-05
      -68.0000,      -16.5000,     3600.0000,        0.0000,       12.0000,      172.0000,        6.0000,     2024.0000,      299.1381,       12.0503,      263.2743,        0.1863,     1345.3520,        0.2400,    64727.4639,        3.4065,       46.0395,       24.3358,       64.5905,  302.5913,0.196447,  1.1199E-05
     -122.0000,       37.5000,       25.0000,        0.0000,       12.0000,      172.0000,        6.0000,     2024.0000,      307.9049,       11.0029,      269.3406,        0.4242,     1048.3489,        0.0706,    87365.6431,        3.3532,       25.7085,       17.5631,     -140.5769,  316.8288,0.185057,  1.4298E-05
      103.8200,        1.3500,       15.0000,       30.0000,       14.0000,      120.0000,        4.0000,     2024.0000,      276.0073,        0.7269,       67.5125,        0.7483,     1050.8439,        0.9287,    88285.3701,        0.5365,       16.2794,       -8.7617,      -47.7175,  277.5021,0.216518,  1.3576E-06
       -0.1300,       51.5100,       11.0000,        0.0000,        9.0000,       80.0000,        3.0000,     2024.0000,      277.5976,        1.6513,      345.0416,        0.8779,      404.3355,        0.3722,    98540.9238,        2.5253,       23.4583,       -0.7755,      -55.7350,  283.0086,0.212113,  2.4136E-06
     -112.0700,       33.4500,      331.0000,        0.0000,       13.0000,      200.0000,        7.0000,     2024.0000,      313.2559,        4.4896,      298.1711,        0.3581,      980.8040,        0.0253,    96901.8756,        3.0752,       55.9014,      -24.1239,      -78.7249,  320.0443,0.182485,  6.4892E-06
     -112.0700,       33.4500,      331.0000,        0.0000,       13.0000,      200.0000,        7.0000,     2024.0000,      302.0618,        7.0891,      215.7102,        0.3259,      857.7623,        0.3940,    98997.6764,        1.1625,        5.6949,      -26.0971,     -111.7167,  311.2949,0.189484,  6.9353E-06
      -68.0000,      -16.5000,     3600.0000,        0.0000,       12.0000,      172.0000,        6.0000,     2024.0000,      298.9733,        5.7077,      308.8453,        0.4547,     1224.1790,        0.2129,    66262.7595,        0.6729,       44.5447,      -29.2473,      -96.3771,  311.8935,0.189005,  4.4756E-06
      -68.0000,      -16.5000,     3600.0000,        0.0000,       12.0000,      172.0000,        6.0000,     2024.0000,      272.2975,        8.8906,      182.6891,        0.2530,     1050.0520,        0.2452,    60586.8225,        2.6116,       33.6968,      -17.7175,       76.4861,  278.1737,0.215981,  9.5330E-06
     -122.0000,       37.5000,       25.0000,        0.0000,       12.0000,      172.0000,        6.0000,     2024.0000,      304.1743,        4.4129,      154.3566,        0.4278,     1064.7779,        0.1009,    99639.6059,        1.6721,       12.6596,      -14.1260,      -88.5741,  325.8852,0.177812,  3.9449E-06
