lon,lat,alt,minute,hour,day,month,year,T_amb,wind_speed,wind_dir,humidity,irradiance,cloud_cover,pressure,pv_height,pitch,roll,yaw,T_operating,eta,eta_mc_sigma
       -0.1300,       51.5100,       11.0000,        0.0000,        9.0000,       80.0000,        3.0000,     2024.0000,      287.0609,        2.3376,      336.3576,        0.9198,      617.7889,        0.4188,    88430.9260,        1.5344,       21.1088,      -30.5594,        9.2789,  292.1032,0.204837,  2.4083E-06
      151.2100,      -33.8700,       39.0000,        0.0000,       12.0000,      172.0000,        6.0000,     2024.0000,      304.8531,        1.5865,      156.0556,        0.6804,     1131.3751,        0.3222,    89449.4089,        1.9184,       41.9011,       25.4658,       77.6347,  310.8375,0.189850,  2.7014E-06
       55.3000,       25.2000,        5.0000,        0.0000,       10.0000,      280.0000,       10.0000,     2024.0000,      281.4236,        4.8062,      238.3948,        0.7061,     1103.7429,        0.0834,    99358.1985,        4.2203,       24.3885,       -8.2199,      -48.3685,  300.3391,0.198249,  6.1967E-06
      -18.0000,       65.0000,       52.0000,        0.0000,       10.0000,      355.0000,       12.0000,     2024.0000,      251.8619,        4.2447,      110.7350,        0.9941,      644.7281,        0.5133,    98408.0235,        2.6600,       76.6816,       11.4146,       41.5577,  254.0674,0.235266,  4.2109E-06
       55.3000,       25.2000,        5.0000,        0.0000,       10.0000,      280.0000,       10.0000,     2024.0000,      285.1750,        4.8720,      201.7920,        0.1519,      920.5343,        0.0568,    96505.4442,        4.4082,        9.8760,        5.2046,       35.2292,  297.7697,0.200304,  6.4657E-06
       -0.1300,       51.5100,       11.0000,        0.0000,        9.0000,       80.0000,        3.0000,     2024.0000,      299.8062,        4.3671,      318.8807,        0.6610,     1077.2714,        0.2029,    88592.6765,        2.9348,       18.1749,      -28.0781,       49.3711,  305.5286,0.194097,  5.5030E-06
      -18.0000,       65.0000,       52.0000,        0.0000,       10.0000,      355.0000,       12.0000,     2024.0000,      260.4389,        4.9385,      235.1942,        0.6673,      237.7405,        0.6025,    93231.9533,        1.1117,       83.7846,      -22.3193,     -114.3807,  260.5454,0.230084,  4.3018E-06
       55.3000,       25.2000,        5.0000,        0.0000,       10.0000,      280.0000,       10.0000,     2024.0000,      310.5071,        7.3194,      250.4231,        0.6365,      898.5915,        0.1742,    88461.1058,        3.3952,       29.2210,      -16.9689,       51.3667,  317.2875,0.184690,  9.0146E-06
       25.0000,       23.5000,      200.0000,        0.0000,       11.0000,       90.0000,        3.0000,     2024.0000,      282.5599,       24.9753,      110.5178,        0.0275,      621.6260,        0.9142,    95909.6803,        3.0228,        8.5529,       34.7176,       93.3800,  282.7741,0.212301,  2.8253E-05
       55.3000,       25.2000,        5.0000,        0.0000,       10.0000,      280.0000,       10.0000,     2024.0000,      282.0066,        2.2720,      299.7400,        0.5776,     1254.2522,        0.2088,    89164.3884,        2.8047,        5.6429,      -24.9624,       48.6227,  298.8813,0.199415,  4.4768E-06
     -122.0000,       37.5000,       25.0000,        0.0000,       12.0000,      172.0000,        6.0000,     2024.0000,      294.7700,        4.0276,      161.7016,        0.3022,     1158.8908,        0.2332,    90706.8036,        0.7442,       25.2095,      -13.9738,       56.0812,  317.7403,0.184328,  3.1889E-06
       25.0000,       23.5000,      200.0000,        0.0000,       11.0000,       90.0000,        3.0000,     2024.0000,      307.5310,       17.0150,       53.9128,        0.4137,      261.1178,        0.7536,    90749.6656,        2.7305,       35.3654,       20.0710,       69.3983,  307.8720,0.192222,  1.5137E-05
      -68.0000,      -16.5000,     3600.0000,        0.0000,       12.0000,      172.0000,        6.0000,     2024.0000,      272.1252,       14.6744,      328.4739,        0.1973,     1274.2205,        0.0397,    71530.7474,        0.5687,       20.1630,       31.0966,       32.1599,  280.8980,0.213802,  9.4301E-06
      103.8200,        1.3500,       15.0000,       30.0000,       14.0000,      120.0000,        4.0000,     2024.0000,      300.3897,        6.4189,       99.4132,        0.6535,      743.8791,        0.6638,    99399.9702,        0.9907,        8.9137,       -7.1182,      -75.5241,  304.2240,0.195141,  5.8634E-06
      151.2100,      -33.8700,       39.0000,        0.0000,       12.0000,      172.0000,        6.0000,     2024.0000,      318.9517,        0.8917,      149.2480,        0.2355,      791.9843,        0.1801,    93613.2998,        1.6512,       82.2052,       15.3862,      -54.8601,  318.9517,0.183359,  2.0149E-06
       55.3000,       25.2000,        5.0000,        0.0000,       10.0000,      280.0000,       10.0000,     2024.0000,      290.3611,        4.3809,      107.5192,        0.6396,      698.0963,        0.2939,    96160.1117,        3.0267,       21.7573,      -19.5113,       92.9768,  295.0416,0.202487,  5.3810E-06
      -18.0000,       65.0000,       52.0000,        0.0000,       10.0000,      355.0000,       12.0000,     2024.0000,      252.3921,       11.8703,      190.1395,        0.5614,      534.2926,        0.6475,   100547.7812,        0.7181,       84.9639,       28.4370,       83.5286,  252.3921,0.236606,  7.3545E-06
      103.8200,        1.3500,       15.0000,       30.0000,       14.0000,      120.0000,        4.0000,     2024.0000,      322.4706,        8.1299,      168.0994,        0.7669,      641.5051,        0.6565,   101163.7527,        0.6891,       14.2947,      -23.5293,       16.7456,  325.8354,0.177852,  5.3526E-06
       25.0000,       23.5000,      200.0000,        0.0000,       11.0000,       90.0000,        3.0000,     2024.0000,      314.6705,       17.5465,      211.8389,        0.1140,      120.2159,        0.4062,    92704.0977,        3.9449,       34.6625,       21.7159,       73.1736,  315.0286,0.186497,  2.3076E-05
      -18.0000,       65.0000,       52.0000,        0.0000,       10.0000,      355.0000,       12.0000,     2024.0000,      250.3172,       20.2693,       45.5718,        0.5604,       98.6556,        0.7605,    86525.8916,        1.4306,       84.5759,       15.8319,      -49.1613,  250.5103,0.238112,  1.4932E-05
      103.8200,        1.3500,       15.0000,       30.0000,       14.0000,      120.0000,        4.0000,     2024.0000,      310.3554,        5.7981,      269.9713,        0.6988,      833.1449,        0.9951,    87648.1504,        1.8939,       35.6073,       -0.1884,      -53.8143,  310.3786,0.190217,  5.1475E-06
      -18.0000,       65.0000,       52.0000,        0.0000,       10.0000,      355.0000,       12.0000,     2024.0000,      258.9946,        3.2709,      188.2012,        0.8792,      524.5382,        0.5621,    96305.8831,        2.9980,       66.5243,        0.5000,       14.7051,  262.5116,0.228511,  3.7953E-06
      103.8200,        1.3500,       15.0000,       30.0000,       14.0000,      120.0000,        4.0000,     2024.0000,      281.0016,        4.6690,       71.5493,        0.6997,      912.3401,        0.9594,    97869.9364,        0.8174,        8.2872,        0.1105,       42.6442,  281.7751,0.213100,  3.2161E-06
     -112.0700,       33.4500,      331.0000,        0.0000,       13.0000,      200.0000,        7.0000,     2024.0000,      310.2035,        6.2050,      325.1719,        0.1502,      962.3994,        0.3746,    98839.3788,        1.1312,       28.9986,        7.4945,     -130.5653,  319.6322,0.182814,  5.5834E-06
      151.2100,      -33.8700,       39.0000,        0.0000,       12.0000,      172.0000,        6.0000,     2024.0000,      293.1655,        6.4212,      183.3541,        0.7588,      975.7301,        0.3495,    86875.5550,        1.8888,       83.8097,       24.0016,       39.8650,  293.1655,0.203988,  5.6848E-06
       25.0000,       23.5000,      200.0000,        0.0000,       11.0000,       90.0000,        3.0000,     2024.0000,      283.3984,       21.0609,       65.0468,        0.0325,      510.3454,        0.4493,    96005.3271,        4.5280,       26.9161,      -13.9250,       75.9226,  284.7357,0.210731,  2.2584E-05
       25.0000,       23.5000,      200.0000,        0.0000,       11.0000,       90.0000,        3.0000,     2024.0000,      295.4672,       18.4645,      161.4563,        0.3540,      261.2681,        0.7208,   100450.6277,        2.7184,       25.0241,      -11.6403,       85.7886,  295.8694,0.201824,  1.6897E-05
       -0.1300,       51.5100,       11.0000,        0.0000,        9.0000,       80.0000,        3.0000,     2024.0000,      267.0576,       13.1179,      133.1613,        0.9733,      475.0303,        0.5518,    99959.4526,        1.8536,       60.4037,        4.7456,      106.5538,  267.0576,0.224874,  1.1081E-05
      -18.0000,       65.0000,       52.0000,        0.0000,       10.0000,      355.0000,       12.0000,     2024.0000,      264.0631,        4.3762,       18.2339,        0.6316,      113.8985,        0.5117,    89695.5169,        2.1724,       78.0393,       -2.0933,       90.1704,  264.0631,0.227270,  5.3923E-06
     -112.0700,       33.4500,      331.0000,        0.0000,       13.0000,      200.0000,        7.0000,     2024.0000,      290.5960,        2.0241,      328.7027,        0.1643,     1189.4608,        0.1428,    96857.8632,        3.6571,       38.4510,      -18.3963,      -46.8121,  309.4519,0.190958,  4.8364E-06
       25.0000,       23.5000,      200.0000,        0.0000,       11.0000,       90.0000,        3.0000,     2024.0000,      281.0487,       19.9362,      105.6149,        0.3588,      257.2791,        0.8466,    99687.9692,        3.7255,        3.9479,       29.6489,      -16.4519,  281.2729,0.213502,  2.2123E-05
       25.0000,       23.5000,      200.0000,        0.0000,       11.0000,       90.0000,        3.0000,     2024.0000,      288.9290,       13.8099,      128.1924,        0.3985,      879.1249,        0.6526,   100435.2406,        3.0526,       31.0229,       16.0075,      -83.0301,  291.6096,0.205232,  1.6588E-05
      151.2100,      -33.8700,       39.0000,        0.0000,       12.0000,      172.0000,        6.0000,     2024.0000,      257.1208,        9.7203,       47.9531,        0.3029,     1150.3742,        0.2391,    94082.0999,        1.4002,       83.7369,       -4.8568,       71.5480,  257.1208,0.232823,  6.4478E-06
      -68.0000,      -16.5000,     3600.0000,        0.0000,       12.0000,      172.0000,        6.0000,     2024.0000,      268.9956,        7.5473,      254.4432,        0.2623,     1288.4008,        0.3696,    73178.7626,        3.4286,       12.7071,        8.9936,      -28.9195,  276.5749,0.217260,  8.1212E-06
      -68.0000,      -16.5000,     3600.0000,        0.0000,       12.0000,      172.0000,        6.0000,     2024.0000,      277.6033,        5.0729,      279.7076,        0.0678,     1050.7069,        0.0578,    68678.8431,        0.5398,       47.7962,      -17.6713,      -68.7890,  286.2172,0.209546,  3.7623E-06
      151.2100,      -33.8700,       39.0000,        0.0000,       12.0000,      172.0000,        6.0000,     2024.0000,      272.6366,        9.6990,      211.7708,        0.8183,     1324.3855,        0.2956,    90861.4395,        2.8906,       38.5127,      -17.1560,      111.7450,  279.6617,0.214791,  8.7749E-06
     -112.0700,       33.4500,      331.0000,        0.0000,       13.0000,      200.0000,        7.0000,     2024.0000,      291.9637,        4.3119,      323.1277,        0.1599,     1248.1537,        0.1316,    98298.9290,        3.2615,       24.7178,        9.3490,       -9.7991,  313.0555,0.188076,  8.4563E-06
      103.8200,        1.3500,       15.0000,       30.0000,       14.0000,      120.0000,        4.0000,     2024.0000,      298.8186,        3.1420,      105.6623,        0.9781,      656.2355,        0.6445,    88962.9356,        2.0481,        8.3315,       11.4033,       47.9941,  303.5917,0.195647,  3.4216E-06
     -122.0000,       37.5000,       25.0000,        0.0000,       12.0000,      172.0000,        6.0000,     2024.0000,      302.1066,        3.5667,      351.8891,        0.3347,      795.5514,        0.2429,    92843.4959,        0.6508,       16.7220,      -28.6728,      107.8247,  316.3900,0.185408,  4.1057E-06
     -112.0700,       33.4500,      331.0000,        0.0000,       13.0000,      200.0000,        7.0000,     2024.0000,      310.8363,       10.4740,      212.6702,        0.0791,      920.1776,        0.0514,    91970.3626,        2.3399,       26.3970,       15.1879,        9.0066,  321.9354,0.180972,  1.0713E-05
     -112.0700,       33.4500,      331.0000,        0.0000,       13.0000,      200.0000,        7.0000,     2024.0000,      302.7334,        7.3470,      273.5186,        0.0047,      917.8124,        0.3585,    92176.4022,        2.1139,       11.9211,       31.2908,       46.2146,  311.7026,0.189158,  8.0129E-06
      103.8200,        1.3500,       15.0000,       30.0000,       14.0000,      120.0000,        4.0000,     2024.0000,      315.4989,        2.8119,      233.8031,        0.8178,     1359.9414,        0.9338,    96770.8337,        2.0481,       31.0309,      -13.9493,       45.6189,  317.3873,0.184610,  4.2451E-06
       25.0000,       23.5000,      200.0000,        0.0000,       11.0000,       90.0000,        3.0000,     2024.0000,      286.4303,       23.3559,      131.9958,        0.0879,      854.1511,        0.3910,    99312.5703,        4.3606,       25.5373,       23.5422,      -84.8369,  289.1788,0.207177,  2.3514E-05
     -112.0700,       33.4500,      331.0000,        0.0000,       13.0000,      200.0000,        7.0000,     2024.0000,      289.9592,        2.5419,      255.6504,        0.1850,     1064.3675,        0.2448,    94254.0842,        2.2382,       34.2882,      -17.0403,       37.8156,  309.7946,0.190684,  4.2795E-06
      -18.0000,       65.0000,       52.0000,        0.0000,       10.0000,      355.0000,       12.0000,     2024.0000,      252.9882,       20.1857,       78.3906,        0.7985,      309.2791,        0.7352,    99747.2950,        2.4183,       56.4004,        7.2140,     -107.8665,  253.0688,0.236065,  2.1784E-05
     -122.0000,       37.5000,       25.0000,        0.0000,       12.0000,      172.0000,        6.0000,     2024.0000,      306.0379,       11.8655,      351.2275,        0.0621,     1335.2380,        0.1376,    99031.9948,        0.5690,       44.6425,      -22.9642,        8.1122,  323.2354,0.179932,  1.1693E-05
      -18.0000,       65.0000,       52.0000,        0.0000,       10.0000,      355.0000,       12.0000,     2024.0000,      244.9777,       11.2323,       20.6046,        0.5032,      384.3247,        0.3252,    89138.4221,        1.9904,       64.3981,       22.7221,     -114.1177,  245.1325,0.242414,  9.0217E-06
      151.2100,      -33.8700,       39.0000,        0.0000,       12.0000,      172.0000,        6.0000,     2024.0000,      299.9750,        3.2879,      133.3636,        0.2223,      649.6200,        0.1368,    96238.4295,        0.5146,       61.8478,        0.7814,     -100.8647,  306.7450,0.193124,  3.0639E-06
      -68.0000,      -16.5000,     3600.0000,        0.0000,       12.0000,      172.0000,        6.0000,     2024.0000,      282.3617,       12.1446,      315.4322,        0.4837,     1047.8884,        0.1988,    69095.7108,        0.7209,        7.1043,       21.2408,       32.0790,  291.7453,0.205124,  7.2792E-06
     -122.0000,       37.5000,       25.0000,        0.0000,       12.0000,      172.0000,        6.0000,     2024.0000,      284.5979,        1.4560,      349.9593,        0.0034,     1020.4009,        0.1702,    92230.4324,        0.8549,       47.3882,      -11.2289,      -71.8271,  304.2765,0.195099,  1.8442E-06
      -68.0000,      -16.5000,     3600.0000,        0.0000,       12.0000,      172.0000,        6.0000,     2024.0000,      272.3108,        9.6552,      326.0857,        0.5289,      970.0442,        0.2117,    70376.5970,        0.7640,        4.6615,      -15.8544,      103.5637,  283.3787,0.211817,  5.5194E-06
      151.2100,      -33.8700,       39.0000,        0.0000,       12.0000,      172.0000,        6.0000,     2024.0000,      319.2735,        4.2255,      161.7115,        0.4091,     1126.0383,        0.3777,    96522.6495,        3.0455,       27.4036,       21.6053,      -38.9720,  321.8009,0.181079,  6.4769E-06
       25.0000,       23.5000,      200.0000,        0.0000,       11.0000,       90.0000,        3.0000,     2024.0000,      280.6440,       13.2874,      181.1282,        0.1498,      274.0695,        0.5608,   100384.7688,        2.8036,       60.4127,       -0.0628,      115.2671,  280.7940,0.213885,  1.4196E-05
      151.2100,      -33.8700,       39.0000,        0.0000,       12.0000,      172.0000,        6.0000,     2024.0000,      266.9690,        5.6535,      124.6636,        0.7685,     1083.5747,        0.4170,    93328.3080,        2.0833,       78.2893,        6.5723,      124.3671,  274.1297,0.219216,  6.1802E-06
      103.8200,        1.3500,       15.0000,       30.0000,       14.0000,      120.0000,        4.0000,     2024.0000,      310.4154,        5.3395,       57.1160,        0.7899,     1234.3835,        0.9991,    95249.0403,        2.5522,       13.3961,       -1.5884,       64.6034,  310.4351,0.190172,  7.4127E-06
       25.0000,       23.5000,      200.0000,        0.0000,       11.0000,       90.0000,        3.0000,     2024.0000,      316.7867,       24.7160,      121.5298,        0.0505,      553.9603,        0.8425,    99768.0604,        2.9423,        6.8068,       -9.7893,       11.3831,  317.2672,0.184706,  2.9504E-05
     -112.0700,       33.4500,      331.0000,        0.0000,       13.0000,      200.0000,        7.0000,     2024.0000,      299.9501,        9.9158,      227.2463,        0.2466,      829.1735,        0.1176,    99174.0063,        1.8382,       10.8523,       10.0018,       47.8150,  311.1169,0.189626,  9.6420E-06
       -0.1300,       51.5100,       11.0000,        0.0000,        9.0000,       80.0000,        3.0000,     2024.0000,      302.7846,        7.9673,      118.5842,        0.7495,      991.1822,        0.7461,    94001.9020,        1.5537,       56.0634,        8.2851,      -95.7075,  306.4470,0.193362,  7.5238E-06
     -122.0000,       37.5000,       25.0000,        0.0000,       12.0000,      172.0000,        6.0000,     2024.0000,      281.6506,        2.8454,      323.1379,        0.1033,     1291.6103,        0.3997,    98501.7784,        1.3250,       21.1734,        2.5811,      -13.0478,  303.5258,0.195699,  2.8316E-06
      151.2100,      -33.8700,       39.0000,        0.0000,       12.0000,      172.0000,        6.0000,     2024.0000,      290.0698,       11.2791,       24.6552,        0.5419,      988.0569,        0.5243,    95225.2120,        0.7270,       74.9030,      -30.5478,      -85.7763,  290.6612,0.205991,  8.2898E-06
      -18.0000,       65.0000,       52.0000,        0.0000,       10.0000,      355.0000,       12.0000,     2024.0000,      254.0169,        8.1072,      216.4610,        0.9704,      457.3942,        0.5955,    91277.2328,        0.6382,       78.3136,        1.2272,      -95.7229,  255.4246,0.234180,  5.2967E-06
       -0.1300,       51.5100,       11.0000,        0.0000,        9.0000,       80.0000,        3.0000,     2024.0000,      316.6396,        0.8228,      188.3121,        0.8030,      390.7929,        0.6623,    96806.5418,        1.3828,        4.6874,       12.1791,      -20.4502,  318.8545,0.183436,  1.6610E-06
     -122.0000,       37.5000,       25.0000,        0.0000,       12.0000,      172.0000,        6.0000,     2024.0000,      288.7756,        7.4530,      233.6705,        0.2846,     1242.1917,        0.2024,    97928.3458,        3.3766,       29.6007,      -24.3207,     -105.5537,  300.2545,0.198316,  1.1965E-05
      -18.0000,       65.0000,       52.0000,        0.0000,       10.0000,      355.0000,       12.0000,     2024.0000,      248.6267,        5.2276,      184.0981,        0.6264,      428.5073,        0.2590,    91549.6319,        1.9545,       49.8283,       25.2028,      -53.7966,  252.6484,0.236401,  5.1080E-06
       25.0000,       23.5000,      200.0000,        0.0000,       11.0000,       90.0000,        3.0000,     2024.0000,      299.3936,       22.2742,      198.5125,        0.4162,      237.9522,        0.3880,   101022.0443,        3.2177,       21.7730,       22.0132,      -42.7480,  300.2647,0.198308,  2.7600E-05
      -18.0000,       65.0000,       52.0000,        0.0000,       10.0000,      355.0000,       12.0000,     2024.0000,      256.1129,       10.8282,      253.9612,        0.9135,      296.4679,        0.7814,    84709.1407,        3.0287,       84.1971,       -5.9832,       92.4370,  256.1129,0.233630,  8.5584E-06
       55.3000,       25.2000,        5.0000,        0.0000,       10.0000,      280.0000,       10.0000,     2024.0000,      304.5252,        6.7706,      100.9727,        0.4702,      897.4795,        0.1318,   100474.7940,        1.7112,       39.8865,       -9.7333,      -42.1363,  320.0273,0.182498,  7.4541E-06
     -122.0000,       37.5000,       25.0000,        0.0000,       12.0000,      172.0000,        6.0000,     2024.0000,      310.0529,        9.3696,      204.5385,        0.3399,     1031.7604,        0.2588,   101266.1394,        1.8827,       29.9354,      -14.3928,      -14.9121,  321.5998,0.181240,  8.2747E-06
      -68.0000,      -16.5000,     3600.0000,        0.0000,       12.0000,      172.0000,        6.0000,     2024.0000,      276.9463,       12.6469,      269.7656,        0.1206,     1178.0897,        0.2072,    71048.7364,        2.7361,       49.7419,      -13.3631,       99.9266,  282.5103,0.212512,  1.4423E-05
     -112.0700,       33.4500,      331.0000,        0.0000,       13.0000,      200.0000,        7.0000,     2024.0000,      289.7676,        9.6225,      248.2169,        0.4247,     1255.2941,        0.0825,    93154.9982,        1.1436,       51.9258,      -23.8562,        9.1431,  304.6233,0.194821,  8.9384E-06
      103.8200,        1.3500,       15.0000,       30.0000,       14.0000,      120.0000,        4.0000,     2024.0000,      307.7155,        4.3197,      227.1956,        0.6019,      660.6087,        0.8739,    87252.9883,        1.8150,       22.5899,      -25.3282,       31.7499,  309.0901,0.191248,  4.8653E-06
      -68.0000,      -16.5000,     3600.0000,        0.0000,       12.0000,      172.0000,        6.0000,     2024.0000,      303.0173,        1.9990,      203.5136,        0.4336,      925.4673,        0.2570,    67815.8766,        3.3465,       11.4540,       27.4824,      -41.2283,  313.9730,0.187342,  3.9767E-06
     -122.0000,       37.5000,       25.0000,        0.0000,       12.0000,      172.0000,        6.0000,     2024.0000,      296.6781,        7.1779,      200.0963,        0.4852,      867.6898,        0.4425,    90434.6442,        2.1124,       36.7419,       16.7279,        8.1281,  304.3769,0.195019,  7.5077E-06
      -18.0000,       65.0000,       52.0000,        0.0000,       10.0000,      355.0000,       12.0000,     2024.0000,      252.2356,        9.5206,      107.3501,        0.6101,      632.4883,        0.4009,    92422.0388,        2.3336,       65.9507,        0.4436,      -44.6080,  256.7695,0.233104,  8.7356E-06
      103.8200,        1.3500,       15.0000,       30.0000,       14.0000,      120.0000,        4.0000,     2024.0000,      301.2153,        7.8006,      155.9425,        0.6071,     1078.1575,        0.8554,    92131.0809,        1.5433,        4.6519,      -10.7311,       -9.8935,  303.3859,0.195811,  6.9329E-06
      -18.0000,       65.0000,       52.0000,        0.0000,       10.0000,      355.0000,       12.0000,     2024.0000,      242.2321,       17.7190,       55.6465,        0.5298,      462.3346,        0.3764,    88612.6185,        0.8499,       88.8197,       19.9359,      -78.8835,  244.2642,0.243109,  1.0511E-05
      -68.0000,      -16.5000,     3600.0000,        0.0000,       12.0000,      172.0000,        6.0000,     2024.0000,      285.2724,        5.5150,      303.2733,        0.2474,     1338.0286,        0.3922,    67510.9097,        2.8685,       18.3897,       23.0367,      -39.0625,  293.1799,0.203976,  7.7936E-06
      -18.0000,       65.0000,       52.0000,        0.0000,       10.0000,      355.0000,       12.0000,     2024.0000,      234.6134,       17.7979,       56.0686,        0.7260,      585.0414,        0.2719,    85181.3866,        1.7104,       73.2576,       -2.5127,     -118.1743,  234.6134,0.250829,  1.1808E-05
     -122.0000,       37.5000,       25.0000,        0.0000,       12.0000,      172.0000,        6.0000,     2024.0000,      320.7960,        7.5573,      156.9383,        0.6157,     1052.9122,        0.2743,    89835.2351,        2.2264,       16.4454,      -14.1628,      -87.1271,  333.0517,0.172079,  9.0839E-06
     -122.0000,       37.5000,       25.0000,        0.0000,       12.0000,      172.0000,        6.0000,     2024.0000,      308.0606,        3.3154,      269.8551,        0.5979,      915.3743,        0.0782,    90908.5195,        3.4937,        4.7574,       23.9302,      -54.9852,  326.1282,0.177617,  5.5389E-06
      -18.0000,       65.0000,       52.0000,        0.0000,       10.0000,      355.0000,       12.0000,     2024.0000,      236.7055,        3.4243,       18.7566,        0.6736,       68.8233,        0.3466,    87032.8994,        2.1189,       84.6777,        0.1097,       81.5598,  236.7055,0.249156,  3.6605E-06
      -18.0000,       65.0000,       52.0000,        0.0000,       10.0000,      355.0000,       12.0000,     2024.0000,      255.9568,        4.3917,      161.3883,        0.8384,      179.1448,        0.9396,   101265.4388,        1.7699,       68.2107,      -26.2077,       90.3019,  255.9568,0.233755,  3.8591E-06
     -112.0700,       33.4500,      331.0000,        0.0000,       13.0000,      200.0000,        7.0000,     2024.0000,      322.5906,        7.5888,      328.4401,        0.1313,     1020.1719,        0.1596,    96151.4942,        3.5539,       31.1703,      -28.0807,     -131.3567,  330.4686,0.174145,  1.2063E-05
      151.2100,      -33.8700,       39.0000,        0.0000,       12.0000,      172.0000,        6.0000,     2024.0000,      301.7256,        4.6065,       84.4505,        0.5657,      981.5158,        0.2991,    98034.6846,        2.6953,       24.8174,        5.9896,      -34.5437,  304.5618,0.194871,  5.3612E-06
       -0.1300,       51.5100,       11.0000,        0.0000,        9.0000,       80.0000,        3.0000,     2024.0000,      297.6735,        9.5731,      293.2929,        0.5665,     1043.2642,        0.6396,    93915.9405,        2.9039,        9.5718,      -24.7974,       59.5813,  299.3602,0.199032,  1.1819E-05
      151.2100,      -33.8700,       39.0000,        0.0000,       12.0000,      172.0000,        6.0000,     2024.0000,      304.0632,        8.3166,      136.8301,        0.6177,      613.0120,        0.1333,   100007.7952,        3.0280,       59.8617,       29.4380,      121.6800,  308.5177,0.191706,  1.1871E-05
       55.3000,       25.2000,        5.0000,        0.0000,       10.0000,      280.0000,       10.0000,     2024.0000,      287.4970,        7.5079,      294.9506,        0.3220,      653.1058,        0.4000,    87710.2324,        2.9482,       43.6714,       27.9618,       30.0058,  290.9058,0.205795,  9.9155E-06
      151.2100,      -33.8700,       39.0000,        0.0000,       12.0000,      172.0000,        6.0000,     2024.0000,      319.1609,        3.5420,       33.1855,        0.6134,      720.4228,        0.1595,    96479.4490,        2.2060,       32.3401,      -19.1017,     -106.0779,  327.5090,0.176513,  6.5891E-06
      -18.0000,       65.0000,       52.0000,        0.0000,       10.0000,      355.0000,       12.0000,     2024.0000,      257.0595,       12.1792,       70.9017,        0.7043,      147.0287,        0.3194,    92332.5282,        2.8216,       68.9258,       16.9997,       21.2120,  257.6775,0.232378,  1.2847E-05
     -122.0000,       37.5000,       25.0000,        0.0000,       12.0000,      172.0000,        6.0000,     2024.0000,      307.3039,        2.9873,      349.3082,        0.1770,     1333.2821,        0.3917,    95122.6931,        2.2661,       12.2576,        6.3809,     -137.0817,  326.5339,0.177293,  4.3518E-06
       -0.1300,       51.5100,       11.0000,        0.0000,        9.0000,       80.0000,        3.0000,     2024.0000,      303.5921,        2.2429,      324.2432,        0.8769,      360.2760,        0.2191,    97028.0001,        2.8331,       43.8428,        1.6568,       32.0375,  306.4332,0.193373,  4.4973E-06
       55.3000,       25.2000,        5.0000,        0.0000,       10.0000,      280.0000,       10.0000,     2024.0000,      292.7087,        6.8809,      186.4979,        0.5842,     1292.8505,        0.0780,    87103.0679,        3.6659,       10.2782,       11.0780,       31.6243,  307.1256,0.192820,  7.8640E-06
       55.3000,       25.2000,        5.0000,        0.0000,       10.0000,      280.0000,       10.0000,     2024.0000,      298.7087,        2.2920,      167.7920,        0.6369,     1237.5038,        0.3867,    91530.7836,        4.5396,        6.1587,       18.0802,        2.9383,  313.4620,0.187750,  4.9454E-06
       -0.1300,       51.5100,       11.0000,        0.0000,        9.0000,       80.0000,        3.0000,     2024.0000,      283.1291,        6.0887,      158.3235,        0.7099,      360.5407,        0.5777,    92965.8384,        2.6169,        4.7401,       -4.2157,      117.8040,  284.1062,0.211235,  7.7792E-06
     -122.0000,       37.5000,       25.0000,        0.0000,       12.0000,      172.0000,        6.0000,     2024.0000,      289.7163,        1.1663,      353.1598,        0.6908,     1039.4968,        0.1502,    95580.5748,        2.3246,       31.6530,       21.7105,      -24.9370,  313.6631,0.187589,  2.5117E-06
      -68.0000,      -16.5000,     3600.0000,        0.0000,       12.0000,      172.0000,        6.0000,     2024.0000,      285.1014,       13.8038,      321.7693,        0.0461,     1211.4055,        0.3694,    73548.7844,        0.7801,       36.5490,       29.3015,       78.5355,  290.7247,0.205940,  8.4700E-06
      -18.0000,       65.0000,       52.0000,        0.0000,       10.0000,      355.0000,       12.0000,     2024.0000,      235.1928,       15.1389,      153.0630,        0.6614,      313.1689,        0.8674,    95330.8548,        3.0498,       86.7573,      -21.9643,       80.4727,  235.1928,0.250366,  1.6022E-05
      151.2100,      -33.8700,       39.0000,        0.0000,       12.0000,      172.0000,        6.0000,     2024.0000,      277.3497,        1.4273,      181.9904,        0.3245,     1176.9014,        0.3140,    97095.2537,        1.0623,       33.9318,       -8.9336,      -74.4663,  285.6456,0.210003,  1.9840E-06
      151.2100,      -33.8700,       39.0000,        0.0000,       12.0000,      172.0000,        6.0000,     2024.0000,      274.5894,        4.1442,      134.4041,        0.8314,      508.2030,        0.0043,    99629.8149,        3.0031,       33.1876,       24.4023,       17.9093,  274.7186,0.218745,  6.0368E-06
      151.2100,      -33.8700,       39.0000,        0.0000,       12.0000,      172.0000,        6.0000,     2024.0000,      264.1115,       10.6953,       39.7697,        0.3079,     1103.1306,        0.4883,    98580.2058,        2.3141,       55.4471,      -16.2504,       51.2360,  264.1115,0.227231,  9.9657E-06
       25.0000,       23.5000,      200.0000,        0.0000,       11.0000,       90.0000,        3.0000,     2024.0000,      279.8576,       17.7438,       61.4116,        0.0908,      357.6520,        0.8390,    92811.2496,        4.4386,       35.1810,        3.3641,      -97.2514,  280.2451,0.214324,  1.6954E-05
      -18.0000,       65.0000,       52.0000,        0.0000,       10.0000,      355.0000,       12.0000,     2024.0000,      247.0028,       19.7303,       73.9686,        0.7069,       14.5393,        0.6723,    88150.0602,        1.9157,       80.5749,       25.4524,       72.6760,  247.0028,0.240918,  1.2548E-05
      151.2100,      -33.8700,       39.0000,        0.0000,       12.0000,      172.0000,        6.0000,     2024.0000,      301.2518,        4.1340,       56.3667,        0.7866,      435.6587,        0.3335,    95184.6320,        0.9645,       70.8061,      -15.1759,      -59.7169,  301.2518,0.197519,  3.9670E-06
      -68.0000,      -16.5000,     3600.0000,        0.0000,       12.0000,      172.0000,        6.0000,     2024.0000,      265.9366,        6.5376,      174.0417,        0.2228,      917.5394,        0.2810,    61514.4347,        1.2186,       10.9001,      -27.1393,       43.6242,  274.2536,0.219117,  6.5033E-06
       -0.1300,       51.5100,       11.0000,        0.0000,        9.0000,       80.0000,        3.0000,     2024.0000,      272.4473,       11.3160,      190.0066,        0.6736,      541.2803,        0.6400,    88024.5895,        2.0344,       13.0572,        2.8529,     -117.0158,  273.7457,0.219523,  1.0969E-05
      -18.0000,       65.0000,       52.0000,        0.0000,       10.0000,      355.0000,       12.0000,     2024.0000,      254.4282,        6.6801,      153.3681,        0.6259,      615.6637,        0.4760,    92974.2739,        0.7573,       49.3882,      -26.0755,      -72.1088,  257.9440,0.232165,  3.8653E-06
       -0.1300,       51.5100,       11.0000,        0.0000,        9.0000,       80.0000,        3.0000,     2024.0000,      278.8683,        7.8090,      102.5964,        0.5400,     1195.8296,        0.3701,    89795.6537,        2.5580,       21.9743,      -17.3218,       83.8181,  280.6785,0.213977,  8.5902E-06
       55.3000,       25.2000,        5.0000,        0.0000,       10.0000,      280.0000,       10.0000,     2024.0000,      313.0992,        9.1933,      220.1597,        0.2852,      702.5578,        0.1894,    87095.4367,        4.0140,       27.9190,      -19.1620,       10.8250,  319.2104,0.183152,  1.4530E-05
      151.2100,      -33.8700,       39.0000,        0.0000,       12.0000,      172.0000,        6.0000,     2024.0000,      265.2519,        6.5753,      161.8162,        0.5652,      995.7250,        0.5637,    97464.7022,        2.2308,       80.0253,       11.4255,      -86.3480,  265.5606,0.226072,  8.2307E-06
      103.8200,        1.3500,       15.0000,       30.0000,       14.0000,      120.0000,        4.0000,     2024.0000,      293.1277,        5.1715,       80.1544,        0.8481,     1152.0008,        0.9208,    89249.6298,        2.2004,       19.9128,       -9.7231,       76.0273,  294.8229,0.202662,  6.9372E-06
     -112.0700,       33.4500,      331.0000,        0.0000,       13.0000,      200.0000,        7.0000,     2024.0000,      285.9085,        4.2930,      282.2244,        0.1551,     1123.6401,        0.1005,    97395.3529,        3.4792,       22.2146,       11.3750,      -31.9334,  304.6244,0.194821,  5.2875E-06
     -112.0700,       33.4500,      331.0000,        0.0000,       13.0000,      200.0000,        7.0000,     2024.0000,      321.1630,        1.0091,      351.5862,        0.2457,      832.3975,        0.1750,    99170.6836,        2.1600,       47.8164,       31.3167,        2.6895,  336.4618,0.169351,  2.6677E-06
      151.2100,      -33.8700,       39.0000,        0.0000,       12.0000,      172.0000,        6.0000,     2024.0000,      312.9132,       12.6193,       31.9590,        0.7024,     1157.8022,        0.5726,    92966.4713,        2.1051,       37.8872,        8.4011,       74.2184,  314.6571,0.186794,  1.1952E-05
      -68.0000,      -16.5000,     3600.0000,        0.0000,       12.0000,      172.0000,        6.0000,     2024.0000,      258.9402,        8.3886,      284.1854,        0.2580,     1067.3075,        0.0757,    70775.2136,        0.8337,       49.6191,       17.3005,     -124.2898,  273.7022,0.219558,  5.4718E-06
       25.0000,       23.5000,      200.0000,        0.0000,       11.0000,       90.0000,        3.0000,     2024.0000,      287.6270,       14.6055,      189.4988,        0.2822,      536.2836,        0.4097,    98780.8879,        4.3242,       43.9946,       36.5247,      -46.0449,  289.8584,0.206633,  1.5581E-05
      103.8200,        1.3500,       15.0000,       30.0000,       14.0000,      120.0000,        4.0000,     2024.0000,      292.0510,        8.1533,      138.6533,        0.8686,     1274.9692,        0.6664,    93708.9543,        2.0923,       25.6211,      -17.7738,        4.7813,  296.2162,0.201547,  8.7161E-06
      -68.0000,      -16.5000,     3600.0000,        0.0000,       12.0000,      172.0000,        6.0000,     2024.0000,      271.4490,        6.6774,      351.2804,        0.1246,      896.9816,        0.2108,    78237.3491,        3.4752,       36.1468,        7.9800,      -99.8173,  279.2993,0.215081,  8.6089E-06
       25.0000,       23.5000,      200.0000,        0.0000,       11.0000,       90.0000,        3.0000,     2024.0000,      303.6423,       14.0485,      197.1973,        0.3612,      248.5159,        0.6505,    92929.7398,        3.3250,       19.9895,       -2.2065,      -26.1698,  304.4877,0.194930,  2.0554E-05
      103.8200,        1.3500,       15.0000,       30.0000,       14.0000,      120.0000,        4.0000,     2024.0000,      297.6652,        4.9535,      264.5050,        0.6381,      992.7345,        0.8404,    97437.4978,        0.9782,       38.3546,      -25.7326,      121.6561,  301.2942,0.197485,  3.9660E-06
     -112.0700,       33.4500,      331.0000,        0.0000,       13.0000,      200.0000,        7.0000,     2024.0000,      305.1202,        0.0324,      264.1552,        0.0608,     1179.8581,        0.3285,   100823.4379,        4.0744,        4.3798,        4.7984,       55.5684,  332.0720,0.172862,  1.7506E-06
     -122.0000,       37.5000,       25.0000,        0.0000,       12.0000,      172.0000,        6.0000,     2024.0000,      320.0256,       10.6998,      196.6297,        0.5639,     1127.6725,        0.3525,    94141.7201,        2.2575,       33.8711,       22.9453,      -22.6929,  328.7247,0.175540,  1.3308E-05
      -68.0000,      -16.5000,     3600.0000,        0.0000,       12.0000,      172.0000,        6.0000,     2024.0000,      265.0110,       14.0715,      249.2098,        0.3491,      930.3570,        0.2267,    70345.9919,        1.9529,       41.1711,       21.1478,      -34.3763,  266.7249,0.225140,  1.1848E-05
      151.2100,      -33.8700,       39.0000,        0.0000,       12.0000,      172.0000,        6.0000,     2024.0000,      274.0982,       10.7117,      132.0169,        0.4812,     1216.3206,        0.2601,    98885.3007,        1.4041,       68.7362,       28.8758,       61.3286,  274.0982,0.219241,  9.0656E-06
      -68.0000,      -16.5000,     3600.0000,        0.0000,       12.0000,      172.0000,        6.0000,     2024.0000,      288.4090,       14.7771,      178.6669,        0.5357,     1054.5602,        0.0751,    61985.6394,        2.4076,       28.0861,        4.1811,       31.0879,  292.4824,0.204534,  1.2213E-05
     -122.0000,       37.5000,       25.0000,        0.0000,       12.0000,      172.0000,        6.0000,     2024.0000,      279.8950,        6.4486,      157.2484,        0.4625,      765.2442,        0.2838,   100656.7671,        1.9643,       59.4323,       17.0444,     -124.7055,  283.6536,0.211597,  6.6510E-06
       55.3000,       25.2000,        5.0000,        0.0000,       10.0000,      280.0000,       10.0000,     2024.0000,      278.3550,        7.1422,      194.9819,        0.1634,      972.5132,        0.3254,    98603.2891,        1.5016,       42.7707,       -6.5464,      106.0247,  279.9303,0.214576,  5.7648E-06
      103.8200,        1.3500,       15.0000,       30.0000,       14.0000,      120.0000,        4.0000,     2024.0000,      274.5314,        5.8804,      279.8424,        0.9775,      637.3135,        0.8240,    98399.4947,        1.5368,       12.5076,      -14.1607,       53.8378,  276.4497,0.217360,  4.6802E-06
      -68.0000,      -16.5000,     3600.0000,        0.0000,       12.0000,      172.0000,        6.0000,     2024.0000,      259.4388,       10.8262,      263.5023,        0.4156,     1079.6437,        0.0012,    68062.3299,        1.3110,       32.7448,       22.9976,       58.0292,  266.6125,0.225230,  9.0717E-06
     -112.0700,       33.4500,      331.0000,        0.0000,       13.0000,      200.0000,        7.0000,     2024.0000,      303.3246,        1.8798,      313.0602,        0.1748,     1039.3148,        0.1907,    96972.1197,        1.0544,       19.3919,       -9.4959,       59.9118,  330.2544,0.174316,  2.0466E-06
     -122.0000,       37.5000,       25.0000,        0.0000,       12.0000,      172.0000,        6.0000,     2024.0000,      320.8164,       11.8227,      296.6361,        0.1807,     1313.4375,        0.3278,    92250.0866,        2.9275,       39.5322,        6.4476,      -61.5070,  329.1889,0.175169,  1.5252E-05
     -112.0700,       33.4500,      331.0000,        0.0000,       13.0000,      200.0000,        7.0000,     2024.0000,      287.3804,       10.5649,      304.1259,        0.4160,      904.5983,        0.3121,    90131.2331,        3.0231,       28.0658,      -21.2219,      -71.5222,  292.7439,0.204325,  1.2374E-05
       25.0000,       23.5000,      200.0000,        0.0000,       11.0000,       90.0000,        3.0000,     2024.0000,      305.6112,       13.3954,       59.3203,        0.0621,      564.0906,        0.8192,    96045.6806,        3.4954,       23.1063,        6.3092,      -68.2504,  306.6251,0.193220,  1.5263E-05
       -0.1300,       51.5100,       11.0000,        0.0000,        9.0000,       80.0000,        3.0000,     2024.0000,      276.9090,       13.5986,      161.5524,        0.5996,      525.0345,        0.2331,    94775.5315,        2.5389,       28.3886,      -18.2989,       29.9581,  278.6581,0.215594,  1.6802E-05
      -68.0000,      -16.5000,     3600.0000,        0.0000,       12.0000,      172.0000,        6.0000,     2024.0000,      282.0061,        6.2581,      319.5634,        0.5272,     1118.1048,        0.1163,    63892.1622,        1.6677,       28.8247,       26.0608,       90.8534,  294.3805,0.203016,  7.2523E-06
       -0.1300,       51.5100,       11.0000,        0.0000,        9.0000,       80.0000,        3.0000,     2024.0000,      305.1788,        9.2158,      301.1169,        0.6002,      738.9987,        0.6525,    91076.9318,        2.9119,       10.5375,      -18.3138,      -44.9134,  307.1519,0.192799,  1.2381E-05
     -112.0700,       33.4500,      331.0000,        0.0000,       13.0000,      200.0000,        7.0000,     2024.0000,      310.7581,        9.0743,      297.2086,        0.2568,      893.6573,        0.2351,    94724.8866,        1.7464,       49.6286,       -0.5148,       41.1058,  320.6813,0.181975,  7.5597E-06
      -18.0000,       65.0000,       52.0000,        0.0000,       10.0000,      355.0000,       12.0000,     2024.0000,      239.7579,       19.7596,      185.5364,        0.9734,      590.6377,        0.5314,   101125.9803,        1.4755,       49.5470,       10.9048,      108.7292,  239.7579,0.246714,  1.4980E-05
     -122.0000,       37.5000,       25.0000,        0.0000,       12.0000,      172.0000,        6.0000,     2024.0000,      298.4872,        9.6348,      196.0416,        0.5112,     1136.1336,        0.2930,    90319.0910,        3.3592,        8.4870,        9.7273,       62.5637,  308.7424,0.191526,  9.3926E-06
       25.0000,       23.5000,      200.0000,        0.0000,       11.0000,       90.0000,        3.0000,     2024.0000,      312.7296,       13.5677,      214.7882,        0.1389,      477.9548,        0.4447,    88698.6722,        3.9597,       26.9645,       -6.1627,      -28.7053,  315.4166,0.186187,  1.7271E-05
       25.0000,       23.5000,      200.0000,        0.0000,       11.0000,       90.0000,        3.0000,     2024.0000,      298.4950,       17.7459,        5.0755,        0.1675,      714.3379,        0.5030,   101060.9970,        4.6787,       11.1273,       -2.9540,      -69.1459,  301.2084,0.197553,  1.9610E-05
      103.8200,        1.3500,       15.0000,       30.0000,       14.0000,      120.0000,        4.0000,     2024.0000,      283.7656,        2.6473,      193.6256,        0.6078,      589.9288,        0.7856,    95901.8190,        1.0076,        5.9114,        2.9478,       90.0210,  286.8720,0.209022,  2.7009E-06
      103.8200,        1.3500,       15.0000,       30.0000,       14.0000,      120.0000,        4.0000,     2024.0000,      278.1845,        7.8205,      292.3543,        0.8538,     1046.2284,        0.7755,    92413.2910,        2.1944,       37.7343,      -10.3754,       49.9172,  281.2143,0.213549,  8.6861E-06
      103.8200,        1.3500,       15.0000,       30.0000,       14.0000,      120.0000,        4.0000,     2024.0000,      318.2197,        9.9159,      256.3065,        0.8460,      756.5434,        0.7792,    99495.8652,        2.0907,       29.5796,      -17.9634,      -27.0273,  319.2652,0.183108,  1.2710E-05
       55.3000,       25.2000,        5.0000,        0.0000,       10.0000,      280.0000,       10.0000,     2024.0000,      290.4429,        5.1738,      159.6043,        0.4243,     1266.5947,        0.3333,    98402.1014,        1.4561,       44.5123,      -11.1641,       17.9171,  304.5459,0.194883,  5.0825E-06
     -112.0700,       33.4500,      331.0000,        0.0000,       13.0000,      200.0000,        7.0000,     2024.0000,      309.5874,        6.6112,      190.1777,        0.0719,     1204.1279,        0.2182,    85974.6707,        1.4869,        0.8218,       11.2483,      -16.8868,  328.4311,0.175775,  7.5272E-06
       25.0000,       23.5000,      200.0000,        0.0000,       11.0000,       90.0000,        3.0000,     2024.0000,      293.6302,       13.7654,      199.5534,        0.0905,      698.4062,        0.6249,   100771.5947,        3.7369,       25.4042,       13.1119,      120.5824,  295.2784,0.202297,  1.3890E-05
       55.3000,       25.2000,        5.0000,        0.0000,       10.0000,      280.0000,       10.0000,     2024.0000,      274.2181,        0.3556,      233.3807,        0.3450,     1185.6419,        0.4195,    89571.4766,        3.1453,       32.7832,      -16.2658,      119.3774,  279.6208,0.214823,  1.8354E-06
       25.0000,       23.5000,      200.0000,        0.0000,       11.0000,       90.0000,        3.0000,     2024.0000,      303.0946,       17.6810,      102.7128,        0.2887,      665.7864,        0.6237,   100718.1054,        3.0193,       45.3515,      -19.7532,       81.3664,  304.0246,0.195300,  1.9379E-05
      -68.0000,      -16.5000,     3600.0000,        0.0000,       12.0000,      172.0000,        6.0000,     2024.0000,      294.4993,       12.9626,      226.7570,        0.3502,     1312.0716,        0.2703,    76849.6949,        1.8983,       45.4769,      -26.1743,      -83.3360,  299.7267,0.198739,  1.4133E-05
       -0.1300,       51.5100,       11.0000,        0.0000,        9.0000,       80.0000,        3.0000,     2024.0000,      257.8541,        2.6086,      215.7844,        0.3620,      505.4777,        0.4079,    94873.0212,        2.1539,       46.9430,      -29.5220,      -47.9269,  264.2456,0.227123,  3.4771E-06
       -0.1300,       51.5100,       11.0000,        0.0000,        9.0000,       80.0000,        3.0000,     2024.0000,      313.1763,        2.1829,      143.3946,        0.4604,      880.9593,        0.1915,    99457.0803,        1.5273,       49.2625,      -14.3115,        0.3853,  327.9623,0.176150,  2.7848E-06
      151.2100,      -33.8700,       39.0000,        0.0000,       12.0000,      172.0000,        6.0000,     2024.0000,      306.1003,        9.2510,       54.6207,        0.2604,     1328.0567,        0.4799,    89290.4783,        1.9990,       40.4958,      -15.9310,      -50.5615,  306.7660,0.193107,  9.1176E-06
      151.2100,      -33.8700,       39.0000,        0.0000,       12.0000,      172.0000,        6.0000,     2024.0000,      302.3645,        4.7580,       75.2829,        0.5303,      545.5155,        0.0602,    87285.4088,        0.7967,       75.4226,       19.8434,      -31.2810,  302.3645,0.196628,  3.8209E-06
       -0.1300,       51.5100,       11.0000,        0.0000,        9.0000,       80.0000,        3.0000,     2024.0000,      281.9128,        5.4432,      323.8297,        0.6928,      968.3520,        0.5967,   101316.7913,        1.4380,       31.4833,       29.8604,       93.0989,  281.9128,0.212990,  5.8148E-06
      151.2100,      -33.8700,       39.0000,        0.0000,       12.0000,      172.0000,        6.0000,     2024.0000,      299.4787,        5.0597,      133.6740,        0.6079,      901.9025,        0.3878,    99179.9500,        1.0459,       41.0999,      -28.5106,      -99.1312,  305.5340,0.194093,  3.8156E-06
       25.0000,       23.5000,      200.0000,        0.0000,       11.0000,       90.0000,        3.0000,     2024.0000,      311.4254,       21.0089,      130.6860,        0.1047,      965.7241,        0.3739,    85817.3734,        3.8494,       12.5276,       -3.7710,      -22.6182,  315.5058,0.186115,  2.1501E-05
       -0.1300,       51.5100,       11.0000,        0.0000,        9.0000,       80.0000,        3.0000,     2024.0000,      279.3153,       10.2963,      328.3467,        0.7773,      963.2230,        0.2313,    93820.1833,        2.9098,       56.6976,      -15.5184,      -89.7027,  286.6295,0.209216,  1.1798E-05
       55.3000,       25.2000,        5.0000,        0.0000,       10.0000,      280.0000,       10.0000,     2024.0000,      285.2720,        8.7718,       98.4296,        0.6711,     1086.9579,        0.3759,   100861.2476,        4.5302,        5.5566,       13.1442,      104.4597,  291.4199,0.205384,  1.1540E-05
      -18.0000,       65.0000,       52.0000,        0.0000,       10.0000,      355.0000,       12.0000,     2024.0000,      262.3382,       15.2111,       46.9411,        0.8444,       37.5405,        0.8598,    97128.2857,        2.4496,       67.1500,      -24.6049,      -70.5682,  262.3683,0.228625,  1.6463E-05
       25.0000,       23.5000,      200.0000,        0.0000,       11.0000,       90.0000,        3.0000,     2024.0000,      318.4724,       20.8751,       34.7216,        0.4491,      440.6610,        0.7970,    99945.3891,        3.6362,       25.7852,       10.3970,        5.3336,  319.0581,0.183274,  2.8455E-05
      -68.0000,      -16.5000,     3600.0000,        0.0000,       12.0000,      172.0000,        6.0000,     2024.0000,      285.2324,       12.3218,      158.7891,        0.2966,     1067.2457,        0.0201,    70926.4375,        0.5522,       19.6581,       -2.3082,       27.2662,  295.1925,0.202366,  8.4201E-06
      103.8200,        1.3500,       15.0000,       30.0000,       14.0000,      120.0000,        4.0000,     2024.0000,      300.4930,        7.1785,       89.8035,        0.6501,     1004.6044,        0.7835,    91138.5236,        1.4124,       23.6540,      -17.3612,       11.2628,  303.2975,0.195882,  6.6295E-06
      -18.0000,       65.0000,       52.0000,        0.0000,       10.0000,      355.0000,       12.0000,     2024.0000,      247.8281,       12.5297,       78.9943,        0.7257,      271.3442,        0.4579,    95628.4718,        1.3740,       52.3393,       19.9055,       24.4711,  248.7559,0.239515,  8.6247E-06
       -0.1300,       51.5100,       11.0000,        0.0000,        9.0000,       80.0000,        3.0000,     2024.0000,      306.3665,       13.7230,      189.7518,        0.8619,      932.5205,        0.5317,    90500.3271,        2.8054,       43.6932,      -31.2753,      -50.7121,  309.8818,0.190615,  1.6294E-05
     -112.0700,       33.4500,      331.0000,        0.0000,       13.0000,      200.0000,        7.0000,     2024.0000,      313.4342,        7.4434,      217.6391,        0.4513,     1232.3505,        0.0005,    95455.0376,        1.3427,       11.4526,        9.2674,       54.7303,  338.7202,0.167544,  8.1513E-06
      151.2100,      -33.8700,       39.0000,        0.0000,       12.0000,      172.0000,        6.0000,     2024.0000,      257.1646,        6.4931,      215.3354,        0.3173,      886.0747,        0.1825,    88513.4945,        2.5960,       28.4090,        8.4954,       96.7387,  263.4705,0.227744,  7.5950E-06
      103.8200,        1.3500,       15.0000,       30.0000,       14.0000,      120.0000,        4.0000,     2024.0000,      314.9232,        5.5010,      172.6103,        0.7552,     1034.8810,        0.8854,    96173.1117,        1.4746,       32.6835,       11.8005,      -24.5175,  316.0110,0.185711,  6.7218E-06
       55.3000,       25.2000,        5.0000,        0.0000,       10.0000,      280.0000,       10.0000,     2024.0000,      280.3848,       11.0462,      174.3024,        0.1653,      808.5932,        0.3186,    90830.8113,        2.6049,       23.7570,       30.6983,      -57.0886,  285.7656,0.209908,  1.3628E-05
      103.8200,        1.3500,       15.0000,       30.0000,       14.0000,      120.0000,        4.0000,     2024.0000,      296.3782,        8.1875,      108.0682,        0.9943,      894.0161,        0.7974,    93665.9748,        1.3992,       25.3667,       -9.7009,      -47.8013,  297.8821,0.200214,  6.7712E-06
       -0.1300,       51.5100,       11.0000,        0.0000,        9.0000,       80.0000,        3.0000,     2024.0000,      291.3846,       13.3699,      197.0656,        0.9227,     1051.4305,        0.3683,    98633.3491,        2.8440,       40.3599,       12.1924,       43.5375,  293.2027,0.203958,  1.4776E-05
      -68.0000,      -16.5000,     3600.0000,        0.0000,       12.0000,      172.0000,        6.0000,     2024.0000,      302.5068,       13.6219,      234.5393,        0.2438,     1026.5575,        0.2055,    72016.4770,        3.2339,       27.7054,       -0.9019,      -35.1085,  306.0776,0.193658,  1.8340E-05
      103.8200,        1.3500,       15.0000,       30.0000,       14.0000,      120.0000,        4.0000,     2024.0000,      290.7048,        2.2002,       76.6042,        0.8991,      670.2872,        0.7688,    98132.5790,        2.0133,       11.5065,       -5.1283,     -116.6558,  293.6331,0.203614,  2.1976E-06
      -68.0000,      -16.5000,     3600.0000,        0.0000,       12.0000,      172.0000,        6.0000,     2024.0000,      300.5620,        4.7929,      176.0966,        0.1418,     1174.8888,        0.3902,    73273.1667,        1.1279,        1.5618,        4.8411,       29.4112,  314.2779,0.187098,  4.8740E-06
       25.0000,       23.5000,      200.0000,        0.0000,       11.0000,       90.0000,        3.0000,     2024.0000,      317.3745,       17.7994,       34.9045,        0.1768,      687.6328,        0.8296,    93873.1400,        2.9586,       56.7562,       27.8509,        8.7684,  317.9912,0.184127,  2.2698E-05
      151.2100,      -33.8700,       39.0000,        0.0000,       12.0000,      172.0000,        6.0000,     2024.0000,      279.6385,        7.1900,      111.1661,        0.3564,     1290.8212,        0.1815,    99952.4428,        2.1395,       43.1879,       -2.9214,      122.5811,  292.7728,0.204302,  7.7482E-06
      151.2100,      -33.8700,       39.0000,        0.0000,       12.0000,      172.0000,        6.0000,     2024.0000,      317.4199,       11.6539,      125.4609,        0.5496,      531.6495,        0.5979,    94887.6739,        0.9242,       77.6629,       19.8698,      -84.4703,  317.5463,0.184483,  9.3554E-06
      151.2100,      -33.8700,       39.0000,        0.0000,       12.0000,      172.0000,        6.0000,     2024.0000,      279.7462,        3.3479,      163.8862,        0.6541,      552.1832,        0.3244,    99702.6169,        1.0910,       31.7684,        7.6013,      116.3080,  286.4813,0.209335,  2.9099E-06
      -68.0000,      -16.5000,     3600.0000,        0.0000,       12.0000,      172.0000,        6.0000,     2024.0000,      272.8825,       16.2905,      155.7315,        0.2007,     1302.5892,        0.0860,    74208.4042,        2.2075,       49.6501,       22.2350,       26.2649,  273.4802,0.219736,  1.8699E-05
       -0.1300,       51.5100,       11.0000,        0.0000,        9.0000,       80.0000,        3.0000,     2024.0000,      275.4198,        8.9575,      211.0706,        0.3744,      571.5982,        0.3096,    91678.4037,        1.5876,       22.0364,       15.0058,     -104.4992,  279.3404,0.215048,  6.2683E-06
       25.0000,       23.5000,      200.0000,        0.0000,       11.0000,       90.0000,        3.0000,     2024.0000,      295.3010,       16.3125,       81.9885,        0.2617,      495.1301,        0.8763,    94222.1382,        4.2044,       21.6678,       38.6888,      103.3228,  295.5964,0.202043,  1.7882E-05
      103.8200,        1.3500,       15.0000,       30.0000,       14.0000,      120.0000,        4.0000,     2024.0000,      320.6708,        7.3604,       57.9003,        0.9389,     1342.8362,        0.6652,    89732.4711,        2.3954,       40.7319,       -9.5697,        0.4816,  324.0319,0.179294,  9.3243E-06
      -68.0000,      -16.5000,     3600.0000,        0.0000,       12.0000,      172.0000,        6.0000,     2024.0000,      278.9000,       14.0026,      302.1757,        0.3041,     1265.9872,        0.1040,    77975.4904,        0.7291,        8.7709,        6.8074,        2.8529,  290.5546,0.206076,  9.1597E-06
     -122.0000,       37.5000,       25.0000,        0.0000,       12.0000,      172.0000,        6.0000,     2024.0000,      295.3398,        0.3575,      336.6191,        0.1115,      976.1493,        0.3831,    97212.6173,        2.4790,       34.1325,       22.2573,      -22.8219,  312.7918,0.188287,  2.1588E-06
     -112.0700,       33.4500,      331.0000,        0.0000,       13.0000,      200.0000,        7.0000,     2024.0000,      285.4858,        0.2900,      226.8713,        0.1936,     1161.4790,        0.0295,    91520.3075,        2.3097,       11.6186,      -16.9011,       -6.7505,  321.1339,0.181613,  1.7082E-06
      -68.0000,      -16.5000,     3600.0000,        0.0000,       12.0000,      172.0000,        6.0000,     2024.0000,      300.6902,       15.9882,      163.2158,        0.3172,     1262.2685,        0.2412,    64188.8170,        3.2119,       15.7603,      -10.0796,      -77.7620,  306.4969,0.193322,  1.7872E-05
     -112.0700,       33.4500,      331.0000,        0.0000,       13.0000,      200.0000,        7.0000,     2024.0000,      304.6013,        1.2897,      351.4019,        0.3257,      833.8941,        0.1714,    94274.0874,        3.5562,       32.9602,       -1.5342,       70.5099,  324.4377,0.178970,  3.0104E-06
       -0.1300,       51.5100,       11.0000,        0.0000,        9.0000,       80.0000,        3.0000,     2024.0000,      293.0222,       10.6019,      155.0212,        0.5755,     1153.8541,        0.4061,    96748.4086,        0.7361,       57.3545,       20.1334,       96.7280,  293.0222,0.204102,  8.5251E-06
      -68.0000,      -16.5000,     3600.0000,        0.0000,       12.0000,      172.0000,        6.0000,     2024.0000,      289.1529,        6.4134,      245.6477,        0.3795,     1235.7179,        0.2333,    64088.2677,        2.4736,       19.4991,      -12.9987,      -62.9122,  299.5575,0.198874,  9.6203E-06
       55.3000,       25.2000,        5.0000,        0.0000,       10.0000,      280.0000,       10.0000,     2024.0000,      283.4417,        9.1429,      126.3917,        0.7314,     1062.5862,        0.4203,    97672.3338,        3.7092,       20.4176,       24.6077,       39.2912,  288.7353,0.207532,  1.1436E-05
      -18.0000,       65.0000,       52.0000,        0.0000,       10.0000,      355.0000,       12.0000,     2024.0000,      238.0984,       10.4030,      186.0606,        0.9357,      525.6656,        0.8336,    93034.3308,        0.8836,       84.7671,       29.8761,     -115.9002,  238.1304,0.248016,  5.9508E-06
      -68.0000,      -16.5000,     3600.0000,        0.0000,       12.0000,      172.0000,        6.0000,     2024.0000,      294.1647,        5.3820,      228.4284,        0.0112,     1090.6141,        0.1760,    65141.5222,        3.1940,        0.8779,       14.5781,       91.7331,  306.8623,0.193030,  5.2804E-06
     -122.0000,       37.5000,       25.0000,        0.0000,       12.0000,      172.0000,        6.0000,     2024.0000,      322.4356,        8.6690,      321.3954,        0.6864,      754.3081,        0.0445,    95810.5519,        3.0234,       22.1413,      -18.1647,      -88.5261,  331.4937,0.173325,  1.2290E-05
      -68.0000,      -16.5000,     3600.0000,        0.0000,       12.0000,      172.0000,        6.0000,     2024.0000,      296.5702,        9.1856,      168.6176,        0.5186,     1169.1742,        0.3320,    76102.5320,        3.4855,       21.3340,        8.9342,      -54.0654,  302.6479,0.196402,  1.0302E-05
       -0.1300,       51.5100,       11.0000,        0.0000,        9.0000,       80.0000,        3.0000,     2024.0000,      310.5720,       11.7324,      133.6267,        0.3595,     1010.6372,        0.2133,    93323.6643,        2.6646,        7.2348,      -23.0250,       34.1404,  314.3632,0.187029,  1.8130E-05
      103.8200,        1.3500,       15.0000,       30.0000,       14.0000,      120.0000,        4.0000,     2024.0000,      300.8756,        2.8466,      269.3033,        0.9776,      884.3917,        0.6054,    92739.0919,        0.8742,       36.3089,      -16.6227,      -81.3797,  303.4773,0.195738,  3.0238E-06
       -0.1300,       51.5100,       11.0000,        0.0000,        9.0000,       80.0000,        3.0000,     2024.0000,      306.1795,       13.3219,      183.1680,        0.5720,      636.2002,        0.6264,   101311.4998,        1.8254,       46.8274,        1.6410,       26.3329,  307.4776,0.192538,  1.2725E-05
      -18.0000,       65.0000,       52.0000,        0.0000,       10.0000,      355.0000,       12.0000,     2024.0000,      254.2789,       10.1407,      113.4121,        0.8356,      339.2750,        0.8041,    88688.1061,        2.6344,       70.3379,      -18.5188,      -55.0298,  254.9294,0.234576,  9.4510E-06
      151.2100,      -33.8700,       39.0000,        0.0000,       12.0000,      172.0000,        6.0000,     2024.0000,      305.8047,        6.4828,       78.0580,        0.5383,      985.6917,        0.0685,    86745.5428,        2.1683,       40.0799,       -9.5663,     -114.4508,  316.8698,0.185024,  8.7028E-06
     -122.0000,       37.5000,       25.0000,        0.0000,       12.0000,      172.0000,        6.0000,     2024.0000,      299.2045,        6.4159,      338.5583,        0.2388,      902.8161,        0.2248,    86640.7695,        2.5827,       20.3018,       30.5049,       90.8733,  309.0240,0.191301,  8.4185E-06
     -112.0700,       33.4500,      331.0000,        0.0000,       13.0000,      200.0000,        7.0000,     2024.0000,      310.1751,        5.4314,      297.3982,        0.4810,      957.8499,        0.3054,    96212.8049,        2.6037,       11.8334,       12.2839,       23.7572,  322.8945,0.180204,  7.4203E-06
     -122.0000,       37.5000,       25.0000,        0.0000,       12.0000,      172.0000,        6.0000,     2024.0000,      321.1452,        3.1942,      175.4350,        0.3684,     1151.2142,        0.2393,    98903.2953,        1.6658,       49.8006,        1.7283,      -37.0753,  340.0123,0.166510,  4.4007E-06
       55.3000,       25.2000,        5.0000,        0.0000,       10.0000,      280.0000,       10.0000,     2024.0000,      321.2551,        2.2804,      273.1462,        0.6441,      835.5072,        0.2977,    98448.6520,        3.8057,        4.2155,       27.1158,      -94.4546,  332.0247,0.172900,  4.5479E-06
     -122.0000,       37.5000,       25.0000,        0.0000,       12.0000,      172.0000,        6.0000,     2024.0000,      305.2705,        6.2451,      317.6016,        0.6939,      991.6353,        0.2507,    98195.5709,        3.0750,       43.7619,       -2.1317,       62.0958,  315.5370,0.186090,  7.1681E-06
      -68.0000,      -16.5000,     3600.0000,        0.0000,       12.0000,      172.0000,        6.0000,     2024.0000,      293.8056,        1.2611,      236.7822,        0.2323,     1156.2977,        0.3180,    67140.2304,        1.6695,       22.7999,       27.3321,       90.4738,  309.7392,0.190729,  2.5244E-06
      103.8200,        1.3500,       15.0000,       30.0000,       14.0000,      120.0000,        4.0000,     2024.0000,      310.6236,        1.2894,      252.8967,        0.7687,      540.0796,        0.7427,    94595.9719,        2.2165,       31.2854,      -24.4330,      -50.1331,  311.9930,0.188926,  3.6369E-06
      103.8200,        1.3500,       15.0000,       30.0000,       14.0000,      120.0000,        4.0000,     2024.0000,      301.3787,        6.3989,      108.1968,        0.8651,     1239.0902,        0.8059,    90781.9667,        1.4513,       37.7346,       23.8438,       96.4876,  306.0387,0.193689,  6.4626E-06
       25.0000,       23.5000,      200.0000,        0.0000,       11.0000,       90.0000,        3.0000,     2024.0000,      313.7358,       16.7281,       20.0583,        0.0433,       47.3793,        0.5782,   100429.7105,        4.7414,       49.9412,       38.6634,       99.3267,  313.7823,0.187494,  1.9018E-05
      -68.0000,      -16.5000,     3600.0000,        0.0000,       12.0000,      172.0000,        6.0000,     2024.0000,      284.9751,        2.7057,      335.5481,        0.3194,     1280.0321,        0.1626,    68425.7774,        3.0117,       31.4460,       -1.8762,       48.7602,  296.4832,0.201333,  4.5756E-06
      -18.0000,       65.0000,       52.0000,        0.0000,       10.0000,      355.0000,       12.0000,     2024.0000,      233.7703,        8.6539,       71.1006,        0.5757,      296.2778,        0.5771,    84667.0535,        3.0407,       57.3135,      -20.8479,       78.3952,  233.7703,0.251504,  9.1306E-06
       55.3000,       25.2000,        5.0000,        0.0000,       10.0000,      280.0000,       10.0000,     2024.0000,      317.6325,        7.0712,       69.6364,        0.4908,     1044.4725,        0.1632,    91169.6721,        3.5080,       35.7446,       27.9043,       52.7793,  324.4162,0.178987,  8.2048E-06
       -0.1300,       51.5100,       11.0000,        0.0000,        9.0000,       80.0000,        3.0000,     2024.0000,      263.2886,        8.5970,      106.9212,        0.7044,      366.3852,        0.0849,   100539.2528,        2.2499,       33.5840,      -16.0519,       79.2306,  263.4606,0.227752,  8.3379E-06
     -122.0000,       37.5000,       25.0000,        0.0000,       12.0000,      172.0000,        6.0000,     2024.0000,      291.5200,        2.0044,      237.2520,        0.1536,      947.2520,        0.3065,   100427.9566,        2.8366,       48.2728,       -5.7996,      103.1501,  302.1951,0.196764,  3.7372E-06
      103.8200,        1.3500,       15.0000,       30.0000,       14.0000,      120.0000,        4.0000,     2024.0000,      306.8576,        3.7268,      161.5034,        0.6782,      604.5380,        0.9371,   100236.1497,        2.1269,       35.8522,        6.4157,      -11.1699,  307.2507,0.192719,  5.4037E-06
     -122.0000,       37.5000,       25.0000,        0.0000,       12.0000,      172.0000,        6.0000,     2024.0000,      301.5508,        9.0419,      307.8879,        0.5004,      742.5393,        0.4307,    99866.0711,        2.4064,       13.4057,       23.5286,      -88.5381,  307.0000,0.192920,  1.0126E-05
     -112.0700,       33.4500,      331.0000,        0.0000,       13.0000,      200.0000,        7.0000,     2024.0000,      293.3203,        4.6220,      340.8352,        0.3860,      964.6394,        0.1488,    86868.9909,        3.4994,       13.4459,       26.1514,       37.3212,  308.3688,0.191825,  7.3540E-06
     -112.0700,       33.4500,      331.0000,        0.0000,       13.0000,      200.0000,        7.0000,     2024.0000,      317.4799,        1.8450,      225.2416,        0.1955,     1243.1166,        0.1282,    87644.4765,        2.9891,       42.9378,       -4.7414,       15.9791,  344.4813,0.162935,  4.0306E-06
     -122.0000,       37.5000,       25.0000,        0.0000,       12.0000,      172.0000,        6.0000,     2024.0000,      292.9113,       10.2019,      254.0386,        0.5917,     1053.6056,        0.2881,    92649.7998,        0.5510,       33.2084,        2.4372,      -16.9373,  307.2002,0.192760,  6.1377E-06
       25.0000,       23.5000,      200.0000,        0.0000,       11.0000,       90.0000,        3.0000,     2024.0000,      296.3016,       14.0610,       65.6895,        0.0741,      109.3834,        0.8317,    88848.0759,        4.5904,       44.6740,        0.7394,      -22.2880,  296.4673,0.201346,  1.9670E-05
      151.2100,      -33.8700,       39.0000,        0.0000,       12.0000,      172.0000,        6.0000,     2024.0000,      268.0952,        8.6185,        2.5954,        0.3891,      988.1746,        0.2038,    93476.5181,        1.5978,       59.2817,      -16.6449,       58.5037,  268.0952,0.224044,  7.3857E-06
       55.3000,       25.2000,        5.0000,        0.0000,       10.0000,      280.0000,       10.0000,     2024.0000,      320.0912,       10.2766,       99.1366,        0.8467,     1165.1075,        0.3475,    89689.7933,        2.9234,       13.8383,      -30.7160,       74.7115,  325.3474,0.178242,  1.5915E-05
       55.3000,       25.2000,        5.0000,        0.0000,       10.0000,      280.0000,       10.0000,     2024.0000,      303.8687,        0.9727,      245.6116,        0.7919,     1005.0535,        0.3886,    98764.9646,        3.1890,       13.7285,       -5.9383,      -20.1408,  320.0865,0.182451,  2.7534E-06
      -18.0000,       65.0000,       52.0000,        0.0000,       10.0000,      355.0000,       12.0000,     2024.0000,      236.9326,       20.4214,      189.4911,        0.6995,      103.0864,        0.6463,    90897.1784,        2.3223,       85.5416,       24.2287,      -92.0636,  237.0344,0.248892,  1.5873E-05
      -18.0000,       65.0000,       52.0000,        0.0000,       10.0000,      355.0000,       12.0000,     2024.0000,      262.2389,       14.7060,      111.1963,        0.8578,      356.8753,        0.3763,    86424.8472,        3.0010,       86.7300,       16.6524,       46.3553,  262.7766,0.228299,  1.4660E-05
      -68.0000,      -16.5000,     3600.0000,        0.0000,       12.0000,      172.0000,        6.0000,     2024.0000,      291.3647,       10.5654,      174.4492,        0.2095,     1027.9263,        0.1187,    64491.7219,        0.8270,       10.5438,       27.2649,        2.9763,  300.8570,0.197834,  8.7527E-06
      103.8200,        1.3500,       15.0000,       30.0000,       14.0000,      120.0000,        4.0000,     2024.0000,      282.8534,        1.8149,       86.3695,        0.8011,     1201.4486,        0.8001,    88958.7127,        1.4619,       15.0952,      -27.2139,       39.1809,  288.0249,0.208100,  2.1320E-06
      151.2100,      -33.8700,       39.0000,        0.0000,       12.0000,      172.0000,        6.0000,     2024.0000,      303.4126,       12.1848,      215.3274,        0.4953,      678.9255,        0.3748,    91829.8188,        2.4238,       56.3525,       -6.3444,      -43.5199,  303.4126,0.195790,  1.3110E-05
      -68.0000,      -16.5000,     3600.0000,        0.0000,       12.0000,      172.0000,        6.0000,     2024.0000,      278.1855,        1.5043,      270.3259,        0.0476,     1242.7816,        0.3933,    73445.1946,        2.6205,       12.5629,       15.2527,       -6.6174,  290.8760,0.205819,  3.4964E-06
       -0.1300,       51.5100,       11.0000,        0.0000,        9.0000,       80.0000,        3.0000,     2024.0000,      306.2567,        0.3211,      129.0265,        0.6737,      452.3099,        0.5682,   100713.5666,        1.8802,       43.8638,       24.8210,       95.2593,  306.2567,0.193515,  1.5329E-06
       25.0000,       23.5000,      200.0000,        0.0000,       11.0000,       90.0000,        3.0000,     2024.0000,      285.1988,       23.3494,        2.6267,        0.1491,      628.1189,        0.8270,    92011.6355,        3.0973,       38.1409,       25.7003,      -43.0479,  285.7772,0.209898,  2.7912E-05
      -18.0000,       65.0000,       52.0000,        0.0000,       10.0000,      355.0000,       12.0000,     2024.0000,      243.1612,       16.4785,       41.6693,        0.6177,      218.7476,        0.4589,   100129.3025,        2.6226,       74.9480,      -12.1053,      -96.8811,  243.4827,0.243734,  1.4885E-05
      151.2100,      -33.8700,       39.0000,        0.0000,       12.0000,      172.0000,        6.0000,     2024.0000,      319.5704,        5.1001,      105.2818,        0.7103,     1000.8852,        0.0594,   100668.9874,        1.2854,       64.4602,        2.4662,       95.5569,  326.7261,0.177139,  5.8877E-06
     -122.0000,       37.5000,       25.0000,        0.0000,       12.0000,      172.0000,        6.0000,     2024.0000,      294.5088,        8.7489,      215.6687,        0.4776,      822.9977,        0.3768,    87723.0165,        2.1293,        2.5662,       12.8871,       54.2439,  302.2641,0.196709,  9.0250E-06
      103.8200,        1.3500,       15.0000,       30.0000,       14.0000,      120.0000,        4.0000,     2024.0000,      287.8992,       10.2408,       60.2125,        0.6525,     1353.9531,        0.9219,   100717.7993,        0.6757,       24.9946,      -13.5457,      -94.2341,  288.8130,0.207470,  5.3199E-06
       55.3000,       25.2000,        5.0000,        0.0000,       10.0000,      280.0000,       10.0000,     2024.0000,      311.5244,        4.1061,       86.9927,        0.2255,      676.8339,        0.0156,    91904.3702,        3.2065,       38.4303,       -6.2749,       -9.2609,  324.8038,0.178677,  5.9921E-06
       -0.1300,       51.5100,       11.0000,        0.0000,        9.0000,       80.0000,        3.0000,     2024.0000,      311.2590,        7.8568,      246.3471,        0.8306,     1054.0081,        0.7063,    93472.5379,        1.0505,       49.2745,       18.1512,      -73.8894,  316.9561,0.184955,  6.4433E-06
      -18.0000,       65.0000,       52.0000,        0.0000,       10.0000,      355.0000,       12.0000,     2024.0000,      249.3759,        8.6061,       32.4504,        0.7159,       20.0866,        0.7393,    86936.6498,        2.2404,       73.5171,      -28.7145,     -116.1959,  249.3772,0.239018,  7.7259E-06
      -18.0000,       65.0000,       52.0000,        0.0000,       10.0000,      355.0000,       12.0000,     2024.0000,      233.6217,       15.0023,      243.1942,        0.7756,       56.9591,        0.7713,    90024.9807,        1.1109,       56.8844,      -30.3380,       35.8662,  233.6752,0.251580,  1.0163E-05
       -0.1300,       51.5100,       11.0000,        0.0000,        9.0000,       80.0000,        3.0000,     2024.0000,      268.5863,        7.9626,      129.3995,        0.7676,      668.9658,        0.4563,    95426.5664,        0.6253,       49.2453,        5.5561,      -86.7569,  275.2424,0.218326,  5.1320E-06
     -112.0700,       33.4500,      331.0000,        0.0000,       13.0000,      200.0000,        7.0000,     2024.0000,      291.8556,        9.7634,      334.3128,        0.4743,      936.0389,        0.3412,    99030.6609,        1.9404,       41.6417,      -28.1525,       31.2282,  299.3913,0.199007,  1.1119E-05
       25.0000,       23.5000,      200.0000,        0.0000,       11.0000,       90.0000,        3.0000,     2024.0000,      314.0603,       24.3994,      107.9099,        0.0832,      780.0066,        0.4168,    86590.5697,        3.2607,       55.7449,       -8.1158,       -8.6404,  316.2673,0.185506,  3.3225E-05
       25.0000,       23.5000,      200.0000,        0.0000,       11.0000,       90.0000,        3.0000,     2024.0000,      286.2020,       14.2927,      100.0378,        0.0595,       34.0044,        0.7036,    95661.5404,        3.1047,       12.8006,        0.9240,     -115.6720,  286.2884,0.209489,  1.5257E-05
       -0.1300,       51.5100,       11.0000,        0.0000,        9.0000,       80.0000,        3.0000,     2024.0000,      267.2117,       12.9186,      252.4234,        0.7324,     1074.1557,        0.5739,    93714.1439,        1.0662,       20.9536,       14.3940,        9.1628,  270.9119,0.221790,  1.0271E-05
      -18.0000,       65.0000,       52.0000,        0.0000,       10.0000,      355.0000,       12.0000,     2024.0000,      235.8192,       10.3214,       86.6538,        0.5251,      542.6414,        0.4441,   100389.0224,        1.3339,       71.6635,      -26.5274,      103.8061,  235.8192,0.249865,  6.5290E-06
      -68.0000,      -16.5000,     3600.0000,        0.0000,       12.0000,      172.0000,        6.0000,     2024.0000,      260.8236,        8.9651,      318.9939,        0.2662,     1295.7563,        0.3271,    61427.7804,        2.0388,       50.3325,       23.7741,       73.3081,  265.0518,0.226479,  6.7816E-06
      151.2100,      -33.8700,       39.0000,        0.0000,       12.0000,      172.0000,        6.0000,     2024.0000,      274.1986,        5.2596,      212.5433,        0.5451,      580.7616,        0.2847,    94299.6149,        0.9593,       75.3747,        9.8676,       83.8032,  274.6818,0.218775,  4.9055E-06
      103.8200,        1.3500,       15.0000,       30.0000,       14.0000,      120.0000,        4.0000,     2024.0000,      276.1876,        6.5131,      129.0208,        0.8608,      927.5269,        0.9763,    89740.0380,        1.6676,       39.4054,      -27.0742,       42.6505,  276.4761,0.217339,  6.3409E-06
       55.3000,       25.2000,        5.0000,        0.0000,       10.0000,      280.0000,       10.0000,     2024.0000,      321.1878,        5.7815,       71.9665,        0.7656,      899.7331,        0.2128,    95634.5502,        3.8575,       42.4745,        1.8311,        8.5526,  331.8980,0.173002,  7.5275E-06
       55.3000,       25.2000,        5.0000,        0.0000,       10.0000,      280.0000,       10.0000,     2024.0000,      287.5940,        9.4371,      209.4422,        0.1851,     1120.5621,        0.0823,    96897.4024,        2.1787,        1.9352,       13.1458,       -0.2840,  298.7239,0.199541,  9.6276E-06
       25.0000,       23.5000,      200.0000,        0.0000,       11.0000,       90.0000,        3.0000,     2024.0000,      299.5521,       13.9836,      148.3107,        0.4039,      609.3626,        0.8200,    88597.5831,        2.8852,       19.7054,       14.6959,      -26.3158,  300.5847,0.198052,  1.8864E-05
       25.0000,       23.5000,      200.0000,        0.0000,       11.0000,       90.0000,        3.0000,     2024.0000,      320.3507,       24.6231,       33.2136,        0.1252,      146.6118,        0.3620,    88028.7374,        2.9024,       22.4699,       -9.8827,        4.4449,  320.8820,0.181814,  2.9578E-05
     -112.0700,       33.4500,      331.0000,        0.0000,       13.0000,      200.0000,        7.0000,     2024.0000,      312.1790,        9.5760,      228.2891,        0.4988,      936.1674,        0.0175,    98525.8298,        2.7571,        7.1760,       -8.7738,      -16.8072,  324.0668,0.179267,  1.3508E-05
     -112.0700,       33.4500,      331.0000,        0.0000,       13.0000,      200.0000,        7.0000,     2024.0000,      313.5352,       10.4799,      277.2384,        0.0511,     1293.3695,        0.3842,    88829.3531,        3.2167,        1.3147,       -5.3755,       46.3495,  323.1423,0.180006,  1.1129E-05
     -122.0000,       37.5000,       25.0000,        0.0000,       12.0000,      172.0000,        6.0000,     2024.0000,      280.1224,        9.2617,      240.7142,        0.3750,     1146.2212,        0.2509,    86997.2131,        0.9739,       16.6832,        1.3212,      -45.9448,  296.2236,0.201541,  6.8809E-06
       25.0000,       23.5000,      200.0000,        0.0000,       11.0000,       90.0000,        3.0000,     2024.0000,      307.8330,       22.0128,       39.5616,        0.0759,      546.3989,        0.3548,    89967.7433,        4.9111,       26.6889,       34.8836,       93.1695,  309.1468,0.191203,  2.7035E-05
       -0.1300,       51.5100,       11.0000,        0.0000,        9.0000,       80.0000,        3.0000,     2024.0000,      286.8827,       10.4984,      112.9084,        0.3916,      854.8250,        0.7482,    91108.7768,        2.7075,       23.0724,      -21.4954,     -124.4729,  288.1334,0.208013,  1.1909E-05
       -0.1300,       51.5100,       11.0000,        0.0000,        9.0000,       80.0000,        3.0000,     2024.0000,      257.0204,       12.5952,      182.8543,        0.5146,      575.1215,        0.6143,    92617.1933,        2.5601,       44.7554,       -3.3320,      -99.7446,  258.7510,0.231519,  1.2103E-05
       25.0000,       23.5000,      200.0000,        0.0000,       11.0000,       90.0000,        3.0000,     2024.0000,      321.8782,       16.8976,       99.2636,        0.0456,      527.7968,        0.5131,    86522.8977,        2.6716,       14.4852,       -0.1878,       78.6641,  323.7529,0.179518,  1.9521E-05
      -68.0000,      -16.5000,     3600.0000,        0.0000,       12.0000,      172.0000,        6.0000,     2024.0000,      279.7518,        7.5613,      150.6141,        0.0024,     1087.9709,        0.2791,    74402.0801,        2.7022,        1.0497,       -9.3343,      -86.2501,  288.9829,0.207334,  9.2370E-06
      151.2100,      -33.8700,       39.0000,        0.0000,       12.0000,      172.0000,        6.0000,     2024.0000,      290.0625,        9.3218,       81.1338,        0.4212,     1037.1863,        0.5811,    96402.6047,        1.8607,       44.3208,       20.9317,     -117.5678,  294.3173,0.203066,  8.9198E-06
      103.8200,        1.3500,       15.0000,       30.0000,       14.0000,      120.0000,        4.0000,     2024.0000,      289.0114,        8.7328,      176.8016,        0.8538,      928.9062,        0.8490,   101284.7042,        2.0560,       37.3585,      -16.8377,      -24.9967,  289.7284,0.206737,  8.1368E-06
     -122.0000,       37.5000,       25.0000,        0.0000,       12.0000,      172.0000,        6.0000,     2024.0000,      316.5446,        9.6294,      256.4725,        0.3145,      945.1925,        0.1951,    95674.3309,        2.1512,       37.5809,       -2.3019,      -52.5193,  326.5065,0.177315,  9.7468E-06
     -122.0000,       37.5000,       25.0000,        0.0000,       12.0000,      172.0000,        6.0000,     2024.0000,      300.6854,        6.1156,      197.9618,        0.6227,     1177.7952,        0.3338,    99150.9069,        2.6002,       55.5162,        5.0834,      -45.6317,  310.5924,0.190046,  7.9589E-06
      -18.0000,       65.0000,       52.0000,        0.0000,       10.0000,      355.0000,       12.0000,     2024.0000,      250.1344,       16.1830,       32.5128,        0.7976,      514.2975,        0.4237,    99413.9023,        2.0653,       51.2151,      -28.0200,     -121.8641,  250.1344,0.238412,  1.2542E-05
       55.3000,       25.2000,        5.0000,        0.0000,       10.0000,      280.0000,       10.0000,     2024.0000,      302.4975,        7.1630,      285.9572,        0.5880,     1191.4690,        0.4451,    93802.0778,        1.6899,       26.5587,       28.1743,       81.0890,  307.7951,0.192284,  6.0677E-06
       25.0000,       23.5000,      200.0000,        0.0000,       11.0000,       90.0000,        3.0000,     2024.0000,      288.8544,       13.7336,       70.1572,        0.4019,      210.5724,        0.6036,    86485.7809,        4.4961,       32.2917,       -2.5403,       85.6226,  289.3821,0.207014,  1.3024E-05
       25.0000,       23.5000,      200.0000,        0.0000,       11.0000,       90.0000,        3.0000,     2024.0000,      321.2156,       23.7843,       14.9382,        0.2456,      596.4491,        0.9835,    92516.6277,        3.3922,       54.9645,       -2.8475,     -109.9982,  321.2541,0.181517,  3.1794E-05
      103.8200,        1.3500,       15.0000,       30.0000,       14.0000,      120.0000,        4.0000,     2024.0000,      320.5722,        8.1946,      142.5088,        0.7266,     1034.2433,        0.8702,    96193.4433,        1.3191,       16.9793,       18.4943,       90.5348,  322.8696,0.180224,  6.9439E-06
      -68.0000,      -16.5000,     3600.0000,        0.0000,       12.0000,      172.0000,        6.0000,     2024.0000,      285.6545,       14.7861,      319.3726,        0.0244,     1232.7064,        0.1597,    77847.7536,        2.7560,       16.9689,      -29.5180,        4.8968,  290.2414,0.206327,  1.4964E-05
     -122.0000,       37.5000,       25.0000,        0.0000,       12.0000,      172.0000,        6.0000,     2024.0000,      314.1464,       10.9958,      238.7118,        0.2433,     1092.2376,        0.1906,   101114.3003,        1.0070,        4.5713,      -13.8896,       18.7965,  329.2534,0.175117,  1.1092E-05
      151.2100,      -33.8700,       39.0000,        0.0000,       12.0000,      172.0000,        6.0000,     2024.0000,      266.8271,       11.4915,      185.1149,        0.4395,     1105.4001,        0.3971,    93534.6374,        2.3509,       62.9302,       17.6140,      -54.5353,  266.8271,0.225058,  1.2278E-05
      -68.0000,      -16.5000,     3600.0000,        0.0000,       12.0000,      172.0000,        6.0000,     2024.0000,      279.8836,       12.0178,      168.2171,        0.1339,     1274.3011,        0.3418,    76338.8855,        2.9701,       34.2059,       18.9778,      -24.5123,  282.5191,0.212505,  1.2903E-05
     -112.0700,       33.4500,      331.0000,        0.0000,       13.0000,      200.0000,        7.0000,     2024.0000,      300.8448,        3.2137,      221.9781,        0.4522,     1017.4063,        0.0779,    99630.4900,        1.2093,       41.4217,      -27.3840,      -18.9350,  319.5713,0.182863,  4.3203E-06
     -122.0000,       37.5000,       25.0000,        0.0000,       12.0000,      172.0000,        6.0000,     2024.0000,      301.4815,        3.3392,      330.9137,        0.0268,      861.6689,        0.0449,    86982.3467,        1.3972,       44.2706,       -5.9651,     -103.9049,  316.2884,0.185489,  3.8749E-06
     -112.0700,       33.4500,      331.0000,        0.0000,       13.0000,      200.0000,        7.0000,     2024.0000,      301.6461,        5.9306,      201.1120,        0.2937,     1004.4078,        0.0448,   101021.9228,        3.4625,       46.5551,        5.9118,      102.3799,  315.4590,0.186153,  9.7335E-06
      -18.0000,       65.0000,       52.0000,        0.0000,       10.0000,      355.0000,       12.0000,     2024.0000,      243.0017,        5.5232,       54.5923,        0.5729,      424.3243,        0.5734,    84812.5233,        0.6180,       77.8444,      -15.5496,       87.4009,  243.0017,0.244119,  3.2065E-06
       -0.1300,       51.5100,       11.0000,        0.0000,        9.0000,       80.0000,        3.0000,     2024.0000,      286.2403,        8.2131,      331.3462,        0.9563,      477.7768,        0.7091,    97069.0718,        2.8151,       66.4860,      -30.1548,       68.5995,  286.2403,0.209528,  7.5073E-06
      -18.0000,       65.0000,       52.0000,        0.0000,       10.0000,      355.0000,       12.0000,     2024.0000,      252.7716,        4.9418,      101.9426,        0.8651,      639.2542,        0.9007,    91506.6389,        1.7976,       65.7754,      -13.4878,       -4.7124,  253.8889,0.235409,  4.8266E-06
     -112.0700,       33.4500,      331.0000,        0.0000,       13.0000,      200.0000,        7.0000,     2024.0000,      314.4446,        9.1405,      328.9933,        0.0327,     1053.3990,        0.1198,    86788.6950,        1.3808,       38.0917,       -3.4286,       76.7005,  330.1564,0.174395,  9.7706E-06
       25.0000,       23.5000,      200.0000,        0.0000,       11.0000,       90.0000,        3.0000,     2024.0000,      294.5358,       22.7460,       99.7443,        0.3554,      528.0233,        0.7294,    92225.4984,        4.1358,       14.5209,       -6.7148,       74.3517,  295.2869,0.202291,  3.0399E-05
     -112.0700,       33.4500,      331.0000,        0.0000,       13.0000,      200.0000,        7.0000,     2024.0000,      301.2402,        3.4887,      299.5949,        0.1977,      915.8520,        0.3794,    97377.4158,        3.0225,       54.2581,       16.8987,      -41.4777,  308.1148,0.192028,  4.9555E-06
     -122.0000,       37.5000,       25.0000,        0.0000,       12.0000,      172.0000,        6.0000,     2024.0000,      308.2652,       10.4253,      298.3723,        0.3607,      857.7864,        0.1153,    97599.7290,        0.5665,       29.6291,      -31.1805,       34.4537,  320.6911,0.181967,  6.7093E-06
      103.8200,        1.3500,       15.0000,       30.0000,       14.0000,      120.0000,        4.0000,     2024.0000,      276.9390,        7.3513,      205.5722,        0.9633,      710.6938,        0.9022,    93377.9828,        1.8428,        8.6345,       15.7367,       15.5724,  277.8537,0.216237,  6.9215E-06
       -0.1300,       51.5100,       11.0000,        0.0000,        9.0000,       80.0000,        3.0000,     2024.0000,      283.6117,       13.1107,      269.7569,        0.6038,     1174.4288,        0.4373,    91260.4315,        2.2079,        9.9891,       23.9796,       44.8003,  286.4519,0.209358,  1.3321E-05
      151.2100,      -33.8700,       39.0000,        0.0000,       12.0000,      172.0000,        6.0000,     2024.0000,      288.8314,        1.0738,       30.3830,        0.7301,     1103.4509,        0.2608,    95786.0242,        1.5242,       42.9340,      -18.5236,       43.8084,  288.8314,0.207455,  1.5334E-06
      -18.0000,       65.0000,       52.0000,        0.0000,       10.0000,      355.0000,       12.0000,     2024.0000,      245.6401,       15.6550,      175.6000,        0.4658,      655.1009,        0.8760,    93520.8869,        2.7201,       73.4467,       24.0329,      110.5906,  245.6401,0.242008,  1.5111E-05
       -0.1300,       51.5100,       11.0000,        0.0000,        9.0000,       80.0000,        3.0000,     2024.0000,      302.8925,        2.2889,      310.3768,        0.4336,      575.1446,        0.2174,    92164.0706,        0.9857,       17.0324,       11.1006,      -93.9540,  311.3380,0.189450,  2.5036E-06
       55.3000,       25.2000,        5.0000,        0.0000,       10.0000,      280.0000,       10.0000,     2024.0000,      293.0372,        4.2868,      295.5334,        0.2541,     1091.6696,        0.0883,    87791.5069,        2.4726,       46.8151,       26.0639,       43.7250,  302.8092,0.196273,  7.4056E-06
       25.0000,       23.5000,      200.0000,        0.0000,       11.0000,       90.0000,        3.0000,     2024.0000,      306.6162,       22.7421,       10.3710,        0.4345,      655.3264,        0.8446,    95541.8828,        2.7184,        9.1097,       27.9480,      112.4460,  307.1072,0.192834,  2.3703E-05
      103.8200,        1.3500,       15.0000,       30.0000,       14.0000,      120.0000,        4.0000,     2024.0000,      295.4055,        7.9973,      238.9479,        0.8748,      753.5983,        0.6269,    91246.8101,        2.2405,       34.4358,       27.8347,     -123.4089,  297.1729,0.200782,  7.2686E-06
     -122.0000,       37.5000,       25.0000,        0.0000,       12.0000,      172.0000,        6.0000,     2024.0000,      300.8005,        5.0722,      234.8064,        0.2071,     1163.9451,        0.3727,    87430.6069,        3.5393,       58.3878,       -3.7784,       56.3583,  309.7436,0.190725,  6.7420E-06
      103.8200,        1.3500,       15.0000,       30.0000,       14.0000,      120.0000,        4.0000,     2024.0000,      321.8805,        6.7345,      304.6196,        0.9340,     1047.3859,        0.6492,    91633.4472,        1.2309,       17.5413,       11.2601,       99.9083,  329.3231,0.175062,  6.4334E-06
      -18.0000,       65.0000,       52.0000,        0.0000,       10.0000,      355.0000,       12.0000,     2024.0000,      237.2515,       14.6216,       20.3528,        0.6992,      280.1813,        0.7019,    89043.6522,        2.9137,       64.6860,      -25.1784,      -19.8869,  237.8450,0.248244,  1.5040E-05
     -122.0000,       37.5000,       25.0000,        0.0000,       12.0000,      172.0000,        6.0000,     2024.0000,      296.4155,        7.6569,      354.2518,        0.2452,     1157.7302,        0.4394,    92324.9641,        1.9326,       22.0724,      -17.7387,       85.1687,  306.4837,0.193333,  7.2390E-06
       25.0000,       23.5000,      200.0000,        0.0000,       11.0000,       90.0000,        3.0000,     2024.0000,      315.0785,       17.9949,       13.4597,        0.2419,      562.4789,        0.5612,    87937.9561,        2.7071,       54.2608,       35.6363,      -92.8505,  316.2679,0.185506,  2.0948E-05
      151.2100,      -33.8700,       39.0000,        0.0000,       12.0000,      172.0000,        6.0000,     2024.0000,      300.5820,       11.8726,      193.0636,        0.6195,      658.0417,        0.0710,    88711.9175,        2.8473,       34.8248,      -16.4528,      -11.0150,  300.5820,0.198054,  1.3426E-05
      -68.0000,      -16.5000,     3600.0000,        0.0000,       12.0000,      172.0000,        6.0000,     2024.0000,      256.1706,        5.0327,      318.8686,        0.1342,     1128.7223,        0.1434,    77336.2892,        1.6441,       11.4924,       17.1793,       35.5774,  269.3989,0.223001,  6.0867E-06
      -68.0000,      -16.5000,     3600.0000,        0.0000,       12.0000,      172.0000,        6.0000,     2024.0000,      263.6769,        4.6183,      339.3847,        0.0276,     1227.6915,        0.1014,    71996.9568,        3.3408,       12.5374,       24.9418,      -93.7165,  278.7125,0.215550,  5.7530E-06
     -112.0700,       33.4500,      331.0000,        0.0000,       13.0000,      200.0000,        7.0000,     2024.0000,      294.3238,        2.3640,      328.2415,        0.4049,     1354.2940,        0.3907,    91706.6505,        2.9459,       16.1876,      -18.5552,       73.0874,  314.6767,0.186779,  4.6758E-06
       25.0000,       23.5000,      200.0000,        0.0000,       11.0000,       90.0000,        3.0000,     2024.0000,      280.2250,       17.1751,      141.1241,        0.3979,      555.5116,        0.9970,    94870.0931,        2.9520,       46.6751,      -15.1570,      -37.9993,  280.2369,0.214330,  1.4206E-05
       25.0000,       23.5000,      200.0000,        0.0000,       11.0000,       90.0000,        3.0000,     2024.0000,      310.1818,       16.3813,        9.3548,        0.1260,       89.1878,        0.4526,    91339.3037,        3.9888,       20.0530,       -2.5252,       69.6515,  310.5231,0.190101,  2.4525E-05
      -68.0000,      -16.5000,     3600.0000,        0.0000,       12.0000,      172.0000,        6.0000,     2024.0000,      269.1587,       14.6306,      216.3752,        0.4402,     1289.5990,        0.3132,    72230.1938,        3.1329,       18.9013,       29.2964,       72.8990,  273.8460,0.219443,  1.7087E-05
       25.0000,       23.5000,      200.0000,        0.0000,       11.0000,       90.0000,        3.0000,     2024.0000,      284.6364,       15.8685,      160.2636,        0.2447,      687.3514,        0.9160,    89538.6809,        2.6946,        7.1893,        5.5451,      -14.2220,  285.1175,0.210426,  1.3756E-05
       55.3000,       25.2000,        5.0000,        0.0000,       10.0000,      280.0000,       10.0000,     2024.0000,      292.2812,        9.5777,       98.6701,        0.2507,     1081.9699,        0.0780,    90919.4486,        3.0669,       46.2056,       22.4806,       78.7434,  294.9400,0.202568,  1.0219E-05
       55.3000,       25.2000,        5.0000,        0.0000,       10.0000,      280.0000,       10.0000,     2024.0000,      305.6303,        8.5358,       87.2667,        0.3891,      905.5105,        0.2226,    99974.1021,        3.9292,       38.1570,      -30.6746,     -112.2505,  312.2100,0.188752,  1.1506E-05
       -0.1300,       51.5100,       11.0000,        0.0000,        9.0000,       80.0000,        3.0000,     2024.0000,      298.6219,        8.5138,      139.7011,        0.9020,      558.8856,        0.4851,    91911.9738,        2.0863,       52.5108,      -26.6922,       25.7778,  300.3776,0.198218,  9.7616E-06
       -0.1300,       51.5100,       11.0000,        0.0000,        9.0000,       80.0000,        3.0000,     2024.0000,      304.7647,        5.0840,      287.2200,        0.3785,      993.0012,        0.2430,    96118.3216,        2.6954,       53.2339,       24.2304,        2.9274,  314.0774,0.187258,  8.3599E-06
     -112.0700,       33.4500,      331.0000,        0.0000,       13.0000,      200.0000,        7.0000,     2024.0000,      305.1278,        9.9941,      266.8210,        0.4662,      855.2910,        0.2015,    89223.6041,        3.5457,       29.1730,        3.9096,       10.2827,  313.5043,0.187717,  1.2327E-05
       -0.1300,       51.5100,       11.0000,        0.0000,        9.0000,       80.0000,        3.0000,     2024.0000,      305.0422,        6.6844,      317.4622,        0.5212,      385.8680,        0.4590,    91363.0274,        1.8475,       40.4279,      -25.6796,     -107.2762,  307.4941,0.192525,  4.6763E-06
      -68.0000,      -16.5000,     3600.0000,        0.0000,       12.0000,      172.0000,        6.0000,     2024.0000,      256.2510,        2.1678,      219.1871,        0.2193,     1040.1111,        0.3898,    65794.8890,        2.6697,       32.9796,      -23.4481,     -123.7197,  268.8174,0.223466,  3.8367E-06
       -0.1300,       51.5100,       11.0000,        0.0000,        9.0000,       80.0000,        3.0000,     2024.0000,      299.6765,        8.4396,      134.7372,        0.8933,      386.8171,        0.1641,    92403.2771,        1.7411,       32.0461,      -26.1121,      -24.2836,  303.7100,0.195552,  8.3747E-06
      -68.0000,      -16.5000,     3600.0000,        0.0000,       12.0000,      172.0000,        6.0000,     2024.0000,      281.4066,       13.0237,      314.2663,        0.1347,     1019.9826,        0.3053,    63688.5881,        2.1126,       47.5200,      -28.2576,        8.6706,  281.7686,0.213105,  1.2628E-05
     -122.0000,       37.5000,       25.0000,        0.0000,       12.0000,      172.0000,        6.0000,     2024.0000,      309.7789,       11.8782,      311.5234,        0.4960,      956.8244,        0.2601,    86995.7631,        3.4961,       54.0214,       12.5803,      -57.6502,  315.0917,0.186447,  1.2208E-05
       25.0000,       23.5000,      200.0000,        0.0000,       11.0000,       90.0000,        3.0000,     2024.0000,      285.4932,       17.9010,      136.6309,        0.1107,       77.7966,        0.7215,    88771.4163,        3.5514,       57.2711,       -5.2459,      -89.7334,  285.6121,0.210030,  2.0233E-05
      -18.0000,       65.0000,       52.0000,        0.0000,       10.0000,      355.0000,       12.0000,     2024.0000,      262.2168,       13.5181,      245.9737,        0.8666,      526.8247,        0.7133,    98667.5010,        2.0069,       69.2987,       26.3645,      -37.3949,  263.6350,0.227612,  1.2497E-05
      -18.0000,       65.0000,       52.0000,        0.0000,       10.0000,      355.0000,       12.0000,     2024.0000,      240.1440,       18.5896,      228.5301,        0.5385,      339.4332,        0.7722,    89415.3576,        1.8952,       84.3483,       29.9081,      -42.8671,  240.7029,0.245958,  1.4638E-05
     -122.0000,       37.5000,       25.0000,        0.0000,       12.0000,      172.0000,        6.0000,     2024.0000,      301.3305,        3.9154,      293.5716,        0.5436,      762.1317,        0.3164,    87129.2717,        2.9792,        7.6147,       25.7011,      -79.8515,  311.3965,0.189403,  4.6797E-06
     -112.0700,       33.4500,      331.0000,        0.0000,       13.0000,      200.0000,        7.0000,     2024.0000,      293.7695,        8.8971,      229.4483,        0.4300,     1012.2988,        0.1518,    87342.4290,        1.4992,       52.6238,       -0.4301,      105.9921,  304.7262,0.194739,  7.8661E-06
       55.3000,       25.2000,        5.0000,        0.0000,       10.0000,      280.0000,       10.0000,     2024.0000,      279.3580,        5.4930,      105.5102,        0.5326,     1216.3064,        0.0351,    92687.7465,        2.2640,       19.7427,      -25.6471,      -31.3908,  298.7031,0.199558,  8.8582E-06
      103.8200,        1.3500,       15.0000,       30.0000,       14.0000,      120.0000,        4.0000,     2024.0000,      304.6665,        2.7061,      256.5099,        0.8917,      554.7964,        0.7268,    95410.6624,        1.3359,       19.7091,       28.8121,       17.1053,  307.4240,0.192581,  3.1690E-06
       55.3000,       25.2000,        5.0000,        0.0000,       10.0000,      280.0000,       10.0000,     2024.0000,      314.1016,        3.8211,      143.4657,        0.4392,      870.3822,        0.1613,    98140.0077,        1.4949,        6.7262,       20.7325,        2.5678,  328.2379,0.175930,  4.3499E-06
      103.8200,        1.3500,       15.0000,       30.0000,       14.0000,      120.0000,        4.0000,     2024.0000,      285.6631,        5.4916,       99.2180,        0.6177,     1238.3533,        0.9897,    97722.7754,        2.0233,        4.6084,      -10.9298,      -86.5395,  285.8507,0.209839,  7.1461E-06
     -122.0000,       37.5000,       25.0000,        0.0000,       12.0000,      172.0000,        6.0000,     2024.0000,      297.0685,        4.3602,      149.1633,        0.5618,     1182.1442,        0.3950,   101062.7528,        1.8679,       35.1054,        5.6833,       48.0505,  312.1128,0.188830,  6.5179E-06
     -112.0700,       33.4500,      331.0000,        0.0000,       13.0000,      200.0000,        7.0000,     2024.0000,      305.8577,        4.2818,      313.7385,        0.1933,     1320.8290,        0.3192,    96271.4016,        2.5788,       51.4007,       29.9563,       58.1951,  320.2653,0.182308,  6.8867E-06
      103.8200,        1.3500,       15.0000,       30.0000,       14.0000,      120.0000,        4.0000,     2024.0000,      311.8239,        8.1135,      269.8503,        0.8115,      843.7847,        0.8748,    98821.6524,        2.1982,       12.9441,       20.6735,      -51.9448,  312.8434,0.188245,  1.0104E-05
       -0.1300,       51.5100,       11.0000,        0.0000,        9.0000,       80.0000,        3.0000,     2024.0000,      257.9624,        3.2307,      108.0476,        0.8612,     1238.6306,        0.6071,    90628.4900,        1.5929,       62.3722,       13.2596,       82.1011,  257.9624,0.232150,  2.6530E-06
       55.3000,       25.2000,        5.0000,        0.0000,       10.0000,      280.0000,       10.0000,     2024.0000,      310.6089,        6.4358,      193.8045,        0.7228,      707.5834,        0.1170,    95508.2499,        4.1992,       39.5054,      -26.2490,       66.2041,  314.4649,0.186948,  1.0339E-05
      -68.0000,      -16.5000,     3600.0000,        0.0000,       12.0000,      172.0000,        6.0000,     2024.0000,      257.4442,        1.1735,      297.0674,        0.4785,     1253.9085,        0.3669,    77760.5827,        1.8533,        2.2354,       26.3468,     -105.0462,  274.2902,0.219088,  1.9083E-06
       -0.1300,       51.5100,       11.0000,        0.0000,        9.0000,       80.0000,        3.0000,     2024.0000,      294.0502,        4.9293,      151.9281,        0.8813,     1180.2851,        0.4183,    90737.4781,        2.6985,        9.3067,       -3.9449,      -53.6631,  301.9483,0.196961,  5.7355E-06
      103.8200,        1.3500,       15.0000,       30.0000,       14.0000,      120.0000,        4.0000,     2024.0000,      282.2829,        5.3980,       68.1193,        0.6317,      836.3972,        0.8285,    97711.5193,        1.4549,       19.6320,      -21.2738,      112.3925,  285.1281,0.210418,  5.1792E-06
       25.0000,       23.5000,      200.0000,        0.0000,       11.0000,       90.0000,        3.0000,     2024.0000,      291.7689,       17.2412,       34.6220,        0.0577,      861.6759,        0.5616,    89680.2303,        4.2918,       40.0286,       -4.2354,      -42.8380,  294.7117,0.202751,  2.0008E-05
      -18.0000,       65.0000,       52.0000,        0.0000,       10.0000,      355.0000,       12.0000,     2024.0000,      249.8049,        6.1287,       71.8399,        0.8812,      352.8912,        0.5612,    89123.1259,        1.3304,       65.9609,        2.1126,       78.9489,  249.8049,0.238676,  5.3943E-06
       -0.1300,       51.5100,       11.0000,        0.0000,        9.0000,       80.0000,        3.0000,     2024.0000,      313.6871,        7.2093,      269.9992,        0.9710,      574.4785,        0.2080,    90859.5988,        1.3569,       22.8695,      -10.4234,      -24.6968,  320.3545,0.182236,  7.3046E-06
       25.0000,       23.5000,      200.0000,        0.0000,       11.0000,       90.0000,        3.0000,     2024.0000,      296.6259,       19.8696,      145.6702,        0.3479,      894.2504,        0.9723,    88886.2637,        4.5110,        8.2090,       11.7739,      130.6388,  296.7721,0.201102,  2.4327E-05
      -68.0000,      -16.5000,     3600.0000,        0.0000,       12.0000,      172.0000,        6.0000,     2024.0000,      290.1988,        4.6900,      256.4744,        0.1646,      910.6869,        0.2274,    78143.4283,        3.3151,       11.9808,        0.2512,      120.1536,  301.8422,0.197046,  6.5349E-06
       55.3000,       25.2000,        5.0000,        0.0000,       10.0000,      280.0000,       10.0000,     2024.0000,      287.5287,        0.8569,       60.9008,        0.7584,     1354.1060,        0.3021,    89411.8841,        3.7600,       31.6876,       -6.5426,      -46.1829,  316.2301,0.185536,  2.5954E-06
     -112.0700,       33.4500,      331.0000,        0.0000,       13.0000,      200.0000,        7.0000,     2024.0000,      296.2723,        2.8564,      250.7440,        0.0513,      961.2076,        0.2463,    86760.2691,        3.0095,       49.5900,      -25.5339,       59.0474,  310.0581,0.190474,  3.7770E-06
      151.2100,      -33.8700,       39.0000,        0.0000,       12.0000,      172.0000,        6.0000,     2024.0000,      295.3480,       11.0463,      206.1885,        0.8028,      489.7920,        0.2364,    89099.3204,        3.0024,       28.1608,      -24.2767,       81.1718,  297.0211,0.200903,  1.4394E-05
     -112.0700,       33.4500,      331.0000,        0.0000,       13.0000,      200.0000,        7.0000,     2024.0000,      302.9937,        3.2677,      296.9654,        0.2453,     1126.2992,        0.0846,    85671.4976,        2.5585,       21.0636,       10.2455,      -40.3078,  325.1069,0.178435,  5.7350E-06
       -0.1300,       51.5100,       11.0000,        0.0000,        9.0000,       80.0000,        3.0000,     2024.0000,      309.3340,        3.6506,      132.6128,        0.6417,      906.2435,        0.6419,    99695.3985,        1.1036,       23.2467,        7.5571,      -96.2091,  315.2222,0.186342,  3.5072E-06
       55.3000,       25.2000,        5.0000,        0.0000,       10.0000,      280.0000,       10.0000,     2024.0000,      283.0217,        9.8168,      124.3627,        0.3678,      902.8223,        0.0611,    98687.4991,        3.6903,       42.7721,        0.0327,      -95.5464,  292.1759,0.204779,  1.3246E-05
      -68.0000,      -16.5000,     3600.0000,        0.0000,       12.0000,      172.0000,        6.0000,     2024.0000,      272.6968,        9.4547,      264.2257,        0.2696,     1015.0369,        0.3302,    72344.9974,        1.0390,       18.2554,        7.5973,       84.8786,  281.5095,0.213312,  7.3160E-06
      -68.0000,      -16.5000,     3600.0000,        0.0000,       12.0000,      172.0000,        6.0000,     2024.0000,      264.6179,       13.8252,      322.2261,        0.3172,     1095.8370,        0.0426,    73970.0515,        1.4859,       15.6611,       22.8436,      114.5128,  274.6166,0.218827,  1.0571E-05
      -18.0000,       65.0000,       52.0000,        0.0000,       10.0000,      355.0000,       12.0000,     2024.0000,      242.6279,       20.3046,      254.1356,        0.5098,      528.6214,        0.3329,    94117.9847,        2.5730,       49.2560,       11.8830,       43.4475,  243.2226,0.243942,  1.3172E-05
      103.8200,        1.3500,       15.0000,       30.0000,       14.0000,      120.0000,        4.0000,     2024.0000,      296.5090,        3.4709,      175.5297,        0.6498,      979.9958,        0.7589,    96468.9642,        2.1414,       36.4594,      -18.8864,       50.9381,  300.9723,0.197742,  3.8238E-06
       55.3000,       25.2000,        5.0000,        0.0000,       10.0000,      280.0000,       10.0000,     2024.0000,      313.1592,        4.6210,      232.8444,        0.4373,      996.5040,        0.0409,    91560.8015,        3.6437,       32.8125,       19.5778,      -98.5746,  329.0783,0.175257,  5.6751E-06
       55.3000,       25.2000,        5.0000,        0.0000,       10.0000,      280.0000,       10.0000,     2024.0000,      320.1946,        5.9673,      245.1736,        0.8470,      883.7169,        0.4011,    96697.4355,        2.1582,       35.2739,      -22.7638,      -79.4962,  329.3998,0.175000,  7.9770E-06
      151.2100,      -33.8700,       39.0000,        0.0000,       12.0000,      172.0000,        6.0000,     2024.0000,      299.7273,        4.3120,       42.7752,        0.3129,      999.5293,        0.5979,    92333.1088,        1.5845,       73.6663,       -3.8483,       95.7375,  302.0285,0.196897,  4.1789E-06
      -68.0000,      -16.5000,     3600.0000,        0.0000,       12.0000,      172.0000,        6.0000,     2024.0000,      246.3248,       16.0081,      178.6718,        0.1530,     1093.8455,        0.2160,    73239.6183,        0.5471,       38.7204,        2.4833,       93.4505,  254.0208,0.235303,  9.2558E-06
      151.2100,      -33.8700,       39.0000,        0.0000,       12.0000,      172.0000,        6.0000,     2024.0000,      286.0320,       11.4267,      206.1123,        0.7359,      752.6243,        0.1997,    95488.0108,        0.9198,       54.2504,       26.0724,      -33.7523,  286.0320,0.209694,  8.2413E-06
       25.0000,       23.5000,      200.0000,        0.0000,       11.0000,       90.0000,        3.0000,     2024.0000,      286.5101,       17.6573,       21.1240,        0.0462,       49.0942,        0.7804,    91536.5562,        2.4847,       37.6881,       38.0290,      -93.0903,  286.5719,0.209262,  1.7051E-05
      151.2100,      -33.8700,       39.0000,        0.0000,       12.0000,      172.0000,        6.0000,     2024.0000,      277.6864,        8.1766,       36.2712,        0.5977,      736.2124,        0.1446,    89928.6648,        2.6064,       42.3000,       22.4043,        1.9082,  277.6864,0.216371,  1.1166E-05
      103.8200,        1.3500,       15.0000,       30.0000,       14.0000,      120.0000,        4.0000,     2024.0000,      293.8446,        8.2402,      220.1701,        0.7533,     1122.2760,        0.9070,   100385.8882,        1.9153,       35.8471,      -24.1041,       68.9786,  295.3080,0.202274,  9.1812E-06
       55.3000,       25.2000,        5.0000,        0.0000,       10.0000,      280.0000,       10.0000,     2024.0000,      307.3232,       11.2570,      303.2951,        0.6408,     1157.6801,        0.1504,    88720.6355,        3.4264,       29.3503,        4.1212,      100.8278,  311.4306,0.189376,  1.4304E-05
      -18.0000,       65.0000,       52.0000,        0.0000,       10.0000,      355.0000,       12.0000,     2024.0000,      237.5958,        4.3028,      188.8538,        0.6037,      164.1834,        0.6530,    96735.1317,        2.2395,       70.0009,       17.0275,       32.3123,  238.1402,0.248008,  4.7755E-06
       -0.1300,       51.5100,       11.0000,        0.0000,        9.0000,       80.0000,        3.0000,     2024.0000,      298.1923,        0.4955,      117.2975,        0.5863,     1095.7222,        0.4103,   100640.2421,        2.0221,       57.9946,       -4.5601,      115.9373,  298.1923,0.199966,  1.3324E-06
      -68.0000,      -16.5000,     3600.0000,        0.0000,       12.0000,      172.0000,        6.0000,     2024.0000,      251.8902,       10.0117,      165.3135,        0.3252,      888.1873,        0.1274,    76247.7817,        3.1130,       16.9209,       22.1783,     -120.8903,  259.1418,0.231207,  1.0786E-05
       55.3000,       25.2000,        5.0000,        0.0000,       10.0000,      280.0000,       10.0000,     2024.0000,      274.5357,        8.9603,      191.0328,        0.4384,      937.4076,        0.0173,    94654.1249,        4.4542,       32.9589,      -24.2890,       20.3073,  283.1832,0.211973,  1.2668E-05
     -122.0000,       37.5000,       25.0000,        0.0000,       12.0000,      172.0000,        6.0000,     2024.0000,      318.5085,       11.1518,      193.7855,        0.3085,     1031.3202,        0.1549,    95869.6736,        1.6988,       39.1170,      -11.9188,     -136.6020,  326.7740,0.177101,  1.1706E-05
       55.3000,       25.2000,        5.0000,        0.0000,       10.0000,      280.0000,       10.0000,     2024.0000,      298.8408,        8.9904,      264.3412,        0.3345,      853.5074,        0.3230,   100207.7383,        1.8608,        4.5934,      -14.3191,       70.3988,  305.3299,0.194256,  1.1479E-05
     -112.0700,       33.4500,      331.0000,        0.0000,       13.0000,      200.0000,        7.0000,     2024.0000,      315.2874,        1.4456,      325.4683,        0.4153,     1307.0787,        0.1088,   100170.5674,        2.8786,       44.3599,      -23.9549,     -110.2012,  330.1971,0.174362,  3.4229E-06
      -68.0000,      -16.5000,     3600.0000,        0.0000,       12.0000,      172.0000,        6.0000,     2024.0000,      264.5748,        5.5768,      304.8234,        0.0175,     1112.2120,        0.2065,    61300.4286,        1.7422,       21.4357,      -22.7525,       90.9288,  276.8736,0.217021,  4.4755E-06
     -112.0700,       33.4500,      331.0000,        0.0000,       13.0000,      200.0000,        7.0000,     2024.0000,      306.3227,        2.3193,      233.1053,        0.2083,      935.9091,        0.1432,    95646.6532,        2.2192,       15.3225,       23.1888,       68.9918,  326.9524,0.176958,  4.6575E-06
       55.3000,       25.2000,        5.0000,        0.0000,       10.0000,      280.0000,       10.0000,     2024.0000,      314.3551,        3.3832,      127.2394,        0.5234,     1313.1409,        0.2460,   100639.9419,        2.7256,       33.8889,       11.7721,       -6.1286,  335.3572,0.170234,  5.1583E-06
      -68.0000,      -16.5000,     3600.0000,        0.0000,       12.0000,      172.0000,        6.0000,     2024.0000,      270.7298,        7.1046,      330.3010,        0.4253,     1328.5514,        0.0811,    70072.8674,        2.1262,       27.1158,       15.0743,      108.4898,  286.9145,0.208988,  8.4627E-06
     -112.0700,       33.4500,      331.0000,        0.0000,       13.0000,      200.0000,        7.0000,     2024.0000,      295.4081,        9.7930,      251.6750,        0.3871,      908.3006,        0.3712,    94173.4235,        1.5726,       28.3662,        6.7532,      -58.1107,  302.7813,0.196295,  9.1563E-06
      -18.0000,       65.0000,       52.0000,        0.0000,       10.0000,      355.0000,       12.0000,     2024.0000,      246.8129,        8.5170,      231.0959,        0.8594,       53.1466,        0.5561,    90800.5479,        2.8478,       63.4180,      -17.1425,     -109.6414,  246.8492,0.241041,  7.4864E-06
       55.3000,       25.2000,        5.0000,        0.0000,       10.0000,      280.0000,       10.0000,     2024.0000,      310.4092,       11.0986,      286.7411,        0.5716,     1238.2891,        0.0249,    99892.6777,        3.7843,       10.5139,       28.0773,       39.9327,  319.7379,0.182730,  1.4797E-05
       -0.1300,       51.5100,       11.0000,        0.0000,        9.0000,       80.0000,        3.0000,     2024.0000,      273.5718,       13.5821,      140.3415,        0.4456,      500.2553,        0.0521,   100453.9928,        2.3166,       47.4206,        2.2346,      111.2929,  273.5718,0.219663,  9.5777E-06
      151.2100,      -33.8700,       39.0000,        0.0000,       12.0000,      172.0000,        6.0000,     2024.0000,      281.2657,        1.1925,      102.1766,        0.8690,     1050.4891,        0.2647,    89800.9994,        2.8067,       50.9663,       -8.7927,      -42.3884,  281.2657,0.213507,  2.9348E-06
       25.0000,       23.5000,      200.0000,        0.0000,       11.0000,       90.0000,        3.0000,     2024.0000,      314.8887,       23.5321,       63.8548,        0.1546,      716.1359,        0.7068,   100840.3964,        4.7681,       23.8089,       -3.3651,      -65.8218,  316.1741,0.185581,  3.0380E-05
       55.3000,       25.2000,        5.0000,        0.0000,       10.0000,      280.0000,       10.0000,     2024.0000,      298.4086,        9.4524,      173.7295,        0.5314,     1144.0346,        0.0915,    93490.0767,        3.8174,       20.8326,       23.9498,      -67.5038,  310.0469,0.190482,  1.4348E-05
       -0.1300,       51.5100,       11.0000,        0.0000,        9.0000,       80.0000,        3.0000,     2024.0000,      313.9835,        2.0505,      293.7570,        0.5485,      426.7038,        0.5868,    94084.8955,        1.2430,       19.7870,        5.5749,      -18.7321,  317.6494,0.184400,  2.6627E-06
     -112.0700,       33.4500,      331.0000,        0.0000,       13.0000,      200.0000,        7.0000,     2024.0000,      298.8590,        4.9910,      256.3068,        0.0319,      842.0273,        0.3270,   100226.6775,        1.8910,       54.0121,       12.7829,       58.3377,  308.9116,0.191391,  6.1358E-06
      -18.0000,       65.0000,       52.0000,        0.0000,       10.0000,      355.0000,       12.0000,     2024.0000,      252.5838,        4.8569,      239.1777,        0.9583,      468.5196,        0.4335,   100794.4269,        2.4451,       83.3590,       26.4889,      -49.4999,  256.9221,0.232982,  4.5010E-06
       55.3000,       25.2000,        5.0000,        0.0000,       10.0000,      280.0000,       10.0000,     2024.0000,      299.0154,        6.9657,       64.6596,        0.7300,      840.8454,        0.1616,    93013.6045,        1.8170,       32.0013,        5.4688,      -16.4734,  311.7219,0.189142,  7.4006E-06
      103.8200,        1.3500,       15.0000,       30.0000,       14.0000,      120.0000,        4.0000,     2024.0000,      312.7288,        6.1740,      175.9364,        0.7247,      941.0344,        0.8969,    87165.9776,        0.9744,        7.2029,      -28.3291,      -76.2919,  314.1352,0.187212,  4.2409E-06
       25.0000,       23.5000,      200.0000,        0.0000,       11.0000,       90.0000,        3.0000,     2024.0000,      294.8253,       22.4630,       43.3462,        0.3184,      739.0519,        0.8362,    86014.4444,        3.9526,       48.8718,      -12.7632,      125.9789,  295.0481,0.202482,  2.6372E-05
      151.2100,      -33.8700,       39.0000,        0.0000,       12.0000,      172.0000,        6.0000,     2024.0000,      310.1551,        3.3313,       26.0536,        0.2620,      574.6343,        0.3350,    92320.3651,        0.9092,       38.3625,      -10.7674,       56.8341,  311.6697,0.189184,  3.2787E-06
       -0.1300,       51.5100,       11.0000,        0.0000,        9.0000,       80.0000,        3.0000,     2024.0000,      298.7154,        0.2101,      339.8660,        0.7871,     1131.1527,        0.7480,    90160.6702,        2.9119,       35.2676,       18.0197,       93.6894,  298.7154,0.199548,  1.6337E-06
     -112.0700,       33.4500,      331.0000,        0.0000,       13.0000,      200.0000,        7.0000,     2024.0000,      287.4758,        4.8759,      338.9435,        0.1814,      863.7822,        0.1514,    95091.0605,        1.8517,       17.2573,        1.0526,      114.2160,  303.1832,0.195973,  5.8339E-06
      -68.0000,      -16.5000,     3600.0000,        0.0000,       12.0000,      172.0000,        6.0000,     2024.0000,      292.9821,        9.3796,      272.1281,        0.3722,      896.0583,        0.0193,    75243.0522,        2.7166,       46.7959,      -13.8036,      -94.1723,  299.4668,0.198947,  1.0650E-05
     -112.0700,       33.4500,      331.0000,        0.0000,       13.0000,      200.0000,        7.0000,     2024.0000,      297.4301,        5.2938,      254.3097,        0.4247,     1019.1684,        0.3355,    99049.2243,        1.8691,       29.6785,      -18.8574,     -111.3247,  306.9408,0.192967,  5.7116E-06
      103.8200,        1.3500,       15.0000,       30.0000,       14.0000,      120.0000,        4.0000,     2024.0000,      310.7690,        7.6601,      233.8060,        0.6322,     1187.1510,        0.7593,    99657.4919,        1.5736,       11.9017,      -31.1734,      -93.9024,  313.7925,0.187486,  7.3683E-06
      -18.0000,       65.0000,       52.0000,        0.0000,       10.0000,      355.0000,       12.0000,     2024.0000,      235.0180,        4.5258,      209.3459,        0.6981,      560.5316,        0.6750,    93150.8489,        1.5254,       52.9478,       23.0603,      -68.7697,  237.2876,0.248690,  4.4091E-06
      -68.0000,      -16.5000,     3600.0000,        0.0000,       12.0000,      172.0000,        6.0000,     2024.0000,      269.4281,        7.1045,      281.5788,        0.0507,     1214.0959,        0.2676,    62622.3099,        2.5219,       20.1717,       24.1113,      -35.1220,  276.6106,0.217231,  9.5873E-06
       55.3000,       25.2000,        5.0000,        0.0000,       10.0000,      280.0000,       10.0000,     2024.0000,      303.0127,        4.4105,       63.4527,        0.3674,     1221.5706,        0.2792,    90924.4223,        2.3560,       21.9371,       15.5730,      -39.5620,  320.7441,0.181925,  6.2482E-06
     -112.0700,       33.4500,      331.0000,        0.0000,       13.0000,      200.0000,        7.0000,     2024.0000,      294.0261,        3.8165,      277.8966,        0.1068,      917.3111,        0.3335,    92046.8114,        3.4015,        7.4413,      -14.4173,     -100.3041,  305.9587,0.193753,  4.2755E-06
     -112.0700,       33.4500,      331.0000,        0.0000,       13.0000,      200.0000,        7.0000,     2024.0000,      287.2480,        9.8077,      297.4184,        0.4440,     1336.8453,        0.0190,    86884.1719,        3.0245,       25.4098,        6.4523,      -35.5741,  301.9304,0.196976,  1.3470E-05
      151.2100,      -33.8700,       39.0000,        0.0000,       12.0000,      172.0000,        6.0000,     2024.0000,      283.9445,        8.8060,      202.6326,        0.6965,     1330.0151,        0.0149,    98464.5612,        2.5291,       37.9484,       -2.1002,      -63.9674,  287.7147,0.208348,  8.3587E-06
       -0.1300,       51.5100,       11.0000,        0.0000,        9.0000,       80.0000,        3.0000,     2024.0000,      310.7430,        5.5082,      294.6407,        0.8544,      377.7872,        0.2050,    98077.9881,        2.9866,       65.7740,       -6.9980,      -98.5449,  314.9416,0.186567,  9.2249E-06
     -122.0000,       37.5000,       25.0000,        0.0000,       12.0000,      172.0000,        6.0000,     2024.0000,      293.6615,        1.5411,      182.7751,        0.2050,      950.7985,        0.1128,   101304.3472,        3.4091,       30.8684,       -1.8716,      -95.2508,  313.5864,0.187651,  2.9733E-06
      -68.0000,      -16.5000,     3600.0000,        0.0000,       12.0000,      172.0000,        6.0000,     2024.0000,      304.3126,        3.4596,      262.2084,        0.2819,     1358.4560,        0.2581,    62012.7697,        1.6913,       34.4695,       24.2276,     -106.4784,  322.2930,0.180686,  4.7209E-06
      -18.0000,       65.0000,       52.0000,        0.0000,       10.0000,      355.0000,       12.0000,     2024.0000,      246.9564,       11.3151,      173.8048,        0.7277,      176.0841,        0.3238,    92660.2035,        1.1816,       69.5398,      -21.9993,       53.0216,  247.2231,0.240742,  6.8573E-06
      151.2100,      -33.8700,       39.0000,        0.0000,       12.0000,      172.0000,        6.0000,     2024.0000,      260.2136,        4.4352,      156.1790,        0.3460,      661.3551,        0.5518,    95844.1932,        1.9182,       84.4294,      -13.3463,        2.8782,  260.2136,0.230349,  4.5204E-06
      151.2100,      -33.8700,       39.0000,        0.0000,       12.0000,      172.0000,        6.0000,     2024.0000,      278.9973,        5.6957,      175.3425,        0.4473,     1300.2072,        0.5266,    88327.6298,        2.0645,       44.7013,        2.4139,       27.3241,  278.9973,0.215322,  5.7080E-06
      151.2100,      -33.8700,       39.0000,        0.0000,       12.0000,      172.0000,        6.0000,     2024.0000,      259.4174,        5.7458,      115.8789,        0.4230,      934.2458,        0.2559,    99809.4671,        2.9159,       61.6131,        3.2040,      -24.8744,  259.4174,0.230986,  4.5794E-06
      -18.0000,       65.0000,       52.0000,        0.0000,       10.0000,      355.0000,       12.0000,     2024.0000,      264.2676,        4.7753,      243.0377,        0.5782,       79.5762,        0.4909,    93502.1984,        2.4945,       55.1296,       27.9023,      -93.5936,  264.5049,0.226916,  5.6324E-06
      103.8200,        1.3500,       15.0000,       30.0000,       14.0000,      120.0000,        4.0000,     2024.0000,      300.9887,        1.7703,      215.7615,        0.8634,     1192.4270,        0.8763,    88204.8832,        1.7905,       34.5259,      -25.1715,       34.0901,  303.8766,0.195419,  3.0681E-06
       25.0000,       23.5000,      200.0000,        0.0000,       11.0000,       90.0000,        3.0000,     2024.0000,      296.6604,       19.8718,      122.5567,        0.3517,      816.8217,        0.7474,    89030.0996,        3.0494,        3.6413,       37.1044,       45.3651,  297.7326,0.200334,  2.0312E-05
      -18.0000,       65.0000,       52.0000,        0.0000,       10.0000,      355.0000,       12.0000,     2024.0000,      250.0230,       15.3214,      173.1801,        0.6363,      466.3745,        0.9088,    85367.5628,        2.2906,       61.9442,       -5.7853,      -81.6211,  250.2298,0.238336,  1.3247E-05
     -122.0000,       37.5000,       25.0000,        0.0000,       12.0000,      172.0000,        6.0000,     2024.0000,      278.4902,        5.2389,      167.4566,        0.5765,     1166.5259,        0.3378,    89740.4597,        1.9585,       44.9184,       19.3351,        6.4247,  291.8255,0.205060,  4.4872E-06
     -122.0000,       37.5000,       25.0000,        0.0000,       12.0000,      172.0000,        6.0000,     2024.0000,      308.5407,        3.4995,      345.9967,        0.3888,     1135.5304,        0.1912,    92586.6276,        2.2360,       39.0053,       22.7471,       79.9794,  325.0632,0.178469,  7.1483E-06
      151.2100,      -33.8700,       39.0000,        0.0000,       12.0000,      172.0000,        6.0000,     2024.0000,      269.4960,        9.5892,       57.2465,        0.4983,     1126.7540,        0.2142,    99942.8025,        0.9633,       69.5508,      -13.1004,       15.5469,  269.4960,0.222923,  6.4623E-06
       25.0000,       23.5000,      200.0000,        0.0000,       11.0000,       90.0000,        3.0000,     2024.0000,      315.2852,       18.0022,       71.8804,        0.3078,      945.6354,        0.4480,    94232.1774,        2.6077,       46.3729,      -18.2883,      -24.0340,  319.0874,0.183250,  2.4519E-05
      151.2100,      -33.8700,       39.0000,        0.0000,       12.0000,      172.0000,        6.0000,     2024.0000,      312.7188,        6.2796,       39.6626,        0.3431,      896.4081,        0.3852,    91486.8284,        3.0506,       72.6038,      -10.7758,      118.7655,  317.9868,0.184131,  9.4558E-06
       55.3000,       25.2000,        5.0000,        0.0000,       10.0000,      280.0000,       10.0000,     2024.0000,      274.3581,        5.6160,      281.7131,        0.3626,     1342.5509,        0.0412,    87773.2596,        3.4514,       16.3660,       30.6579,      -24.6985,  292.1559,0.204795,  8.3893E-06
       55.3000,       25.2000,        5.0000,        0.0000,       10.0000,      280.0000,       10.0000,     2024.0000,      308.2500,        5.0613,      139.8197,        0.7985,      914.4875,        0.4085,    99723.1001,        1.7258,        2.8523,       20.9724,       93.3249,  316.4401,0.185368,  4.8049E-06
      151.2100,      -33.8700,       39.0000,        0.0000,       12.0000,      172.0000,        6.0000,     2024.0000,      271.7147,        4.8137,       57.3764,        0.7274,      632.0424,        0.2488,    99485.9206,        2.6042,       25.1905,       16.3863,      116.4195,  277.6176,0.216426,  7.5008E-06
       -0.1300,       51.5100,       11.0000,        0.0000,        9.0000,       80.0000,        3.0000,     2024.0000,      299.9820,        4.2555,      205.2738,        0.8577,      961.3799,        0.0706,    95912.7765,        2.4131,       12.5393,      -26.9156,       -6.5257,  310.0201,0.190504,  5.0814E-06
      -18.0000,       65.0000,       52.0000,        0.0000,       10.0000,      355.0000,       12.0000,     2024.0000,      246.9706,       19.3155,      203.2806,        0.8688,      519.2095,        0.4257,    90380.7412,        1.8100,       49.0077,      -24.5536,       10.3759,  248.3746,0.239820,  1.3237E-05
      -18.0000,       65.0000,       52.0000,        0.0000,       10.0000,      355.0000,       12.0000,     2024.0000,      247.0540,       13.5110,      189.8480,        0.9437,      186.9564,        0.7853,    90668.1273,        2.0736,       82.1942,      -23.0167,       36.8660,  247.2294,0.240736,  9.8708E-06
       -0.1300,       51.5100,       11.0000,        0.0000,        9.0000,       80.0000,        3.0000,     2024.0000,      306.8613,        3.3801,      325.6641,        0.3609,      601.1068,        0.5434,    97396.1148,        2.1011,       25.0493,      -16.3881,      -58.3730,  312.0277,0.188898,  4.6238E-06
       25.0000,       23.5000,      200.0000,        0.0000,       11.0000,       90.0000,        3.0000,     2024.0000,      280.1078,       13.6347,       88.1484,        0.1860,      411.2939,        0.4798,    94886.6483,        3.5977,       59.7540,       -0.8754,      129.5729,  280.3301,0.214256,  1.4375E-05
       25.0000,       23.5000,      200.0000,        0.0000,       11.0000,       90.0000,        3.0000,     2024.0000,      306.9130,       22.8778,       47.7930,        0.4392,      568.6167,        0.7394,    97147.8299,        2.4309,       46.5695,       39.4677,      -31.0593,  307.6411,0.192407,  2.4946E-05
      -18.0000,       65.0000,       52.0000,        0.0000,       10.0000,      355.0000,       12.0000,     2024.0000,      255.2042,       17.0611,      240.3297,        0.7063,       68.8031,        0.6453,    89232.0648,        2.9424,       49.1646,       -8.6725,      -37.7956,  255.3445,0.234244,  1.5559E-05
      -18.0000,       65.0000,       52.0000,        0.0000,       10.0000,      355.0000,       12.0000,     2024.0000,      240.0843,       12.8728,      218.3931,        0.7062,      252.9678,        0.7791,    92991.0196,        1.4649,       84.2279,      -30.4635,       -4.3467,  240.6585,0.245993,  9.1467E-06
      103.8200,        1.3500,       15.0000,       30.0000,       14.0000,      120.0000,        4.0000,     2024.0000,      301.1486,        7.1088,      164.7262,        0.7583,     1184.1513,        0.7044,    90598.5504,        1.3208,       37.2830,        1.9404,      -77.4053,  302.8701,0.196224,  6.9601E-06
     -112.0700,       33.4500,      331.0000,        0.0000,       13.0000,      200.0000,        7.0000,     2024.0000,      298.2815,        8.3435,      298.8050,        0.4990,      942.5589,        0.3953,    95265.8124,        3.8307,       55.7024,       10.7933,      108.0549,  303.7944,0.195484,  9.3181E-06
     -122.0000,       37.5000,       25.0000,        0.0000,       12.0000,      172.0000,        6.0000,     2024.0000,      308.4416,        1.0201,      268.4229,        0.2399,      966.0099,        0.3256,   100794.3906,        2.0307,       46.7657,      -19.3652,       75.5228,  322.6266,0.180419,  2.2155E-06
      -18.0000,       65.0000,       52.0000,        0.0000,       10.0000,      355.0000,       12.0000,     2024.0000,      257.4849,        8.1476,      212.9289,        0.9102,      465.3033,        0.2802,    96818.1002,        1.2447,       71.2427,      -21.5447,      125.1015,  257.4849,0.232532,  6.7262E-06
      -18.0000,       65.0000,       52.0000,        0.0000,       10.0000,      355.0000,       12.0000,     2024.0000,      255.7088,       13.2403,       84.5992,        0.6807,      591.9022,        0.6178,    93974.8261,        0.9487,       89.2433,       17.2933,       99.0241,  255.7088,0.233953,  8.6308E-06
       25.0000,       23.5000,      200.0000,        0.0000,       11.0000,       90.0000,        3.0000,     2024.0000,      279.3673,       21.6059,       91.2143,        0.2927,      393.2925,        0.9856,    85721.5725,        3.3072,       58.0244,       33.0711,      -35.0575,  279.3930,0.215006,  2.5734E-05
      103.8200,        1.3500,       15.0000,       30.0000,       14.0000,      120.0000,        4.0000,     2024.0000,      302.0115,        2.5606,      198.2647,        0.7880,      681.3427,        0.7607,    98382.2700,        2.2773,        8.3006,        0.0446,       -7.9038,  305.1633,0.194389,  4.6932E-06
       25.0000,       23.5000,      200.0000,        0.0000,       11.0000,       90.0000,        3.0000,     2024.0000,      303.4117,       20.8948,      145.2353,        0.3120,      383.2915,        0.8025,    96277.6666,        3.4200,       39.2758,      -12.0868,      -74.3701,  303.8790,0.195417,  2.5075E-05
       25.0000,       23.5000,      200.0000,        0.0000,       11.0000,       90.0000,        3.0000,     2024.0000,      308.8886,       20.8077,       85.1681,        0.2731,      500.4766,        0.8691,    92388.7621,        4.6378,       52.8471,       12.9539,      -17.5006,  309.2701,0.191104,  2.9627E-05
      151.2100,      -33.8700,       39.0000,        0.0000,       12.0000,      172.0000,        6.0000,     2024.0000,      278.1536,        5.5215,      132.7602,        0.5426,     1017.0529,        0.5035,    91685.2339,        0.5881,       77.7995,       14.0384,       25.7257,  278.1536,0.215997,  2.8533E-06
      151.2100,      -33.8700,       39.0000,        0.0000,       12.0000,      172.0000,        6.0000,     2024.0000,      319.1235,        9.7281,      159.7388,        0.3485,      853.3104,        0.0572,    93136.6516,        1.9848,       85.2998,       24.3962,      -93.2556,  320.1712,0.182383,  1.0277E-05
      103.8200,        1.3500,       15.0000,       30.0000,       14.0000,      120.0000,        4.0000,     2024.0000,      303.2672,        3.0575,      199.2038,        0.8050,     1287.3741,        0.9209,    87525.0931,        2.2858,       26.7662,      -21.6822,      104.6294,  305.6200,0.194024,  4.4374E-06
       -0.1300,       51.5100,       11.0000,        0.0000,        9.0000,       80.0000,        3.0000,     2024.0000,      258.4932,        2.2343,      252.9249,        0.8843,      990.9227,        0.4748,    89417.3361,        1.1701,       47.9838,       17.8256,     -115.9323,  266.9540,0.224957,  1.7601E-06
      -68.0000,      -16.5000,     3600.0000,        0.0000,       12.0000,      172.0000,        6.0000,     2024.0000,      262.9867,       16.6555,      253.3518,        0.1533,     1254.8346,        0.0110,    77360.5574,        1.1673,        0.5281,      -28.2657,      -89.7207,  273.0099,0.220112,  1.2397E-05
       -0.1300,       51.5100,       11.0000,        0.0000,        9.0000,       80.0000,        3.0000,     2024.0000,      258.2629,        3.5906,      138.0636,        0.3903,     1023.7078,        0.3821,    97536.8052,        1.4583,       53.7592,       14.6652,      -69.9476,  273.0960,0.220043,  3.7238E-06
      -68.0000,      -16.5000,     3600.0000,        0.0000,       12.0000,      172.0000,        6.0000,     2024.0000,      279.2471,        7.2526,      353.4057,        0.1322,     1298.8812,        0.1505,    70721.6607,        0.5797,        2.8912,        9.2416,      -12.6370,  298.0077,0.200114,  5.1219E-06
      -18.0000,       65.0000,       52.0000,        0.0000,       10.0000,      355.0000,       12.0000,     2024.0000,      247.6326,       15.5914,      201.1882,        0.5300,      529.3939,        0.7209,    97686.9488,        2.0033,       87.6947,      -16.6149,      -83.5804,  248.4143,0.239789,  1.3801E-05
     -122.0000,       37.5000,       25.0000,        0.0000,       12.0000,      172.0000,        6.0000,     2024.0000,      304.9381,        6.1912,      248.7291,        0.0483,     1003.7859,        0.2501,    96265.2284,        0.5544,        2.6147,      -14.1923,       83.0852,  323.2235,0.179941,  4.3828E-06
       25.0000,       23.5000,      200.0000,        0.0000,       11.0000,       90.0000,        3.0000,     2024.0000,      282.3015,       23.8593,       26.0639,        0.1998,      121.1271,        0.5864,   100281.3593,        4.0882,       31.4258,       35.4249,       40.7577,  282.4996,0.212520,  2.8647E-05
      -18.0000,       65.0000,       52.0000,        0.0000,       10.0000,      355.0000,       12.0000,     2024.0000,      247.7189,       20.0116,      146.1490,        0.6158,      141.4834,        0.6926,    95925.3826,        2.0090,       81.8381,      -30.1160,       30.8184,  247.8761,0.240219,  1.4148E-05
      151.2100,      -33.8700,       39.0000,        0.0000,       12.0000,      172.0000,        6.0000,     2024.0000,      288.5565,        5.4571,      145.8347,        0.5437,      893.7892,        0.2463,    94117.1213,        2.5957,       60.3700,        7.5738,      -14.0792,  288.5565,0.207675,  8.0959E-06
      103.8200,        1.3500,       15.0000,       30.0000,       14.0000,      120.0000,        4.0000,     2024.0000,      276.4694,        9.6405,      234.9976,        0.8716,      950.4802,        0.7779,    91089.9592,        0.7655,        8.6468,       14.8340,        3.4732,  279.3710,0.215023,  5.1442E-06
      -18.0000,       65.0000,       52.0000,        0.0000,       10.0000,      355.0000,       12.0000,     2024.0000,      250.7439,       13.2872,       92.8839,        0.4540,      648.3557,        0.6765,    93671.0571,        0.5191,       59.1021,       12.9268,      -74.5155,  252.7104,0.236352,  7.2744E-06
     -122.0000,       37.5000,       25.0000,        0.0000,       12.0000,      172.0000,        6.0000,     2024.0000,      301.9003,        1.8490,      331.2229,        0.3219,      889.9129,        0.2715,   100790.5428,        0.8048,       36.2254,        3.1220,     -137.5052,  316.3470,0.185442,  2.1454E-06
      103.8200,        1.3500,       15.0000,       30.0000,       14.0000,      120.0000,        4.0000,     2024.0000,      309.0699,        5.8593,      166.6580,        0.8393,     1095.8400,        0.6227,    87886.7987,        2.1952,       19.7229,       -6.6541,       47.6116,  315.8615,0.185831,  6.8904E-06
      151.2100,      -33.8700,       39.0000,        0.0000,       12.0000,      172.0000,        6.0000,     2024.0000,      304.0178,       10.1137,       10.6669,        0.7033,      423.8981,        0.4326,    93521.6377,        2.4212,       54.3670,       12.5062,       81.3104,  304.6963,0.194763,  1.2550E-05
      -18.0000,       65.0000,       52.0000,        0.0000,       10.0000,      355.0000,       12.0000,     2024.0000,      249.9785,        5.5769,       16.2521,        0.9281,      611.0014,        0.4696,    89539.6534,        1.6627,       64.6664,       -8.9998,       63.9677,  249.9785,0.238537,  4.5464E-06
       -0.1300,       51.5100,       11.0000,        0.0000,        9.0000,       80.0000,        3.0000,     2024.0000,      257.5220,        7.9521,      104.4785,        0.8486,      686.9078,        0.4318,    95343.2598,        3.0091,       46.8774,       19.4545,      -81.1382,  262.1270,0.228818,  1.0315E-05
       25.0000,       23.5000,      200.0000,        0.0000,       11.0000,       90.0000,        3.0000,     2024.0000,      297.8362,       24.5665,      112.9381,        0.3505,      906.0136,        0.5044,    93289.9590,        3.6864,        0.1234,      -18.6199,       11.5882,  300.1193,0.198425,  2.6548E-05
      103.8200,        1.3500,       15.0000,       30.0000,       14.0000,      120.0000,        4.0000,     2024.0000,      298.5113,        4.2324,      208.2141,        0.7502,      857.7511,        0.9416,    99954.0262,        1.7142,       13.5356,      -12.3848,      -64.8917,  299.2304,0.199136,  5.4284E-06
      -68.0000,      -16.5000,     3600.0000,        0.0000,       12.0000,      172.0000,        6.0000,     2024.0000,      281.6332,        7.9180,      186.3715,        0.2937,     1129.0156,        0.2927,    74862.9889,        3.0045,       11.7465,       -7.5475,       35.1526,  289.2188,0.207145,  1.0837E-05
       25.0000,       23.5000,      200.0000,        0.0000,       11.0000,       90.0000,        3.0000,     2024.0000,      292.7355,       15.7313,       21.5903,        0.2201,      418.8985,        0.4104,   101113.2167,        3.1878,       28.4436,       17.3682,     -109.9621,  294.5220,0.202902,  1.9266E-05
     -122.0000,       37.5000,       25.0000,        0.0000,       12.0000,      172.0000,        6.0000,     2024.0000,      277.2818,       10.0344,      197.1790,        0.1589,     1204.6357,        0.1728,    95204.5258,        2.6494,       59.6493,      -22.2295,      -69.5091,  283.9715,0.211343,  1.3054E-05
      103.8200,        1.3500,       15.0000,       30.0000,       14.0000,      120.0000,        4.0000,     2024.0000,      284.6466,        4.7825,       87.5352,        0.6411,      597.8866,        0.8486,    94469.7301,        2.3049,       30.6883,      -17.8678,       96.3698,  286.4247,0.209380,  7.5779E-06
       25.0000,       23.5000,      200.0000,        0.0000,       11.0000,       90.0000,        3.0000,     2024.0000,      322.5210,       13.6499,       83.0019,        0.3865,      398.1785,        0.5122,   100047.0036,        3.4693,       23.5164,        8.0621,       -3.9506,  324.4386,0.178969,  1.7722E-05
      -68.0000,      -16.5000,     3600.0000,        0.0000,       12.0000,      172.0000,        6.0000,     2024.0000,      305.7820,       12.6529,      284.9204,        0.2969,     1058.3649,        0.0458,    72742.6688,        2.1097,       35.1658,      -10.6080,       97.9596,  314.1402,0.187208,  1.2299E-05
      -68.0000,      -16.5000,     3600.0000,        0.0000,       12.0000,      172.0000,        6.0000,     2024.0000,      262.0787,        2.9149,      238.7160,        0.5150,     1005.6516,        0.2390,    62519.7401,        2.7953,       25.4764,      -25.7030,      117.9193,  275.4717,0.218143,  5.4746E-06
       55.3000,       25.2000,        5.0000,        0.0000,       10.0000,      280.0000,       10.0000,     2024.0000,      282.0177,        0.1860,      113.1115,        0.7198,     1105.0128,        0.0909,    98956.1538,        3.6408,       26.9928,       27.1902,       92.9874,  294.3343,0.203053,  2.0399E-06
       -0.1300,       51.5100,       11.0000,        0.0000,        9.0000,       80.0000,        3.0000,     2024.0000,      258.2918,        0.6484,      125.3862,        0.4084,      391.0383,        0.3454,    91588.7130,        2.8808,       52.0637,      -15.4510,     -108.2587,  263.2370,0.227930,  1.7944E-06
     -112.0700,       33.4500,      331.0000,        0.0000,       13.0000,      200.0000,        7.0000,     2024.0000,      308.3104,       10.1355,      248.7962,        0.0541,      835.2533,        0.1212,    88588.1321,        4.0155,        3.2654,        4.2384,       -4.2117,  317.3652,0.184628,  1.2499E-05
       55.3000,       25.2000,        5.0000,        0.0000,       10.0000,      280.0000,       10.0000,     2024.0000,      278.9872,        0.0256,      147.3960,        0.6049,     1322.1442,        0.0036,    87194.8335,        2.6927,       25.2636,      -28.0878,      -36.0424,  317.0329,0.184894,  1.6994E-06
       -0.1300,       51.5100,       11.0000,        0.0000,        9.0000,       80.0000,        3.0000,     2024.0000,      316.5160,        5.2295,      249.9043,        0.6062,     1168.4637,        0.0570,    97836.9350,        2.8859,       45.6197,       -6.4500,     -120.8547,  328.0724,0.176062,  8.1902E-06
     -122.0000,       37.5000,       25.0000,        0.0000,       12.0000,      172.0000,        6.0000,     2024.0000,      313.1763,        0.5381,      288.3739,        0.6218,      873.7667,        0.0618,    91255.9196,        2.6685,       56.4649,       17.3097,      -44.8427,  330.9147,0.173788,  2.2628E-06
     -112.0700,       33.4500,      331.0000,        0.0000,       13.0000,      200.0000,        7.0000,     2024.0000,      321.1647,        7.8845,      306.4812,        0.3738,     1005.9854,        0.2418,    89581.4781,        1.4213,       40.0699,       -1.0861,       38.5359,  335.2790,0.170297,  9.2445E-06
      151.2100,      -33.8700,       39.0000,        0.0000,       12.0000,      172.0000,        6.0000,     2024.0000,      278.7849,        1.0176,      141.8301,        0.3365,      604.0787,        0.3075,    98246.2097,        2.3720,       68.7763,       30.9311,       27.6778,  278.7849,0.215492,  2.4608E-06
     -122.0000,       37.5000,       25.0000,        0.0000,       12.0000,      172.0000,        6.0000,     2024.0000,      295.5657,        3.4838,      236.7090,        0.0978,      946.6467,        0.2420,   100484.5504,        1.8288,       13.9390,       25.8600,       44.9573,  311.9706,0.188944,  4.2895E-06
     -112.0700,       33.4500,      331.0000,        0.0000,       13.0000,      200.0000,        7.0000,     2024.0000,      310.5489,        8.4426,      196.7293,        0.1070,      952.2961,        0.1393,    86219.1079,        2.1023,       23.6018,        5.0356,      108.8763,  323.3247,0.179860,  8.0460E-06
      -68.0000,      -16.5000,     3600.0000,        0.0000,       12.0000,      172.0000,        6.0000,     2024.0000,      245.9200,       14.6370,      245.5833,        0.2491,     1173.1789,        0.2341,    62040.6754,        0.9711,       24.2440,       -6.3328,       35.4464,  251.7986,0.237081,  9.0109E-06
      -68.0000,      -16.5000,     3600.0000,        0.0000,       12.0000,      172.0000,        6.0000,     2024.0000,      298.6059,        2.3170,      235.2702,        0.2193,      931.5918,        0.2959,    63661.9284,        3.2784,       51.1881,       -3.7141,       -9.1341,  298.6059,0.199635,  5.0696E-06
     -122.0000,       37.5000,       25.0000,        0.0000,       12.0000,      172.0000,        6.0000,     2024.0000,      308.1361,        2.6482,      348.8262,        0.2218,      915.5914,        0.3317,    94597.1354,        2.7711,       23.4295,       -9.0728,       10.9263,  323.4701,0.179744,  4.9763E-06
      151.2100,      -33.8700,       39.0000,        0.0000,       12.0000,      172.0000,        6.0000,     2024.0000,      269.2140,        4.7116,       19.9024,        0.2215,      810.2147,        0.4750,    92537.7297,        2.7298,       59.0371,       12.3957,       53.8557,  269.2140,0.223149,  6.6607E-06
       25.0000,       23.5000,      200.0000,        0.0000,       11.0000,       90.0000,        3.0000,     2024.0000,      279.7532,       16.0243,      159.8135,        0.1184,      241.6278,        0.6936,    89845.2588,        2.7839,        8.7315,       -7.1537,        7.7192,  280.3445,0.214244,  1.5128E-05
      -68.0000,      -16.5000,     3600.0000,        0.0000,       12.0000,      172.0000,        6.0000,     2024.0000,      253.6875,        1.4614,      214.4922,        0.5041,      911.1089,        0.2850,    60312.4413,        0.9185,       43.8789,      -14.3148,        8.4458,  255.9230,0.233782,  1.7477E-06
      -18.0000,       65.0000,       52.0000,        0.0000,       10.0000,      355.0000,       12.0000,     2024.0000,      258.7423,       11.7965,      254.8925,        0.9951,      623.4588,        0.7421,    88454.2334,        1.9368,       84.5219,      -23.7800,       75.4722,  258.7423,0.231526,  1.0628E-05
      103.8200,        1.3500,       15.0000,       30.0000,       14.0000,      120.0000,        4.0000,     2024.0000,      300.6686,        1.0049,      118.7178,        0.8211,     1035.3843,        0.8291,    98156.3249,        1.0714,       13.4248,      -20.7701,      -56.6479,  304.1080,0.195234,  1.8507E-06
      -18.0000,       65.0000,       52.0000,        0.0000,       10.0000,      355.0000,       12.0000,     2024.0000,      251.0783,       11.0815,       46.5310,        0.6159,      223.4232,        0.6496,    99542.1871,        1.8210,       69.0788,       -6.5521,        7.1022,  251.8921,0.237006,  8.5431E-06
      103.8200,        1.3500,       15.0000,       30.0000,       14.0000,      120.0000,        4.0000,     2024.0000,      306.0235,        3.7734,      175.0780,        0.9029,      793.3001,        0.9934,    94681.2714,        2.4889,        1.7771,       -5.0921,       40.3900,  306.1184,0.193625,  5.7674E-06
      -68.0000,      -16.5000,     3600.0000,        0.0000,       12.0000,      172.0000,        6.0000,     2024.0000,      305.1145,       15.8865,      356.3053,        0.0685,     1104.9988,        0.1022,    73488.5875,        0.8091,       36.5438,       23.1578,       94.5390,  313.5939,0.187645,  1.0299E-05
     -122.0000,       37.5000,       25.0000,        0.0000,       12.0000,      172.0000,        6.0000,     2024.0000,      306.8198,       11.6024,      179.0243,        0.1680,      867.7126,        0.3707,    88254.4797,        2.7464,       43.2020,        5.0438,       -2.8669,  312.3702,0.188624,  1.4068E-05
      -18.0000,       65.0000,       52.0000,        0.0000,       10.0000,      355.0000,       12.0000,     2024.0000,      252.5743,       17.9492,       87.2233,        0.6380,      386.2933,        0.7367,    93015.5113,        1.0464,       48.8825,      -24.9310,       68.2278,  252.5743,0.236461,  1.2622E-05
     -122.0000,       37.5000,       25.0000,        0.0000,       12.0000,      172.0000,        6.0000,     2024.0000,      289.3968,       10.2391,      232.7166,        0.1733,      902.5244,        0.2092,    99024.4214,        3.5309,       45.7367,       21.5647,      -15.5663,  296.4124,0.201390,  1.2231E-05
       -0.1300,       51.5100,       11.0000,        0.0000,        9.0000,       80.0000,        3.0000,     2024.0000,      308.4649,        4.0050,      332.3428,        0.8460,      658.5180,        0.3393,    98876.1541,        1.6607,       64.3646,        9.1381,       87.7273,  308.4649,0.191748,  4.0617E-06
      151.2100,      -33.8700,       39.0000,        0.0000,       12.0000,      172.0000,        6.0000,     2024.0000,      308.6572,        6.0915,       34.3280,        0.3126,      480.7049,        0.2675,    87815.4894,        1.8100,       39.4518,        2.7906,       46.8019,  309.0294,0.191296,  7.0002E-06
       25.0000,       23.5000,      200.0000,        0.0000,       11.0000,       90.0000,        3.0000,     2024.0000,      321.0907,       19.3908,       64.5469,        0.4463,      440.5518,        0.4131,    98787.1596,        3.1586,       20.9711,       11.5619,      -80.1366,  322.9223,0.180182,  1.9617E-05
       55.3000,       25.2000,        5.0000,        0.0000,       10.0000,      280.0000,       10.0000,     2024.0000,      316.8416,       11.2406,      175.9302,        0.7642,      661.2977,        0.2060,    90229.5650,        2.6716,        3.7408,       13.5652,      -30.8369,  321.6746,0.181180,  1.5806E-05
       25.0000,       23.5000,      200.0000,        0.0000,       11.0000,       90.0000,        3.0000,     2024.0000,      301.2890,       22.9064,      161.2554,        0.4103,      156.9108,        0.9052,    95139.5228,        2.8692,       26.4224,        9.6979,       68.4682,  301.3593,0.197433,  2.7996E-05
       25.0000,       23.5000,      200.0000,        0.0000,       11.0000,       90.0000,        3.0000,     2024.0000,      283.7603,       20.3709,      187.9297,        0.4281,      281.3865,        0.4471,    92247.3679,        3.9063,       60.6549,       33.3770,      -79.7063,  284.4031,0.210998,  1.9096E-05
      103.8200,        1.3500,       15.0000,       30.0000,       14.0000,      120.0000,        4.0000,     2024.0000,      286.8037,        8.2453,       98.4641,        0.8029,      703.9283,        0.6679,   100498.9519,        1.5640,       39.4179,      -23.7180,      -93.0031,  287.6996,0.208360,  5.7534E-06
      103.8200,        1.3500,       15.0000,       30.0000,       14.0000,      120.0000,        4.0000,     2024.0000,      273.5334,        5.4005,      123.4481,        0.8770,     1033.0529,        0.7988,    99823.5185,        1.0478,       19.6015,        1.7805,       73.7366,  277.9794,0.216136,  3.3438E-06
       -0.1300,       51.5100,       11.0000,        0.0000,        9.0000,       80.0000,        3.0000,     2024.0000,      290.4644,        9.9168,      297.7317,        0.9980,      426.0646,        0.6720,    97578.0118,        1.3379,       24.5456,       -4.3586,     -100.4627,  291.9861,0.204931,  8.7664E-06
       55.3000,       25.2000,        5.0000,        0.0000,       10.0000,      280.0000,       10.0000,     2024.0000,      292.5360,        5.9311,      245.5032,        0.7989,      981.7865,        0.3099,    93063.2240,        1.9130,       35.4653,      -14.0317,      -95.3123,  304.1174,0.195226,  6.6127E-06
      -68.0000,      -16.5000,     3600.0000,        0.0000,       12.0000,      172.0000,        6.0000,     2024.0000,      306.0216,        1.0500,      341.0821,        0.0092,     1048.3248,        0.2253,    71069.4507,        0.5675,       44.2097,      -26.5772,     -119.5669,  326.0660,0.177667,  1.2762E-06
      151.2100,      -33.8700,       39.0000,        0.0000,       12.0000,      172.0000,        6.0000,     2024.0000,      261.5064,        7.4987,       79.7957,        0.3822,      526.6015,        0.2309,    87842.7406,        2.8638,       80.5598,       -7.7817,       42.0935,  261.5064,0.229315,  6.5037E-06
     -112.0700,       33.4500,      331.0000,        0.0000,       13.0000,      200.0000,        7.0000,     2024.0000,      284.4237,        0.1703,      250.8890,        0.1827,     1092.1584,        0.3647,    90520.7636,        1.1829,        7.8170,       14.0041,      -60.6463,  306.9540,0.192957,  1.2278E-06
      -68.0000,      -16.5000,     3600.0000,        0.0000,       12.0000,      172.0000,        6.0000,     2024.0000,      259.3909,       10.7788,      152.9090,        0.3366,     1276.2429,        0.2596,    75337.6668,        2.2988,        9.1705,      -25.8184,      116.8002,  268.1339,0.224013,  8.7377E-06
      103.8200,        1.3500,       15.0000,       30.0000,       14.0000,      120.0000,        4.0000,     2024.0000,      314.7155,        2.2130,      281.1538,        0.8372,      658.2956,        0.8795,    95957.1406,        0.9140,        6.6972,       12.9052,       61.5647,  316.7320,0.185134,  2.8642E-06
     -112.0700,       33.4500,      331.0000,        0.0000,       13.0000,      200.0000,        7.0000,     2024.0000,      300.9764,        6.1129,      226.9657,        0.4931,     1166.9930,        0.2156,    87776.2485,        1.8190,       22.9015,      -25.2814,       36.5949,  318.1450,0.184004,  6.0564E-06
     -112.0700,       33.4500,      331.0000,        0.0000,       13.0000,      200.0000,        7.0000,     2024.0000,      303.3469,        8.2723,      225.3158,        0.0592,     1305.6201,        0.0794,    99564.9935,        3.9544,       24.9646,       -2.8009,      -92.1769,  316.8627,0.185030,  9.8860E-06
     -112.0700,       33.4500,      331.0000,        0.0000,       13.0000,      200.0000,        7.0000,     2024.0000,      314.3437,        8.4001,      233.1804,        0.3900,     1334.3167,        0.0839,    86634.3321,        1.2544,       13.1196,       -6.9477,       51.4062,  338.4981,0.167721,  8.2151E-06
       25.0000,       23.5000,      200.0000,        0.0000,       11.0000,       90.0000,        3.0000,     2024.0000,      305.1251,       22.2960,       15.4803,        0.2187,      649.5543,        0.5826,    87583.0741,        2.4333,       21.6926,       26.6703,       73.2380,  306.4684,0.193345,  2.7003E-05
     -122.0000,       37.5000,       25.0000,        0.0000,       12.0000,      172.0000,        6.0000,     2024.0000,      276.9564,        5.8748,      260.2798,        0.1334,      777.1816,        0.0564,    88074.6797,        1.3499,       20.6815,       -3.5452,     -117.9273,  291.0810,0.205655,  5.9662E-06
      -68.0000,      -16.5000,     3600.0000,        0.0000,       12.0000,      172.0000,        6.0000,     2024.0000,      280.1565,        1.7744,      170.8863,        0.1182,      992.3758,        0.3378,    74586.2991,        1.9831,       45.8146,      -22.3618,        0.9890,  281.4617,0.213351,  2.9967E-06
     -112.0700,       33.4500,      331.0000,        0.0000,       13.0000,      200.0000,        7.0000,     2024.0000,      302.8859,        0.0605,      195.4407,        0.0040,     1277.3253,        0.3432,    96601.2009,        2.3080,       24.2062,       27.3003,      -64.7441,  324.3916,0.179007,  1.4840E-06
      151.2100,      -33.8700,       39.0000,        0.0000,       12.0000,      172.0000,        6.0000,     2024.0000,      290.0797,       11.1883,      115.1112,        0.8608,      750.9465,        0.2885,    90433.2982,        1.2807,       26.3489,      -16.9860,      -59.7846,  292.4895,0.204528,  1.0223E-05
      151.2100,      -33.8700,       39.0000,        0.0000,       12.0000,      172.0000,        6.0000,     2024.0000,      293.2433,       12.1329,       65.1979,        0.4465,      957.3269,        0.5437,    99884.4143,        1.5776,       82.4279,      -16.2839,      -65.0937,  293.2433,0.203925,  1.2656E-05
       55.3000,       25.2000,        5.0000,        0.0000,       10.0000,      280.0000,       10.0000,     2024.0000,      313.4543,       10.3291,      301.3279,        0.2175,     1217.4852,        0.2702,    89782.0496,        1.4372,       36.4396,       28.9175,       87.0065,  317.4378,0.184570,  7.4901E-06
       -0.1300,       51.5100,       11.0000,        0.0000,        9.0000,       80.0000,        3.0000,     2024.0000,      310.1602,       10.6852,      345.7733,        0.4061,      565.3107,        0.2654,    94068.0268,        1.5399,       19.6813,       25.6885,      114.4497,  310.8399,0.189848,  1.0342E-05
     -112.0700,       33.4500,      331.0000,        0.0000,       13.0000,      200.0000,        7.0000,     2024.0000,      295.4966,        7.0043,      202.3761,        0.2252,     1078.8846,        0.0684,    86207.6705,        1.4287,       55.0842,       -6.8088,      -50.9913,  305.6268,0.194019,  5.2669E-06
       55.3000,       25.2000,        5.0000,        0.0000,       10.0000,      280.0000,       10.0000,     2024.0000,      307.6977,        1.0191,      121.3267,        0.1747,     1083.8267,        0.3674,   100073.0478,        4.4655,        8.3461,      -12.9303,      -60.2040,  324.6745,0.178780,  2.8350E-06
      151.2100,      -33.8700,       39.0000,        0.0000,       12.0000,      172.0000,        6.0000,     2024.0000,      272.1220,       10.6934,      114.7914,        0.7376,      628.8848,        0.1497,    89668.4624,        1.1162,       50.4062,       29.8271,      -58.0413,  272.1284,0.220817,  7.1595E-06
     -122.0000,       37.5000,       25.0000,        0.0000,       12.0000,      172.0000,        6.0000,     2024.0000,      309.6705,        1.9796,      153.3193,        0.4054,     1232.9331,        0.1918,    99225.7075,        2.5568,       51.8896,      -12.8971,     -123.2012,  323.2471,0.179922,  3.5175E-06
       -0.1300,       51.5100,       11.0000,        0.0000,        9.0000,       80.0000,        3.0000,     2024.0000,      302.2902,        5.5059,      259.9381,        0.7385,     1021.9450,        0.6573,    94058.6889,        2.3653,       63.6626,      -19.2250,       -9.4917,  307.5342,0.192493,  7.0608E-06
       25.0000,       23.5000,      200.0000,        0.0000,       11.0000,       90.0000,        3.0000,     2024.0000,      298.7069,       22.3219,      143.7163,        0.0717,      469.8297,        0.7400,    88415.2392,        4.0031,       24.8173,       38.7655,      -52.1004,  299.3175,0.199066,  2.8388E-05
      103.8200,        1.3500,       15.0000,       30.0000,       14.0000,      120.0000,        4.0000,     2024.0000,      275.7378,        5.6906,      260.2284,        0.6624,      833.0852,        0.8620,    86838.8793,        2.4766,        1.3932,      -21.1492,       44.5976,  277.3066,0.216675,  5.7265E-06
      -18.0000,       65.0000,       52.0000,        0.0000,       10.0000,      355.0000,       12.0000,     2024.0000,      258.0274,        7.6721,      140.8625,        0.9438,      539.6678,        0.7754,    92916.9563,        2.0841,       50.9360,      -12.3251,       31.4227,  258.8178,0.231466,  7.6363E-06
      -18.0000,       65.0000,       52.0000,        0.0000,       10.0000,      355.0000,       12.0000,     2024.0000,      239.7563,       10.8355,       80.3084,        0.7317,      339.9485,        0.3997,    94665.0213,        1.1389,       84.4197,       21.8609,     -114.1206,  239.9222,0.246582,  6.2371E-06
      -18.0000,       65.0000,       52.0000,        0.0000,       10.0000,      355.0000,       12.0000,     2024.0000,      260.3443,        3.5143,       48.9270,        0.6556,      255.4893,        0.6777,    84996.9708,        0.7497,       54.5896,        9.1750,     -103.1175,  260.7965,0.229883,  2.8301E-06
       55.3000,       25.2000,        5.0000,        0.0000,       10.0000,      280.0000,       10.0000,     2024.0000,      292.8412,        0.9720,      119.5589,        0.2676,     1056.9012,        0.1611,    90583.8349,        1.9837,       43.6098,       10.6458,      -44.6161,  321.2040,0.181557,  2.5820E-06
       -0.1300,       51.5100,       11.0000,        0.0000,        9.0000,       80.0000,        3.0000,     2024.0000,      284.0383,       11.7725,      205.0741,        0.5433,      896.5320,        0.6046,    99637.4816,        1.1273,        5.8027,       19.1801,       58.7053,  286.1652,0.209588,  1.1595E-05
      103.8200,        1.3500,       15.0000,       30.0000,       14.0000,      120.0000,        4.0000,     2024.0000,      314.3439,        7.9756,      276.2778,        0.6338,     1308.5119,        0.6949,    94863.2664,        1.9314,        0.9406,        0.9067,       64.5809,  319.8972,0.182602,  9.5430E-06
      103.8200,        1.3500,       15.0000,       30.0000,       14.0000,      120.0000,        4.0000,     2024.0000,      276.7919,        7.0671,      112.3307,        0.9100,      547.5922,        0.8894,    95240.6247,        1.9247,       16.1258,      -12.7306,      -23.7070,  277.4576,0.216554,  6.3340E-06
      -18.0000,       65.0000,       52.0000,        0.0000,       10.0000,      355.0000,       12.0000,     2024.0000,      251.9328,       19.0061,       34.1411,        0.4874,      204.2494,        0.6419,    89880.0746,        3.0118,       67.4237,       22.5754,      -35.6940,  252.3688,0.236625,  1.9025E-05
     -122.0000,       37.5000,       25.0000,        0.0000,       12.0000,      172.0000,        6.0000,     2024.0000,      306.3014,        6.1922,      217.1655,        0.1597,     1018.3476,        0.2753,    97190.2473,        2.7070,       25.5147,       -0.9975,      108.4154,  317.5626,0.184470,  9.0537E-06
       25.0000,       23.5000,      200.0000,        0.0000,       11.0000,       90.0000,        3.0000,     2024.0000,      314.8641,       18.2919,       66.2773,        0.3591,      235.5700,        0.8341,    93910.8241,        2.6021,       16.0613,       -0.2328,      -10.8764,  315.1769,0.186379,  2.0094E-05
      -68.0000,      -16.5000,     3600.0000,        0.0000,       12.0000,      172.0000,        6.0000,     2024.0000,      296.3127,        5.1025,      224.5039,        0.3305,     1352.8556,        0.2095,    70942.1893,        1.7204,       29.6581,       27.7122,       16.7211,  304.0889,0.195249,  5.5189E-06
      103.8200,        1.3500,       15.0000,       30.0000,       14.0000,      120.0000,        4.0000,     2024.0000,      285.6658,        8.1365,      156.2040,        0.6811,      957.6069,        0.8804,    93856.1547,        1.9677,       12.3586,        1.1908,      -18.1165,  286.9581,0.208954,  7.0206E-06
     -122.0000,       37.5000,       25.0000,        0.0000,       12.0000,      172.0000,        6.0000,     2024.0000,      310.0465,        1.2018,      238.2366,        0.4690,     1236.7167,        0.3508,    94560.4982,        1.6700,        4.6994,      -17.7966,       71.6272,  334.6328,0.170814,  2.5829E-06
     -112.0700,       33.4500,      331.0000,        0.0000,       13.0000,      200.0000,        7.0000,     2024.0000,      284.5346,        6.5096,      320.6199,        0.0236,     1070.6762,        0.0215,    89121.2517,        1.7569,       12.0157,      -30.6772,       25.2253,  302.4057,0.196595,  6.5151E-06
       -0.1300,       51.5100,       11.0000,        0.0000,        9.0000,       80.0000,        3.0000,     2024.0000,      295.4818,        7.3775,      190.8405,        0.7656,      527.0463,        0.3710,    92264.5102,        2.9995,        5.9977,      -28.3991,       90.4450,  297.1248,0.200820,  9.9632E-06
     -112.0700,       33.4500,      331.0000,        0.0000,       13.0000,      200.0000,        7.0000,     2024.0000,      318.8614,        6.7695,      273.2719,        0.1318,     1300.3476,        0.2729,    93046.3356,        2.5502,       18.8764,       24.7174,        8.7049,  333.8725,0.171422,  9.9476E-06
      103.8200,        1.3500,       15.0000,       30.0000,       14.0000,      120.0000,        4.0000,     2024.0000,      290.1193,        0.6248,      160.5371,        0.8527,      759.1381,        0.9849,    95864.4543,        0.7507,        0.3306,       12.0455,       89.5674,  290.4275,0.206178,  1.0513E-06
      -68.0000,      -16.5000,     3600.0000,        0.0000,       12.0000,      172.0000,        6.0000,     2024.0000,      258.3453,       14.3985,      174.4264,        0.0807,     1353.1508,        0.1779,    69566.0748,        3.1282,       10.6656,       28.3853,     -109.1237,  265.4570,0.226154,  1.5827E-05
       25.0000,       23.5000,      200.0000,        0.0000,       11.0000,       90.0000,        3.0000,     2024.0000,      313.5101,       18.8271,      203.4098,        0.3068,      146.4516,        0.7632,    88556.8094,        4.7662,       41.8094,       15.3114,      123.9042,  313.6160,0.187627,  2.3182E-05
      103.8200,        1.3500,       15.0000,       30.0000,       14.0000,      120.0000,        4.0000,     2024.0000,      284.9884,        9.7419,      276.0271,        0.6158,     1149.6980,        0.7608,    90501.8056,        2.1208,       24.8696,      -11.4138,      -28.2752,  286.9451,0.208964,  1.0844E-05
       -0.1300,       51.5100,       11.0000,        0.0000,        9.0000,       80.0000,        3.0000,     2024.0000,      278.6470,        0.8073,      101.5492,        0.5803,      883.9695,        0.5940,    93068.2964,        0.7863,       23.6360,       30.8848,       50.2000,  282.0798,0.212856,  1.5300E-06
      103.8200,        1.3500,       15.0000,       30.0000,       14.0000,      120.0000,        4.0000,     2024.0000,      296.8417,        3.7538,      251.5438,        0.9091,      692.8785,        0.8574,    87097.6515,        2.3324,        2.9899,       15.1410,      -40.7824,  298.5091,0.199713,  4.6685E-06
      151.2100,      -33.8700,       39.0000,        0.0000,       12.0000,      172.0000,        6.0000,     2024.0000,      314.7066,        2.4680,      190.3191,        0.7382,      452.7375,        0.0290,    99917.8697,        3.0035,       77.8803,        2.3655,       39.5994,  314.7066,0.186755,  4.3971E-06
       25.0000,       23.5000,      200.0000,        0.0000,       11.0000,       90.0000,        3.0000,     2024.0000,      321.3650,       18.9336,      139.5986,        0.3792,      935.4218,        0.3561,   100332.8285,        4.6777,       14.7304,       34.1554,      101.2088,  324.4343,0.178973,  2.2613E-05
       25.0000,       23.5000,      200.0000,        0.0000,       11.0000,       90.0000,        3.0000,     2024.0000,      321.0954,       16.0601,      163.2351,        0.2278,      453.8017,        0.5156,    85661.0489,        2.7123,        6.4227,      -14.5142,       -2.0381,  322.9125,0.180190,  1.6959E-05
      -18.0000,       65.0000,       52.0000,        0.0000,       10.0000,      355.0000,       12.0000,     2024.0000,      253.7233,       13.9893,       32.7549,        0.4998,       60.8697,        0.5738,    94196.1260,        2.8267,       73.3143,       -1.8492,       66.5253,  253.7233,0.235541,  1.4188E-05
      -18.0000,       65.0000,       52.0000,        0.0000,       10.0000,      355.0000,       12.0000,     2024.0000,      249.9419,       12.8323,      187.8286,        0.4764,      264.3202,        0.7269,    91779.9902,        1.4442,       60.7851,        3.6531,      -80.3429,  250.4435,0.238165,  8.6613E-06
      103.8200,        1.3500,       15.0000,       30.0000,       14.0000,      120.0000,        4.0000,     2024.0000,      305.7733,        6.0047,      154.3481,        0.9765,     1237.5382,        0.9465,    98287.4808,        1.9460,       38.5431,       -4.8015,      -31.1535,  306.1655,0.193588,  6.3704E-06
      151.2100,      -33.8700,       39.0000,        0.0000,       12.0000,      172.0000,        6.0000,     2024.0000,      307.1890,        1.9955,       38.6929,        0.4228,     1280.7677,        0.4396,    91968.4381,        2.2707,       61.7659,        9.9283,      102.2777,  315.5853,0.186052,  3.5395E-06
       -0.1300,       51.5100,       11.0000,        0.0000,        9.0000,       80.0000,        3.0000,     2024.0000,      258.5168,       10.5536,      239.0809,        0.4837,      533.0397,        0.4132,    91538.9691,        1.1166,       11.8215,       -1.1262,       59.4246,  260.3743,0.230221,  6.7111E-06
      151.2100,      -33.8700,       39.0000,        0.0000,       12.0000,      172.0000,        6.0000,     2024.0000,      260.3842,        9.3366,      131.8989,        0.5574,      585.7300,        0.1974,    87193.2362,        2.8677,       60.5912,      -31.4065,      -70.5041,  260.4896,0.230128,  9.4721E-06
       -0.1300,       51.5100,       11.0000,        0.0000,        9.0000,       80.0000,        3.0000,     2024.0000,      268.4490,       13.3599,      184.7922,        0.7529,      991.5222,        0.2203,    98392.0017,        0.9110,       13.2760,       -2.1914,     -103.6369,  274.8939,0.218605,  8.0472E-06
      -18.0000,       65.0000,       52.0000,        0.0000,       10.0000,      355.0000,       12.0000,     2024.0000,      256.6076,       19.5969,       54.7708,        0.8753,      259.2302,        0.6224,    91170.4440,        2.3858,       52.4406,        8.8708,      111.1008,  256.6076,0.233234,  1.7836E-05
      103.8200,        1.3500,       15.0000,       30.0000,       14.0000,      120.0000,        4.0000,     2024.0000,      310.6745,        9.4077,      252.8968,        0.7388,     1005.4120,        0.9952,    99878.3362,        2.5058,       39.0866,        3.5344,      -49.1574,  310.6897,0.189968,  1.3370E-05
      -68.0000,      -16.5000,     3600.0000,        0.0000,       12.0000,      172.0000,        6.0000,     2024.0000,      298.7819,        9.7007,      265.1010,        0.3208,      973.1634,        0.3231,    69180.6518,        2.8402,       29.9831,       -4.3703,      -12.7686,  301.8061,0.197075,  9.8464E-06
      -68.0000,      -16.5000,     3600.0000,        0.0000,       12.0000,      172.0000,        6.0000,     2024.0000,      298.7805,        5.3116,      260.2865,        0.3940,     1323.3320,        0.2052,    63511.6732,        3.4949,       31.9676,       15.3008,      103.7857,  313.0981,0.188042,  7.8374E-06
       -0.1300,       51.5100,       11.0000,        0.0000,        9.0000,       80.0000,        3.0000,     2024.0000,      267.4466,        0.2095,      229.2675,        0.9745,      714.1153,        0.5512,    93601.5096,        2.0213,       61.6545,        9.7254,       24.3777,  271.6596,0.221192,  1.1445E-06
       -0.1300,       51.5100,       11.0000,        0.0000,        9.0000,       80.0000,        3.0000,     2024.0000,      302.1613,        0.0100,      245.9431,        0.6478,     1229.5594,        0.3207,    91430.9010,        2.6112,       35.1867,       27.1588,        2.5690,  319.3794,0.183016,  1.3578E-06
      -68.0000,      -16.5000,     3600.0000,        0.0000,       12.0000,      172.0000,        6.0000,     2024.0000,      256.2483,       11.0795,      195.7661,        0.3641,     1156.3861,        0.2619,    75614.5133,        3.5095,        0.1114,       12.0862,      107.0796,  263.5047,0.227716,  1.3674E-05
      -18.0000,       65.0000,       52.0000,        0.0000,       10.0000,      355.0000,       12.0000,     2024.0000,      234.4832,       18.9813,      103.6719,        0.4637,      354.7249,        0.5068,    88456.2448,        2.2503,       61.5242,      -22.6630,       60.6349,  234.5229,0.250902,  1.2879E-05
       55.3000,       25.2000,        5.0000,        0.0000,       10.0000,      280.0000,       10.0000,     2024.0000,      313.0912,       11.2089,       68.9478,        0.7779,     1140.1086,        0.1083,    86949.4123,        1.8501,       12.3127,       22.8900,      -32.2330,  324.7209,0.178743,  1.3639E-05
       25.0000,       23.5000,      200.0000,        0.0000,       11.0000,       90.0000,        3.0000,     2024.0000,      293.5372,       23.2122,      124.7505,        0.0937,      171.3497,        0.8703,    96486.0519,        3.4865,       39.2693,       21.1544,      -62.2631,  293.6581,0.203594,  2.1805E-05
     -112.0700,       33.4500,      331.0000,        0.0000,       13.0000,      200.0000,        7.0000,     2024.0000,      287.7229,        0.0206,      194.0493,        0.2566,      884.5272,        0.0791,    86311.9958,        2.3237,       47.5514,      -24.3194,       82.6253,  309.5235,0.190901,  1.5836E-06
      -68.0000,      -16.5000,     3600.0000,        0.0000,       12.0000,      172.0000,        6.0000,     2024.0000,      278.7099,        8.9489,      216.3847,        0.1354,     1124.3454,        0.0180,    71413.5359,        1.2072,       31.9672,      -12.1425,       43.8919,  286.7833,0.209093,  9.3589E-06
     -122.0000,       37.5000,       25.0000,        0.0000,       12.0000,      172.0000,        6.0000,     2024.0000,      322.8155,        5.7982,      158.7240,        0.4983,     1313.9814,        0.0393,    90764.2281,        2.4046,       36.9428,       24.0756,      107.0903,  339.7706,0.166704,  8.8938E-06
      -18.0000,       65.0000,       52.0000,        0.0000,       10.0000,      355.0000,       12.0000,     2024.0000,      251.5103,       10.1283,       97.0400,        0.6050,      231.5450,        0.3958,    95929.6897,        2.8068,       67.0261,       20.3872,       43.3320,  251.9899,0.236928,  8.8349E-06
     -122.0000,       37.5000,       25.0000,        0.0000,       12.0000,      172.0000,        6.0000,     2024.0000,      308.7380,        6.4545,      280.9063,        0.5759,      787.2565,        0.0595,    92600.9002,        0.6582,       20.6228,      -30.1446,      -65.4481,  323.8354,0.179452,  5.4451E-06
       55.3000,       25.2000,        5.0000,        0.0000,       10.0000,      280.0000,       10.0000,     2024.0000,      274.8157,        0.2198,      172.3268,        0.1799,     1067.1767,        0.3183,    92543.2924,        2.0805,       20.9742,       -1.9311,       98.7518,  286.6687,0.209185,  1.4317E-06
       -0.1300,       51.5100,       11.0000,        0.0000,        9.0000,       80.0000,        3.0000,     2024.0000,      308.7700,        5.9204,      234.5108,        0.8446,     1061.3769,        0.1952,    99034.7672,        3.0020,       47.3476,      -14.3301,      -85.1966,  321.6690,0.181185,  7.7496E-06
      103.8200,        1.3500,       15.0000,       30.0000,       14.0000,      120.0000,        4.0000,     2024.0000,      295.8743,        5.4433,       72.3876,        0.9589,     1021.5534,        0.8781,    88892.5658,        1.7396,        1.1455,       25.9235,       10.4585,  297.7643,0.200309,  5.5553E-06
       25.0000,       23.5000,      200.0000,        0.0000,       11.0000,       90.0000,        3.0000,     2024.0000,      288.8687,       20.3617,       89.8075,        0.3265,      741.4922,        0.3653,    89852.5183,        4.3074,       60.7818,       16.3219,       17.8477,  290.8952,0.205804,  1.6860E-05
      151.2100,      -33.8700,       39.0000,        0.0000,       12.0000,      172.0000,        6.0000,     2024.0000,      291.1691,       12.1588,      162.3122,        0.7518,      437.1600,        0.0735,    94161.3671,        2.2339,       29.2618,      -18.4580,       56.8129,  292.3201,0.204664,  1.2287E-05
      151.2100,      -33.8700,       39.0000,        0.0000,       12.0000,      172.0000,        6.0000,     2024.0000,      304.9175,        4.2213,      167.6975,        0.2621,      952.1325,        0.2517,    93269.2640,        0.8808,       85.0925,       18.2241,       13.9307,  304.9175,0.194586,  3.9096E-06
      -18.0000,       65.0000,       52.0000,        0.0000,       10.0000,      355.0000,       12.0000,     2024.0000,      256.8166,       15.6588,      166.9779,        0.7763,      153.7652,        0.7881,    96986.2658,        1.0414,       77.6545,       27.1397,        5.0223,  257.1223,0.232822,  7.4075E-06
       25.0000,       23.5000,      200.0000,        0.0000,       11.0000,       90.0000,        3.0000,     2024.0000,      292.2704,       24.8506,      206.9813,        0.0850,      644.1469,        0.8936,    90796.0335,        3.3988,       28.3071,      -13.7353,      -34.0345,  292.6546,0.204396,  2.5527E-05
     -112.0700,       33.4500,      331.0000,        0.0000,       13.0000,      200.0000,        7.0000,     2024.0000,      286.9866,       10.5874,      215.3133,        0.0294,     1253.2258,        0.3018,    87685.2881,        1.2574,       14.8164,        5.0979,       22.1642,  301.4121,0.197390,  8.2725E-06
       55.3000,       25.2000,        5.0000,        0.0000,       10.0000,      280.0000,       10.0000,     2024.0000,      274.0095,        1.1144,      160.8154,        0.6020,      853.3463,        0.2544,    95486.9737,        2.4299,       12.2392,       13.0384,      -46.5865,  290.0923,0.206446,  2.6591E-06
      151.2100,      -33.8700,       39.0000,        0.0000,       12.0000,      172.0000,        6.0000,     2024.0000,      307.4840,        5.7856,       47.3229,        0.2383,      427.9816,        0.5271,    89136.5699,        2.6620,       70.0242,      -11.6094,        9.9054,  307.4840,0.192533,  7.4967E-06
      103.8200,        1.3500,       15.0000,       30.0000,       14.0000,      120.0000,        4.0000,     2024.0000,      320.1815,        6.8828,      239.8808,        0.9655,     1238.7128,        0.6592,    92071.8104,        1.6271,       23.2046,      -27.1595,       26.3809,  325.8291,0.177857,  7.2154E-06
       -0.1300,       51.5100,       11.0000,        0.0000,        9.0000,       80.0000,        3.0000,     2024.0000,      261.0467,        4.9947,      141.1499,        0.3863,      516.2240,        0.1213,    98935.4222,        2.6898,       27.1680,      -14.2319,      -28.4559,  267.4979,0.224522,  5.2821E-06
       55.3000,       25.2000,        5.0000,        0.0000,       10.0000,      280.0000,       10.0000,     2024.0000,      278.1002,        1.4266,      164.4316,        0.2068,      650.2528,        0.3693,    88257.8760,        3.5771,       17.0769,      -14.1451,       15.6010,  287.0437,0.208885,  3.4676E-06
      103.8200,        1.3500,       15.0000,       30.0000,       14.0000,      120.0000,        4.0000,     2024.0000,      321.9576,        8.1953,      164.3252,        0.9469,     1316.7582,        0.6233,    97697.1577,        2.2544,       32.5345,      -21.8836,      100.1820,  329.5469,0.174882,  1.0246E-05
       -0.1300,       51.5100,       11.0000,        0.0000,        9.0000,       80.0000,        3.0000,     2024.0000,      275.6041,        5.5852,      171.2204,        0.8996,      897.2430,        0.3632,    97056.8670,        2.5667,       45.7160,        1.2467,      -98.6682,  283.5954,0.211644,  6.4526E-06
       -0.1300,       51.5100,       11.0000,        0.0000,        9.0000,       80.0000,        3.0000,     2024.0000,      267.5554,       12.8155,      168.7642,        0.8154,      614.3884,        0.1516,    99645.6778,        0.5256,       41.4211,       22.9054,       26.5380,  271.2520,0.221518,  7.6579E-06
       -0.1300,       51.5100,       11.0000,        0.0000,        9.0000,       80.0000,        3.0000,     2024.0000,      313.2980,        1.0362,      179.8279,        0.6829,      814.0783,        0.5812,    96062.5717,        0.7808,       39.4272,      -20.2352,      -51.1592,  323.5810,0.179655,  1.3013E-06
      -18.0000,       65.0000,       52.0000,        0.0000,       10.0000,      355.0000,       12.0000,     2024.0000,      245.3434,       18.3792,      132.9683,        0.4899,      319.1399,        0.2537,    92004.8799,        2.1886,       86.8173,       -0.5658,       38.7971,  246.1380,0.241610,  1.6395E-05
       25.0000,       23.5000,      200.0000,        0.0000,       11.0000,       90.0000,        3.0000,     2024.0000,      291.2296,       21.0781,       30.8843,        0.3739,      369.8141,        0.7636,    91329.1134,        2.4441,       31.3202,        4.8520,      123.8075,  291.5908,0.205247,  2.0769E-05
      103.8200,        1.3500,       15.0000,       30.0000,       14.0000,      120.0000,        4.0000,     2024.0000,      294.2631,        6.5778,      138.3330,        0.7378,     1249.2748,        0.8938,    93970.6898,        0.8149,       31.4525,       22.5486,       77.2261,  296.9480,0.200962,  5.1713E-06
      151.2100,      -33.8700,       39.0000,        0.0000,       12.0000,      172.0000,        6.0000,     2024.0000,      262.9099,        0.5378,       50.2892,        0.4065,     1208.2644,        0.5851,    86784.4259,        1.0805,       32.8872,      -29.5466,      130.2602,  274.0573,0.219274,  1.3044E-06
     -112.0700,       33.4500,      331.0000,        0.0000,       13.0000,      200.0000,        7.0000,     2024.0000,      323.1388,       10.0479,      294.4971,        0.0173,     1206.5328,        0.3080,    91637.4200,        1.0801,       20.2493,        2.7313,      -66.5941,  336.2724,0.169502,  8.1484E-06
       55.3000,       25.2000,        5.0000,        0.0000,       10.0000,      280.0000,       10.0000,     2024.0000,      317.0142,        3.1272,      263.7244,        0.4182,     1164.1852,        0.3561,    90199.0662,        3.9369,       44.6261,       26.2375,     -109.7730,  329.1726,0.175182,  5.8131E-06
      151.2100,      -33.8700,       39.0000,        0.0000,       12.0000,      172.0000,        6.0000,     2024.0000,      286.8039,        9.3473,       14.7358,        0.8562,      676.6569,        0.1815,    88920.8164,        2.8936,       66.6271,        9.3328,       97.9919,  289.1386,0.207209,  1.1812E-05
      -18.0000,       65.0000,       52.0000,        0.0000,       10.0000,      355.0000,       12.0000,     2024.0000,      252.7181,       11.2135,      119.5597,        0.9607,       95.5454,        0.7971,    90849.7276,        1.2839,       69.1637,       -0.4228,       47.2162,  252.7915,0.236287,  7.4450E-06
       25.0000,       23.5000,      200.0000,        0.0000,       11.0000,       90.0000,        3.0000,     2024.0000,      284.4270,       21.6983,      175.5259,        0.3980,      621.9753,        0.4747,    85527.4198,        4.5935,       12.8872,        9.7710,      -67.7373,  286.4564,0.209355,  2.3461E-05
       -0.1300,       51.5100,       11.0000,        0.0000,        9.0000,       80.0000,        3.0000,     2024.0000,      266.1516,       10.5507,      105.8570,        0.3526,     1140.2206,        0.4020,    96147.9487,        0.9917,        6.0208,       -8.8828,       71.2120,  270.5744,0.222060,  6.4484E-06
      103.8200,        1.3500,       15.0000,       30.0000,       14.0000,      120.0000,        4.0000,     2024.0000,      280.9235,        3.0535,      302.6024,        0.9645,      547.8643,        0.6701,    90451.2093,        2.2314,        3.5228,       -6.7950,      -83.8255,  284.2264,0.211139,  3.6414E-06
     -112.0700,       33.4500,      331.0000,        0.0000,       13.0000,      200.0000,        7.0000,     2024.0000,      312.2847,        0.0072,      330.4300,        0.1007,     1233.9917,        0.2019,    95401.6531,        2.0279,       46.2829,       17.4918,      -88.4756,  328.8949,0.175404,  1.4429E-06
       -0.1300,       51.5100,       11.0000,        0.0000,        9.0000,       80.0000,        3.0000,     2024.0000,      281.3747,        8.5121,      234.0941,        0.8536,      838.8680,        0.1808,    92824.0153,        0.5977,        7.3516,      -21.4028,      -28.6306,  288.8009,0.207479,  5.6615E-06
      -18.0000,       65.0000,       52.0000,        0.0000,       10.0000,      355.0000,       12.0000,     2024.0000,      240.5021,       18.9079,      165.4708,        0.4537,      262.4626,        0.3254,    86910.7081,        1.4140,       70.1596,       23.2646,       26.8785,  241.3707,0.245423,  9.7829E-06
      -18.0000,       65.0000,       52.0000,        0.0000,       10.0000,      355.0000,       12.0000,     2024.0000,      236.4556,       14.2795,      110.1141,        0.9928,       68.0393,        0.5424,    95728.4054,        0.7166,       76.2761,      -21.5557,     -114.3307,  236.4770,0.249338,  6.6045E-06
      -68.0000,      -16.5000,     3600.0000,        0.0000,       12.0000,      172.0000,        6.0000,     2024.0000,      297.5219,       12.9695,      271.7938,        0.0882,     1224.5755,        0.3106,    77681.9880,        1.2903,       22.9963,        0.4068,        8.9202,  303.1344,0.196012,  9.1509E-06
       -0.1300,       51.5100,       11.0000,        0.0000,        9.0000,       80.0000,        3.0000,     2024.0000,      298.5046,        1.8155,      152.3872,        0.8216,     1054.1333,        0.5351,    95757.2939,        1.8060,        7.7348,       21.4594,      -15.0058,  305.7528,0.193918,  2.5034E-06
      103.8200,        1.3500,       15.0000,       30.0000,       14.0000,      120.0000,        4.0000,     2024.0000,      320.8492,        5.1778,      128.0993,        0.7057,      809.9600,        0.6858,    99042.9111,        0.9119,       21.6756,      -27.1449,      -35.6121,  323.9345,0.179372,  4.6422E-06
      151.2100,      -33.8700,       39.0000,        0.0000,       12.0000,      172.0000,        6.0000,     2024.0000,      259.5205,        5.2158,      203.6079,        0.5991,      983.0183,        0.3879,    98851.4099,        0.9268,       38.4606,       -8.9451,      103.0683,  267.3367,0.224651,  3.1717E-06
       25.0000,       23.5000,      200.0000,        0.0000,       11.0000,       90.0000,        3.0000,     2024.0000,      291.9303,       17.0574,      136.1621,        0.3467,      743.3471,        0.6575,    90442.3072,        3.0633,        1.8728,       33.4285,       42.3812,  293.5128,0.203710,  1.7185E-05
      -68.0000,      -16.5000,     3600.0000,        0.0000,       12.0000,      172.0000,        6.0000,     2024.0000,      299.4580,        4.9681,      229.8212,        0.2476,     1100.4498,        0.1963,    71274.9577,        2.4675,       48.2394,      -11.0394,       33.3964,  301.4424,0.197366,  7.0799E-06
      151.2100,      -33.8700,       39.0000,        0.0000,       12.0000,      172.0000,        6.0000,     2024.0000,      283.0090,        0.6669,      152.5698,        0.2337,      738.1959,        0.0829,    89024.9782,        2.3368,       47.3705,      -26.0716,      -76.5170,  287.3217,0.208663,  1.8040E-06
     -122.0000,       37.5000,       25.0000,        0.0000,       12.0000,      172.0000,        6.0000,     2024.0000,      319.8217,        7.1751,      294.6313,        0.2225,      925.2416,        0.1275,    99291.0789,        1.7660,       20.7499,       21.7839,       42.4300,  334.2034,0.171157,  5.7019E-06
     -122.0000,       37.5000,       25.0000,        0.0000,       12.0000,      172.0000,        6.0000,     2024.0000,      280.5111,       10.3019,      156.5548,        0.3850,     1021.8466,        0.3702,    87392.6265,        1.2030,       40.3097,      -12.0408,       73.8455,  288.9036,0.207397,  8.0334E-06
       -0.1300,       51.5100,       11.0000,        0.0000,        9.0000,       80.0000,        3.0000,     2024.0000,      290.8788,        2.7201,      342.9348,        0.7646,      422.3154,        0.4505,    93166.4912,        1.1165,       19.5182,      -18.4880,     -124.4471,  294.1045,0.203236,  2.9288E-06
     -122.0000,       37.5000,       25.0000,        0.0000,       12.0000,      172.0000,        6.0000,     2024.0000,      297.3534,        5.0732,      265.2595,        0.5946,     1347.5111,        0.0832,    99730.9841,        0.7527,       59.7270,       22.0679,       -6.6861,  318.5900,0.183648,  2.6982E-06
     -112.0700,       33.4500,      331.0000,        0.0000,       13.0000,      200.0000,        7.0000,     2024.0000,      291.7677,        7.4972,      332.2692,        0.0280,     1349.4755,        0.3310,    93807.5130,        2.4614,       53.4933,       13.5864,      -64.0737,  298.4257,0.199779,  7.3314E-06
       55.3000,       25.2000,        5.0000,        0.0000,       10.0000,      280.0000,       10.0000,     2024.0000,      302.5470,        7.9797,      128.5567,        0.1511,      844.0191,        0.0499,    87937.6149,        2.1333,       23.1591,      -22.5331,       79.1225,  309.0097,0.191312,  9.4727E-06
       25.0000,       23.5000,      200.0000,        0.0000,       11.0000,       90.0000,        3.0000,     2024.0000,      316.4847,       19.7435,      130.9523,        0.2712,      953.2335,        0.9584,    91601.8621,        3.8400,       21.6890,      -13.4070,      -77.9814,  316.7578,0.185114,  2.2727E-05
      -68.0000,      -16.5000,     3600.0000,        0.0000,       12.0000,      172.0000,        6.0000,     2024.0000,      287.2393,        1.1488,      264.4972,        0.1334,     1062.9966,        0.0053,    76674.6337,        0.8969,       17.1031,       24.8954,       17.5698,  305.2601,0.194312,  2.1648E-06
       25.0000,       23.5000,      200.0000,        0.0000,       11.0000,       90.0000,        3.0000,     2024.0000,      312.4179,       18.3133,       43.3980,        0.1822,      435.5992,        0.4070,    97508.8239,        2.6748,       29.5115,       37.8311,       40.9222,  313.7811,0.187495,  2.6472E-05
     -122.0000,       37.5000,       25.0000,        0.0000,       12.0000,      172.0000,        6.0000,     2024.0000,      307.0423,        9.3948,      230.1314,        0.0742,      911.2188,        0.1843,    95968.7278,        0.5216,       30.6581,      -23.2563,       36.1023,  320.8795,0.181816,  5.8000E-06
      -18.0000,       65.0000,       52.0000,        0.0000,       10.0000,      355.0000,       12.0000,     2024.0000,      258.1847,        6.4277,       88.7978,        0.4910,      332.7372,        0.8332,    98972.9316,        2.0081,       79.5324,        9.7533,      -30.0697,  259.1800,0.231176,  5.2870E-06
       55.3000,       25.2000,        5.0000,        0.0000,       10.0000,      280.0000,       10.0000,     2024.0000,      276.0497,        6.1690,       94.9524,        0.7167,     1061.8975,        0.0892,    97063.8869,        3.0979,        3.1244,       28.3978,        1.8298,  287.1357,0.208811,  7.6636E-06
       -0.1300,       51.5100,       11.0000,        0.0000,        9.0000,       80.0000,        3.0000,     2024.0000,      275.8870,       13.6002,      333.8261,        0.5161,     1208.9608,        0.1717,    98044.4905,        0.8808,       42.2211,        6.1532,      103.3379,  275.8870,0.217810,  8.5448E-06
     -122.0000,       37.5000,       25.0000,        0.0000,       12.0000,      172.0000,        6.0000,     2024.0000,      290.4940,        1.3869,      341.6565,        0.5957,     1330.1189,        0.3135,    97618.8844,        3.0726,        7.3225,       -5.8409,      -54.8420,  316.6019,0.185238,  2.5433E-06
      -68.0000,      -16.5000,     3600.0000,        0.0000,       12.0000,      172.0000,        6.0000,     2024.0000,      287.9017,        7.2006,      255.4753,        0.3221,     1092.7332,        0.3558,    73080.5515,        3.0943,        2.2018,       27.0009,       66.5860,  295.4617,0.202151,  1.0189E-05
      151.2100,      -33.8700,       39.0000,        0.0000,       12.0000,      172.0000,        6.0000,     2024.0000,      261.4176,        4.0376,      148.3109,        0.8236,      877.0651,        0.2739,    90574.8382,        0.7796,       65.2441,        3.0563,     -115.7408,  270.9943,0.221725,  3.1907E-06
       -0.1300,       51.5100,       11.0000,        0.0000,        9.0000,       80.0000,        3.0000,     2024.0000,      300.8472,        4.8413,      215.7162,        0.8884,      969.1737,        0.1567,   101045.6844,        1.5061,       17.4509,      -19.3126,       -1.5562,  311.7640,0.189109,  5.1960E-06
       -0.1300,       51.5100,       11.0000,        0.0000,        9.0000,       80.0000,        3.0000,     2024.0000,      276.2335,        1.5449,      199.3326,        0.4663,      837.3827,        0.2841,    90515.8982,        1.0795,       32.8115,        2.6133,       10.1150,  287.6345,0.208412,  2.5428E-06
      -68.0000,      -16.5000,     3600.0000,        0.0000,       12.0000,      172.0000,        6.0000,     2024.0000,      305.0905,        1.7111,      211.6418,        0.0472,     1292.0288,        0.0881,    72863.4433,        3.2036,        8.7293,      -25.1524,        0.2025,  325.2164,0.178347,  3.3835E-06
      -18.0000,       65.0000,       52.0000,        0.0000,       10.0000,      355.0000,       12.0000,     2024.0000,      247.5363,       15.4170,      221.8609,        0.9404,       89.7387,        0.4968,    92949.5819,        0.6929,       64.0159,      -23.8951,      103.2869,  247.5363,0.240491,  7.1702E-06
       55.3000,       25.2000,        5.0000,        0.0000,       10.0000,      280.0000,       10.0000,     2024.0000,      281.0217,        6.8048,      237.8176,        0.5729,      923.5376,        0.0467,    91614.1064,        2.3849,       47.5181,      -27.2086,       15.8576,  290.9759,0.205739,  9.3564E-06
       25.0000,       23.5000,      200.0000,        0.0000,       11.0000,       90.0000,        3.0000,     2024.0000,      282.6609,       14.1434,      111.7984,        0.3061,      408.3340,        0.6089,    87840.3116,        4.9970,       56.8808,        4.2468,       55.2399,  283.3804,0.211816,  1.9615E-05
       -0.1300,       51.5100,       11.0000,        0.0000,        9.0000,       80.0000,        3.0000,     2024.0000,      275.9380,        0.5347,      265.1044,        0.9829,      597.4893,        0.7132,    95331.3744,        2.7151,       16.2022,      -17.5544,       28.2613,  278.3171,0.215866,  1.9419E-06
      151.2100,      -33.8700,       39.0000,        0.0000,       12.0000,      172.0000,        6.0000,     2024.0000,      256.9469,        6.6756,      139.1012,        0.3478,     1157.1300,        0.5592,    92160.4479,        0.7039,       77.1023,      -23.6411,       30.3592,  256.9469,0.232962,  4.8541E-06
      151.2100,      -33.8700,       39.0000,        0.0000,       12.0000,      172.0000,        6.0000,     2024.0000,      300.3689,        6.7834,       63.7622,        0.6481,     1001.7875,        0.3410,    95875.3669,        2.2387,       64.9608,       -6.1911,       47.4659,  300.3689,0.198225,  7.9309E-06
       -0.1300,       51.5100,       11.0000,        0.0000,        9.0000,       80.0000,        3.0000,     2024.0000,      316.4720,        9.8463,      297.3803,        0.4514,     1187.7852,        0.6319,    98052.5955,        1.5701,       32.6274,        5.7925,        9.9331,  320.8291,0.181857,  6.7766E-06
     -112.0700,       33.4500,      331.0000,        0.0000,       13.0000,      200.0000,        7.0000,     2024.0000,      318.4182,        6.9505,      351.0028,        0.3799,     1294.9642,        0.3167,    95111.1702,        3.9532,       44.6946,      -30.5479,       58.5513,  329.9429,0.174566,  8.4114E-06
       55.3000,       25.2000,        5.0000,        0.0000,       10.0000,      280.0000,       10.0000,     2024.0000,      292.8067,        1.1785,      301.4249,        0.2890,      905.8912,        0.3339,   101321.2144,        1.6109,       32.1436,       27.5217,       67.3892,  300.9227,0.197782,  2.2743E-06
       55.3000,       25.2000,        5.0000,        0.0000,       10.0000,      280.0000,       10.0000,     2024.0000,      305.1904,        2.7114,       96.4490,        0.7793,      641.1326,        0.0159,    96731.8011,        1.6433,       27.7550,       28.9097,      -61.8587,  320.2054,0.182356,  3.3636E-06
      103.8200,        1.3500,       15.0000,       30.0000,       14.0000,      120.0000,        4.0000,     2024.0000,      281.2438,        5.4635,      170.3480,        0.9006,      958.4821,        0.9208,    93762.3285,        1.0473,       10.8137,        0.5637,      101.2119,  282.8358,0.212251,  5.6993E-06
     -122.0000,       37.5000,       25.0000,        0.0000,       12.0000,      172.0000,        6.0000,     2024.0000,      304.5081,        8.1874,      223.2796,        0.3479,     1228.6555,        0.3185,    96121.1137,        2.5249,       33.4370,       12.6990,       37.0249,  316.2708,0.185503,  8.9417E-06
      103.8200,        1.3500,       15.0000,       30.0000,       14.0000,      120.0000,        4.0000,     2024.0000,      321.6473,        4.6362,      256.1998,        0.6541,     1178.1928,        0.9493,    99855.1239,        2.4043,       32.4371,       27.9183,       -6.3399,  322.2201,0.180744,  5.9219E-06
       -0.1300,       51.5100,       11.0000,        0.0000,        9.0000,       80.0000,        3.0000,     2024.0000,      279.6028,        6.0522,      249.6141,        0.5020,      423.5104,        0.3644,    98348.8379,        1.8885,       56.6765,       14.3258,     -112.6239,  282.7591,0.212313,  8.3363E-06
       55.3000,       25.2000,        5.0000,        0.0000,       10.0000,      280.0000,       10.0000,     2024.0000,      287.0037,        2.3874,      205.8898,        0.7593,      686.3363,        0.3896,    93554.1641,        2.7581,       24.0432,       -9.9800,       46.7083,  293.9168,0.203387,  3.4613E-06
       -0.1300,       51.5100,       11.0000,        0.0000,        9.0000,       80.0000,        3.0000,     2024.0000,      277.7232,        9.7535,      121.1210,        0.6226,      497.0218,        0.7158,    93813.9685,        2.0958,       36.2717,       30.9872,      108.1961,  277.7232,0.216341,  1.0382E-05
     -122.0000,       37.5000,       25.0000,        0.0000,       12.0000,      172.0000,        6.0000,     2024.0000,      282.9306,       11.8843,      287.2815,        0.2476,     1349.9944,        0.3295,    94073.6953,        2.4942,       21.5884,       17.2078,      108.6437,  291.8097,0.205072,  1.4989E-05
     -112.0700,       33.4500,      331.0000,        0.0000,       13.0000,      200.0000,        7.0000,     2024.0000,      292.8912,        8.6635,      235.5319,        0.4989,     1013.4695,        0.2430,    92590.5763,        1.9899,       17.8210,        5.8566,      -78.6105,  303.4679,0.195746,  8.4759E-06
      -68.0000,      -16.5000,     3600.0000,        0.0000,       12.0000,      172.0000,        6.0000,     2024.0000,      261.9695,        2.6563,      167.9777,        0.4321,     1271.9993,        0.2740,    68690.5153,        3.1271,       28.8590,       -3.6653,       -7.2575,  270.0895,0.222448,  3.8369E-06
       25.0000,       23.5000,      200.0000,        0.0000,       11.0000,       90.0000,        3.0000,     2024.0000,      307.7760,       18.9183,       20.6926,        0.2163,      452.2358,        0.4552,    93731.5162,        4.4546,       13.2917,      -21.2582,       71.2070,  309.2612,0.191111,  2.3574E-05
       55.3000,       25.2000,        5.0000,        0.0000,       10.0000,      280.0000,       10.0000,     2024.0000,      305.2829,       11.4289,      157.0958,        0.4891,      879.5351,        0.0702,    94193.4271,        2.2773,       40.1936,       28.9267,     -105.4197,  312.5685,0.188465,  1.3395E-05
      151.2100,      -33.8700,       39.0000,        0.0000,       12.0000,      172.0000,        6.0000,     2024.0000,      271.0625,       11.0651,       19.3603,        0.5063,      815.6015,        0.3531,    93331.6489,        2.1267,       45.6199,      -19.4725,     -114.0508,  275.1239,0.218421,  9.7506E-06
      -18.0000,       65.0000,       52.0000,        0.0000,       10.0000,      355.0000,       12.0000,     2024.0000,      263.1101,        7.0037,      256.0667,        0.7595,      671.3679,        0.6632,    97978.1828,        3.0344,       51.8478,      -21.8806,       10.1880,  265.1615,0.226391,  7.2217E-06
       25.0000,       23.5000,      200.0000,        0.0000,       11.0000,       90.0000,        3.0000,     2024.0000,      294.1855,       22.4306,      142.9809,        0.0136,       65.7812,        0.6307,    97406.1570,        4.7518,        4.5097,      -17.7095,       31.3817,  294.3210,0.203063,  3.0884E-05
     -122.0000,       37.5000,       25.0000,        0.0000,       12.0000,      172.0000,        6.0000,     2024.0000,      316.6307,        6.1389,      292.3821,        0.3630,      945.9162,        0.4201,    95546.5016,        2.9006,       30.4441,       28.5306,       39.1115,  324.7646,0.178708,  9.3625E-06
     -122.0000,       37.5000,       25.0000,        0.0000,       12.0000,      172.0000,        6.0000,     2024.0000,      287.5960,        1.0934,      151.1361,        0.2210,      835.8695,        0.3204,    99607.7463,        3.2292,       54.6272,       13.0182,       50.0637,  299.0138,0.199309,  2.3876E-06
       -0.1300,       51.5100,       11.0000,        0.0000,        9.0000,       80.0000,        3.0000,     2024.0000,      298.0948,       13.7006,      122.1867,        0.8577,     1087.5775,        0.3456,    87692.2107,        1.5568,        5.9114,       23.0840,      -60.4661,  302.5752,0.196460,  1.3631E-05
     -122.0000,       37.5000,       25.0000,        0.0000,       12.0000,      172.0000,        6.0000,     2024.0000,      314.9737,        5.9160,      261.1556,        0.0000,     1208.3406,        0.4334,    98132.0207,        2.2968,       25.2992,      -21.0324,      -12.8614,  327.4434,0.176565,  7.7624E-06
       25.0000,       23.5000,      200.0000,        0.0000,       11.0000,       90.0000,        3.0000,     2024.0000,      314.7968,       20.7851,       20.7206,        0.0206,      818.0487,        0.7733,    91058.5090,        3.3555,       16.8651,      -11.9096,       65.1656,  315.8680,0.185826,  2.3373E-05
     -122.0000,       37.5000,       25.0000,        0.0000,       12.0000,      172.0000,        6.0000,     2024.0000,      313.4710,        8.5211,      356.1633,        0.4671,     1184.5435,        0.0239,    97047.3647,        0.7035,        5.7799,       31.0281,      -54.5944,  334.9656,0.170548,  7.3539E-06
     -122.0000,       37.5000,       25.0000,        0.0000,       12.0000,      172.0000,        6.0000,     2024.0000,      303.4458,        1.1063,      329.1115,        0.3728,     1224.7511,        0.4467,    99157.4589,        3.4474,       32.9294,      -27.1161,        9.8726,  320.8626,0.181830,  3.2850E-06
       -0.1300,       51.5100,       11.0000,        0.0000,        9.0000,       80.0000,        3.0000,     2024.0000,      282.9528,       13.3313,      116.4873,        0.7569,      935.5973,        0.4699,    89668.7999,        0.9038,       35.6692,      -29.1175,       29.6724,  285.8345,0.209852,  7.8980E-06
      -68.0000,      -16.5000,     3600.0000,        0.0000,       12.0000,      172.0000,        6.0000,     2024.0000,      272.4430,        3.3472,      309.7072,        0.0517,     1223.4818,        0.0665,    61845.2848,        2.0380,       11.6995,       17.7274,      111.6605,  294.1587,0.203193,  4.2420E-06
      103.8200,        1.3500,       15.0000,       30.0000,       14.0000,      120.0000,        4.0000,     2024.0000,      297.8014,        6.1480,      239.5035,        0.8844,      937.1517,        0.9277,    95532.2341,        1.9276,        4.9196,      -17.7316,      -82.0661,  298.7335,0.199533,  6.4201E-06
       -0.1300,       51.5100,       11.0000,        0.0000,        9.0000,       80.0000,        3.0000,     2024.0000,      301.4486,        1.3634,      150.4356,        0.4386,     1255.7535,        0.3982,    87510.9667,        1.7886,       65.3752,        5.6019,      -79.0085,  323.2576,0.179914,  2.0172E-06
      103.8200,        1.3500,       15.0000,       30.0000,       14.0000,      120.0000,        4.0000,     2024.0000,      315.2476,        3.7090,      133.6221,        0.6681,     1024.3068,        0.7813,    90246.0650,        0.7856,       30.1927,      -28.0719,      -10.8977,  318.1155,0.184028,  4.0444E-06
      103.8200,        1.3500,       15.0000,       30.0000,       14.0000,      120.0000,        4.0000,     2024.0000,      293.9072,        7.6044,      119.9565,        0.8954,      852.0319,        0.9688,    91488.7787,        1.2400,        6.2446,      -17.9617,       -1.4797,  294.2871,0.203090,  6.8292E-06
       55.3000,       25.2000,        5.0000,        0.0000,       10.0000,      280.0000,       10.0000,     2024.0000,      280.3869,        7.5451,      298.4072,        0.7151,     1205.0682,        0.2146,    87255.4636,        1.8116,       16.5152,        4.8073,      -14.5181,  295.2646,0.202308,  5.5535E-06
     -122.0000,       37.5000,       25.0000,        0.0000,       12.0000,      172.0000,        6.0000,     2024.0000,      314.5594,       11.7574,      147.9753,        0.3373,      927.9476,        0.3181,    96198.1622,        1.5006,       33.4350,        2.0060,     -130.6408,  321.4696,0.181344,  1.2453E-05
     -112.0700,       33.4500,      331.0000,        0.0000,       13.0000,      200.0000,        7.0000,     2024.0000,      284.8388,        0.8052,      238.4800,        0.2007,      835.0756,        0.1474,    95156.0098,        3.4293,       48.3990,       29.8150,       58.8767,  301.3790,0.197417,  2.3231E-06
       55.3000,       25.2000,        5.0000,        0.0000,       10.0000,      280.0000,       10.0000,     2024.0000,      309.2290,        2.4930,      175.4662,        0.7547,     1132.8349,        0.4393,    97112.6402,        4.2575,       40.0795,      -21.6391,       47.3606,  317.3450,0.184644,  3.2605E-06
      151.2100,      -33.8700,       39.0000,        0.0000,       12.0000,      172.0000,        6.0000,     2024.0000,      316.2596,        2.0665,       32.9723,        0.3437,      471.5843,        0.3540,    98361.2832,        2.4279,       81.5339,      -12.8916,      -24.6423,  316.2596,0.185512,  3.8953E-06
      -18.0000,       65.0000,       52.0000,        0.0000,       10.0000,      355.0000,       12.0000,     2024.0000,      263.1554,       13.8378,      186.5515,        0.7030,       98.6476,        0.3708,    91507.7351,        2.3959,       85.7521,       -4.8013,       18.0011,  263.6009,0.227639,  1.4999E-05
      -68.0000,      -16.5000,     3600.0000,        0.0000,       12.0000,      172.0000,        6.0000,     2024.0000,      296.4797,       11.3116,      285.7746,        0.3849,     1073.0981,        0.1173,    60143.8745,        2.4845,       35.1568,      -25.4159,      109.8709,  304.4739,0.194941,  1.2214E-05
      -18.0000,       65.0000,       52.0000,        0.0000,       10.0000,      355.0000,       12.0000,     2024.0000,      242.0520,        5.0069,       61.7041,        0.5959,      249.2945,        0.9018,    99721.6665,        0.8135,       84.5647,      -11.6513,       38.3485,  242.2920,0.244686,  3.3407E-06
       25.0000,       23.5000,      200.0000,        0.0000,       11.0000,       90.0000,        3.0000,     2024.0000,      299.8780,       22.0316,      164.5721,        0.0940,      576.4985,        0.8224,    94670.5584,        3.2086,       22.8979,       -0.3115,      -64.3312,  300.5354,0.198092,  2.7693E-05
       25.0000,       23.5000,      200.0000,        0.0000,       11.0000,       90.0000,        3.0000,     2024.0000,      318.0372,       14.3367,      143.3861,        0.1263,      570.8084,        0.8416,    85731.3902,        4.3635,       32.0128,       33.4330,       15.9195,  318.7020,0.183558,  1.7577E-05
     -122.0000,       37.5000,       25.0000,        0.0000,       12.0000,      172.0000,        6.0000,     2024.0000,      297.4896,        8.7358,      163.1366,        0.6382,     1189.0471,        0.3196,    91703.5994,        3.1866,       25.9293,        3.0622,     -138.1640,  306.5926,0.193246,  1.1228E-05
      -68.0000,      -16.5000,     3600.0000,        0.0000,       12.0000,      172.0000,        6.0000,     2024.0000,      253.2933,        7.6195,      332.1872,        0.2165,     1077.6869,        0.0993,    60523.3143,        1.9104,        6.8550,       18.1802,       17.9474,  264.2192,0.227145,  5.4209E-06
       -0.1300,       51.5100,       11.0000,        0.0000,        9.0000,       80.0000,        3.0000,     2024.0000,      254.3202,        4.0462,      113.1892,        0.4535,      786.2174,        0.1342,    89299.4866,        2.5347,       41.5101,       -9.5302,      121.9270,  254.3202,0.235064,  4.7771E-06
       25.0000,       23.5000,      200.0000,        0.0000,       11.0000,       90.0000,        3.0000,     2024.0000,      314.4303,       22.1418,      206.6561,        0.3985,      172.9300,        0.8466,    86653.8867,        3.8729,        9.1698,       31.9364,        1.6772,  314.5714,0.186863,  2.1182E-05
     -112.0700,       33.4500,      331.0000,        0.0000,       13.0000,      200.0000,        7.0000,     2024.0000,      290.9468,        0.1506,      226.3314,        0.3345,     1320.5107,        0.0098,    88489.5274,        2.2382,       26.3878,       13.6692,      -79.8346,  324.8595,0.178632,  1.5113E-06
     -122.0000,       37.5000,       25.0000,        0.0000,       12.0000,      172.0000,        6.0000,     2024.0000,      287.7584,        3.8138,      247.8965,        0.2019,     1267.4317,        0.2480,    88462.3761,        2.9595,       45.8998,        3.8941,       43.2181,  304.6813,0.194775,  5.3703E-06
      151.2100,      -33.8700,       39.0000,        0.0000,       12.0000,      172.0000,        6.0000,     2024.0000,      260.9604,        2.8143,       12.3737,        0.8292,      466.2295,        0.4450,    92756.0717,        0.8733,       55.5889,       28.2103,     -108.7410,  264.4430,0.226966,  2.6023E-06
      151.2100,      -33.8700,       39.0000,        0.0000,       12.0000,      172.0000,        6.0000,     2024.0000,      285.6539,        2.4520,       31.2265,        0.8837,      497.7726,        0.0494,   101227.4250,        1.7608,       33.9532,       -8.2325,      112.0416,  293.8672,0.203426,  3.0753E-06
      103.8200,        1.3500,       15.0000,       30.0000,       14.0000,      120.0000,        4.0000,     2024.0000,      295.4086,        6.6662,      205.4802,        0.6884,      922.0436,        0.6140,    97825.3664,        1.7133,       14.3114,      -24.3562,     -105.5998,  299.4589,0.198953,  7.4543E-06
      103.8200,        1.3500,       15.0000,       30.0000,       14.0000,      120.0000,        4.0000,     2024.0000,      310.5701,        1.7600,      263.4031,        0.6713,     1024.8800,        0.9506,    97910.7952,        1.8830,       20.3564,        5.5490,       10.8457,  311.6177,0.189226,  2.6010E-06
       -0.1300,       51.5100,       11.0000,        0.0000,        9.0000,       80.0000,        3.0000,     2024.0000,      272.2362,        2.6202,      137.8198,        0.4680,     1118.3052,        0.5663,    98328.8697,        0.9944,       65.7335,        0.5539,      -88.8029,  284.1730,0.211182,  2.1672E-06
     -112.0700,       33.4500,      331.0000,        0.0000,       13.0000,      200.0000,        7.0000,     2024.0000,      307.5821,        6.3139,      268.2178,        0.0261,      888.5196,        0.3976,    92947.8530,        3.7570,       28.3850,       23.2318,       13.6660,  315.8727,0.185822,  8.2982E-06
     -122.0000,       37.5000,       25.0000,        0.0000,       12.0000,      172.0000,        6.0000,     2024.0000,      308.0994,        3.0377,      344.8044,        0.0090,      866.7822,        0.2838,    95834.0422,        2.8841,       41.2448,        9.0292,     -107.9783,  318.3237,0.183861,  4.2396E-06
       55.3000,       25.2000,        5.0000,        0.0000,       10.0000,      280.0000,       10.0000,     2024.0000,      296.7066,        1.2372,      207.5135,        0.1886,     1023.7009,        0.1320,    96939.8816,        3.8291,       20.4681,        0.0803,       92.6552,  310.0107,0.190511,  2.6011E-06
     -122.0000,       37.5000,       25.0000,        0.0000,       12.0000,      172.0000,        6.0000,     2024.0000,      315.5767,        6.4934,      286.6478,        0.3888,      967.5101,        0.3262,    99482.9462,        1.0754,       43.5653,       -3.3540,      -34.9542,  328.3016,0.175879,  7.1896E-06
       -0.1300,       51.5100,       11.0000,        0.0000,        9.0000,       80.0000,        3.0000,     2024.0000,      267.2159,        6.2073,      239.6599,        0.9371,      728.1844,        0.5665,    90889.7271,        3.0449,        5.8157,       12.5773,       20.2701,  269.6162,0.222827,  6.1792E-06
     -122.0000,       37.5000,       25.0000,        0.0000,       12.0000,      172.0000,        6.0000,     2024.0000,      294.2812,        4.3962,      160.3274,        0.0941,     1091.1366,        0.4368,    95139.2866,        3.5218,       39.7541,        1.0954,      108.2225,  303.2403,0.195928,  6.6351E-06
      151.2100,      -33.8700,       39.0000,        0.0000,       12.0000,      172.0000,        6.0000,     2024.0000,      285.5657,        4.3224,      124.0354,        0.4211,      893.0964,        0.1815,    90132.9709,        2.6093,       48.4175,       12.7088,        7.8665,  285.5657,0.210067,  5.0192E-06
       55.3000,       25.2000,        5.0000,        0.0000,       10.0000,      280.0000,       10.0000,     2024.0000,      316.1428,        8.2902,      176.0354,        0.4570,      887.4539,        0.2216,    92090.2283,        3.5356,       18.3704,      -24.8401,     -109.6862,  323.5771,0.179658,  9.5304E-06
      -18.0000,       65.0000,       52.0000,        0.0000,       10.0000,      355.0000,       12.0000,     2024.0000,      236.2347,       12.5928,      190.6196,        0.6673,      393.1627,        0.8636,    87020.0114,        2.9561,       74.8907,       17.3087,        1.7010,  236.6631,0.249190,  1.3956E-05
       25.0000,       23.5000,      200.0000,        0.0000,       11.0000,       90.0000,        3.0000,     2024.0000,      284.4514,       16.1677,      208.3456,        0.2412,      944.0352,        0.6336,    98308.6441,        4.0731,        6.4322,       16.6540,       90.4334,  286.9167,0.208987,  1.9649E-05
      -18.0000,       65.0000,       52.0000,        0.0000,       10.0000,      355.0000,       12.0000,     2024.0000,      255.1793,       14.5702,      143.3694,        0.9165,       87.3974,        0.6693,    98048.3377,        1.1242,       55.9515,      -29.2017,        8.7299,  255.4017,0.234199,  8.6875E-06
      -18.0000,       65.0000,       52.0000,        0.0000,       10.0000,      355.0000,       12.0000,     2024.0000,      262.0109,       13.3725,       54.7340,        0.7191,      652.9556,        0.6347,   100097.9271,        1.8351,       68.1123,       15.8498,      123.7984,  262.0109,0.228911,  1.2655E-05
       55.3000,       25.2000,        5.0000,        0.0000,       10.0000,      280.0000,       10.0000,     2024.0000,      275.1451,        3.9382,      248.7063,        0.7830,      692.2140,        0.4169,    93407.1643,        4.3430,       42.7910,      -20.4491,      -44.4907,  283.2458,0.211923,  5.5571E-06
       -0.1300,       51.5100,       11.0000,        0.0000,        9.0000,       80.0000,        3.0000,     2024.0000,      309.7440,        6.3212,      303.6636,        0.8879,      817.0982,        0.5796,   101074.5191,        2.9967,       63.7032,        3.7174,       -7.4536,  314.3990,0.187001,  1.0774E-05
      103.8200,        1.3500,       15.0000,       30.0000,       14.0000,      120.0000,        4.0000,     2024.0000,      280.8463,        6.1279,      304.5011,        0.7805,      732.2047,        0.7761,    95709.9734,        2.3099,       16.2975,       -4.7622,       66.0159,  283.4857,0.211731,  6.7965E-06
      -18.0000,       65.0000,       52.0000,        0.0000,       10.0000,      355.0000,       12.0000,     2024.0000,      238.7049,       12.4110,       68.8976,        0.6979,      514.5775,        0.9255,    98743.1741,        1.1361,       81.5501,       -5.2905,      -84.5101,  239.0003,0.247320,  8.2313E-06
       -0.1300,       51.5100,       11.0000,        0.0000,        9.0000,       80.0000,        3.0000,     2024.0000,      298.4230,       13.7077,      169.0337,        0.9034,     1273.3951,        0.1285,    97145.6562,        2.8969,       49.4012,      -10.2700,       84.2281,  298.4230,0.199782,  1.5218E-05
      -18.0000,       65.0000,       52.0000,        0.0000,       10.0000,      355.0000,       12.0000,     2024.0000,      263.7631,        8.7549,       77.5511,        0.4636,      124.1412,        0.7879,    96064.9864,        2.1821,       64.3965,       21.9136,      -24.9350,  264.0950,0.227244,  8.4210E-06
      103.8200,        1.3500,       15.0000,       30.0000,       14.0000,      120.0000,        4.0000,     2024.0000,      310.1721,        5.1247,      284.6692,        0.7880,      950.4482,        0.6005,    89350.1628,        0.5315,       23.8889,      -19.9187,      -43.5315,  314.8306,0.186656,  3.1350E-06
       25.0000,       23.5000,      200.0000,        0.0000,       11.0000,       90.0000,        3.0000,     2024.0000,      306.8302,       18.7836,      187.8522,        0.2493,      494.4207,        0.8016,    86687.5225,        3.2414,       53.6019,       13.5816,       96.5440,  307.0502,0.192880,  2.8910E-05
      151.2100,      -33.8700,       39.0000,        0.0000,       12.0000,      172.0000,        6.0000,     2024.0000,      312.1638,        7.6002,       27.9982,        0.5574,      722.6540,        0.2846,   100346.7752,        2.9431,       64.0315,        8.9639,      -60.1022,  312.1638,0.188789,  9.4270E-06
      103.8200,        1.3500,       15.0000,       30.0000,       14.0000,      120.0000,        4.0000,     2024.0000,      288.1908,        7.1707,       94.6555,        0.6577,      944.1936,        0.6553,    99939.0395,        2.0461,       39.1477,       29.9476,     -124.6212,  290.1059,0.206435,  7.2693E-06
       55.3000,       25.2000,        5.0000,        0.0000,       10.0000,      280.0000,       10.0000,     2024.0000,      306.7077,        6.9772,      166.2368,        0.5817,      746.0749,        0.0120,    88978.2317,        3.1943,        4.7160,       -0.3408,        4.8767,  316.0524,0.185678,  8.4895E-06
       55.3000,       25.2000,        5.0000,        0.0000,       10.0000,      280.0000,       10.0000,     2024.0000,      279.8861,        1.2205,      213.6266,        0.1692,      728.6101,        0.3006,    90646.7325,        2.5718,       21.6755,       19.4064,        2.6459,  291.9247,0.204980,  2.6773E-06
      103.8200,        1.3500,       15.0000,       30.0000,       14.0000,      120.0000,        4.0000,     2024.0000,      283.6800,        7.4456,      207.9715,        0.7427,     1206.7015,        0.6185,    94218.7595,        1.7638,       16.6390,        2.6576,       37.2987,  290.3938,0.206205,  5.8593E-06
     -112.0700,       33.4500,      331.0000,        0.0000,       13.0000,      200.0000,        7.0000,     2024.0000,      308.3810,        3.5144,      225.0262,        0.1035,     1199.6977,        0.0801,   100098.2626,        1.8045,       36.0169,       12.3824,       52.6586,  335.5261,0.170099,  4.2550E-06
      103.8200,        1.3500,       15.0000,       30.0000,       14.0000,      120.0000,        4.0000,     2024.0000,      282.0488,        2.7678,      101.3446,        0.6706,     1170.0026,        0.7966,    91701.9631,        1.9693,        9.7824,       23.1865,       63.8028,  286.8940,0.209005,  3.3123E-06
      103.8200,        1.3500,       15.0000,       30.0000,       14.0000,      120.0000,        4.0000,     2024.0000,      285.5394,        7.7869,       71.5148,        0.9201,     1017.9549,        0.7330,    87887.7797,        2.0065,       33.9355,       -4.0763,     -113.0870,  287.3605,0.208632,  6.8004E-06
      -18.0000,       65.0000,       52.0000,        0.0000,       10.0000,      355.0000,       12.0000,     2024.0000,      258.8866,       18.1941,       27.6165,        0.9161,      595.2604,        0.7146,    98099.9188,        2.0767,       85.7187,       -5.0326,       12.4198,  260.0139,0.230509,  1.1567E-05
      151.2100,      -33.8700,       39.0000,        0.0000,       12.0000,      172.0000,        6.0000,     2024.0000,      279.1004,        3.3631,      162.0106,        0.2387,     1156.4113,        0.5482,    88688.0743,        2.1551,       28.9184,       12.1756,       35.2855,  280.8518,0.213839,  3.5411E-06
      151.2100,      -33.8700,       39.0000,        0.0000,       12.0000,      172.0000,        6.0000,     2024.0000,      280.0634,        2.7273,       44.8940,        0.2785,      650.2617,        0.2592,    93703.6165,        1.5875,       63.4132,      -25.8734,       -8.5926,  280.0634,0.214469,  3.7957E-06
     -122.0000,       37.5000,       25.0000,        0.0000,       12.0000,      172.0000,        6.0000,     2024.0000,      294.2551,        1.0595,      169.0767,        0.1649,      733.0800,        0.0829,    86606.6654,        0.6857,       17.4311,       -7.7650,     -111.9226,  315.2386,0.186329,  1.4222E-06
       25.0000,       23.5000,      200.0000,        0.0000,       11.0000,       90.0000,        3.0000,     2024.0000,      321.3152,       21.6031,       17.4762,        0.1963,      150.5801,        0.8166,    96515.4461,        3.8086,       54.7130,       15.6843,      119.5867,  321.3533,0.181437,  2.8446E-05
      103.8200,        1.3500,       15.0000,       30.0000,       14.0000,      120.0000,        4.0000,     2024.0000,      272.6090,        1.3048,       54.0176,        0.8662,      939.0407,        0.7359,    89591.7990,        0.9015,       15.9637,      -28.4806,     -118.8477,  277.1230,0.216822,  1.9631E-06
     -112.0700,       33.4500,      331.0000,        0.0000,       13.0000,      200.0000,        7.0000,     2024.0000,      292.9063,        1.5263,      285.8854,        0.0041,     1121.7693,        0.0961,    98277.3435,        3.6392,        9.9381,        3.5984,     -100.5070,  318.8887,0.183409,  3.2488E-06
      103.8200,        1.3500,       15.0000,       30.0000,       14.0000,      120.0000,        4.0000,     2024.0000,      311.4332,        9.4613,      274.8995,        0.7027,      667.3448,        0.7634,    89142.2250,        1.3667,       29.8800,        9.9606,       64.0554,  313.8841,0.187413,  8.7426E-06
      -68.0000,      -16.5000,     3600.0000,        0.0000,       12.0000,      172.0000,        6.0000,     2024.0000,      306.6471,       10.0587,      221.6139,        0.2613,      930.6705,        0.3839,    71572.5895,        2.1521,       12.5790,       30.8189,      -37.4511,  311.2159,0.189547,  6.8342E-06
       25.0000,       23.5000,      200.0000,        0.0000,       11.0000,       90.0000,        3.0000,     2024.0000,      279.2411,       19.8748,       21.7429,        0.3071,      740.1288,        0.9509,    99327.9142,        3.9707,       53.3551,        4.7112,      131.1181,  279.2955,0.215084,  2.1422E-05
      -68.0000,      -16.5000,     3600.0000,        0.0000,       12.0000,      172.0000,        6.0000,     2024.0000,      265.1447,       10.6745,      158.7860,        0.3986,      923.6539,        0.3628,    74997.1531,        2.0373,       26.6871,       21.2095,       53.5069,  268.9770,0.223338,  1.0880E-05
       25.0000,       23.5000,      200.0000,        0.0000,       11.0000,       90.0000,        3.0000,     2024.0000,      302.5095,       16.5639,      188.6003,        0.0875,      891.9262,        0.4734,   100370.7111,        3.1547,       18.7843,      -15.4664,      -80.0865,  306.2130,0.193550,  1.9903E-05
       -0.1300,       51.5100,       11.0000,        0.0000,        9.0000,       80.0000,        3.0000,     2024.0000,      288.9083,        4.9408,      302.6083,        0.3678,      653.7391,        0.5997,    92624.1160,        2.8372,        8.3280,       17.6132,      -83.7220,  291.5484,0.205281,  6.7247E-06
      -18.0000,       65.0000,       52.0000,        0.0000,       10.0000,      355.0000,       12.0000,     2024.0000,      245.4350,       16.0018,       24.2995,        0.5157,      391.5312,        0.5045,    97918.8010,        0.6552,       69.1054,       -3.6683,      -86.0287,  246.7373,0.241130,  7.1307E-06
       -0.1300,       51.5100,       11.0000,        0.0000,        9.0000,       80.0000,        3.0000,     2024.0000,      269.7339,       13.0490,      243.7214,        0.9422,     1224.2221,        0.6994,    95373.2205,        2.2825,       47.2531,       27.1926,       65.9655,  269.7339,0.222733,  1.3107E-05
       25.0000,       23.5000,      200.0000,        0.0000,       11.0000,       90.0000,        3.0000,     2024.0000,      313.9124,       14.2370,      157.3446,        0.1675,      967.1175,        0.6310,    90124.4501,        4.5155,       51.0704,       11.6826,      -80.2115,  316.7021,0.185158,  1.8126E-05
       25.0000,       23.5000,      200.0000,        0.0000,       11.0000,       90.0000,        3.0000,     2024.0000,      280.7321,       20.4967,      102.1925,        0.2855,      950.3838,        0.4851,    86019.8253,        3.8662,        4.0487,       21.3091,       63.6560,  283.5434,0.211685,  2.2222E-05
     -122.0000,       37.5000,       25.0000,        0.0000,       12.0000,      172.0000,        6.0000,     2024.0000,      290.5845,        1.0995,      275.2337,        0.0295,      962.1496,        0.0305,    88806.3015,        0.6274,       14.9326,      -13.4500,       25.5198,  322.3169,0.180666,  1.5208E-06
      103.8200,        1.3500,       15.0000,       30.0000,       14.0000,      120.0000,        4.0000,     2024.0000,      297.1585,        7.0380,      279.7443,        0.7880,     1107.5807,        0.9778,    96660.7666,        2.1061,       24.6600,       -2.3501,     -113.6281,  297.3891,0.200609,  8.2527E-06
      103.8200,        1.3500,       15.0000,       30.0000,       14.0000,      120.0000,        4.0000,     2024.0000,      279.7810,        6.3601,      266.1326,        0.6359,     1357.1957,        0.6106,    88979.3846,        2.2033,       15.3944,       30.6381,      -93.0147,  284.7940,0.210685,  7.6458E-06
      151.2100,      -33.8700,       39.0000,        0.0000,       12.0000,      172.0000,        6.0000,     2024.0000,      319.6048,        5.0026,       49.9389,        0.3863,      950.0468,        0.1995,    94470.3077,        1.7024,       27.4481,       -3.8304,     -104.2537,  329.8960,0.174603,  5.9478E-06
     -112.0700,       33.4500,      331.0000,        0.0000,       13.0000,      200.0000,        7.0000,     2024.0000,      310.3164,        4.3680,      252.9578,        0.1579,     1356.1675,        0.1291,    95635.0962,        1.5362,       16.9077,        4.2468,        1.9104,  339.4568,0.166955,  5.4435E-06
      -18.0000,       65.0000,       52.0000,        0.0000,       10.0000,      355.0000,       12.0000,     2024.0000,      262.4917,        7.0172,      122.2522,        0.9395,       92.0217,        0.4356,    85357.0244,        2.5079,       60.0293,       10.5372,       33.7636,  262.8415,0.228247,  8.4686E-06
      -68.0000,      -16.5000,     3600.0000,        0.0000,       12.0000,      172.0000,        6.0000,     2024.0000,      298.4722,        5.3724,      169.2032,        0.4683,      937.0548,        0.3913,    61036.9080,        2.9051,       39.0161,       12.4539,      -41.4856,  301.5692,0.197265,  5.9103E-06
      151.2100,      -33.8700,       39.0000,        0.0000,       12.0000,      172.0000,        6.0000,     2024.0000,      301.1319,        5.0319,      178.4569,        0.3749,      500.0576,        0.3630,    92159.2370,        1.8965,       30.3048,       19.0850,       35.6969,  301.9441,0.196965,  6.0966E-06
     -122.0000,       37.5000,       25.0000,        0.0000,       12.0000,      172.0000,        6.0000,     2024.0000,      279.8694,        5.8773,      331.8265,        0.4909,     1218.1165,        0.2427,    92255.2046,        1.4164,       32.2392,      -24.2572,      -65.4530,  296.1341,0.201613,  5.6064E-06
       55.3000,       25.2000,        5.0000,        0.0000,       10.0000,      280.0000,       10.0000,     2024.0000,      307.7945,        5.5853,      236.9950,        0.4187,     1178.3200,        0.4427,    92707.0314,        3.3948,       19.8792,        4.2569,       45.1552,  316.1965,0.185563,  7.7943E-06
       -0.1300,       51.5100,       11.0000,        0.0000,        9.0000,       80.0000,        3.0000,     2024.0000,      255.7729,        8.3418,      324.6312,        0.7574,      780.9338,        0.4123,    95444.9138,        1.9483,       31.8624,       -8.3041,       56.4188,  257.3886,0.232609,  9.1666E-06
      -18.0000,       65.0000,       52.0000,        0.0000,       10.0000,      355.0000,       12.0000,     2024.0000,      248.2993,        9.8799,      180.6088,        0.6688,      376.4777,        0.3947,    93806.4530,        1.9467,       66.9690,        6.8217,      -77.6479,  250.2005,0.238360,  6.7309E-06
      103.8200,        1.3500,       15.0000,       30.0000,       14.0000,      120.0000,        4.0000,     2024.0000,      300.2270,        2.0831,      176.2838,        0.8596,     1330.9580,        0.6329,    88370.9678,        1.2446,       23.5073,      -16.0136,       71.6303,  313.4011,0.187799,  2.7399E-06
       25.0000,       23.5000,      200.0000,        0.0000,       11.0000,       90.0000,        3.0000,     2024.0000,      282.1636,       19.1969,       97.5386,        0.3800,      527.2908,        0.9376,    91584.5837,        3.2187,        3.4623,       17.3757,       21.7609,  282.3733,0.212621,  2.1060E-05
     -122.0000,       37.5000,       25.0000,        0.0000,       12.0000,      172.0000,        6.0000,     2024.0000,      293.2776,        1.2124,      147.0357,        0.2544,     1121.8702,        0.3138,    94023.5476,        2.7740,       52.6820,        8.4742,        6.5140,  311.0388,0.189689,  2.3526E-06
      -68.0000,      -16.5000,     3600.0000,        0.0000,       12.0000,      172.0000,        6.0000,     2024.0000,      253.4301,        2.8788,      318.8137,        0.1215,     1234.4389,        0.2417,    72316.0371,        3.1474,       43.4292,       -3.3876,       99.7999,  267.3020,0.224678,  4.7768E-06
     -122.0000,       37.5000,       25.0000,        0.0000,       12.0000,      172.0000,        6.0000,     2024.0000,      316.0290,        7.6193,      208.6321,        0.5503,     1319.3314,        0.2434,    92147.9394,        0.8737,       18.4329,       17.6218,       11.5288,  337.4717,0.168543,  7.3682E-06
      151.2100,      -33.8700,       39.0000,        0.0000,       12.0000,      172.0000,        6.0000,     2024.0000,      268.3926,        6.4584,       45.6378,        0.4796,      956.4950,        0.5079,    98651.7531,        0.9372,       61.6483,       26.6801,      -35.5460,  268.3926,0.223806,  4.9197E-06
       25.0000,       23.5000,      200.0000,        0.0000,       11.0000,       90.0000,        3.0000,     2024.0000,      289.8187,       19.8613,      202.4272,        0.3066,      242.6176,        0.5841,    95456.5488,        4.3841,        6.5918,       36.4154,      -48.6487,  290.3667,0.206227,  2.1729E-05
     -112.0700,       33.4500,      331.0000,        0.0000,       13.0000,      200.0000,        7.0000,     2024.0000,      304.0537,        2.8492,      345.1613,        0.2310,      986.5730,        0.3921,    93721.5288,        0.9656,       27.4402,       14.5068,       74.4479,  321.2019,0.181558,  2.8825E-06
      -18.0000,       65.0000,       52.0000,        0.0000,       10.0000,      355.0000,       12.0000,     2024.0000,      236.6103,       12.1504,      141.5084,        0.8446,       63.1616,        0.9344,    93400.8568,        1.7620,       71.7739,        2.8787,      -46.2803,  236.6572,0.249194,  9.9944E-06
     -122.0000,       37.5000,       25.0000,        0.0000,       12.0000,      172.0000,        6.0000,     2024.0000,      321.5652,       10.6384,      283.0452,        0.0994,      959.0705,        0.3920,    98148.3732,        0.5323,       25.1210,      -20.4304,      -38.9992,  332.3174,0.172666,  8.2361E-06
       25.0000,       23.5000,      200.0000,        0.0000,       11.0000,       90.0000,        3.0000,     2024.0000,      303.1584,       24.8992,       87.3724,        0.1709,      390.2044,        0.9695,   100706.2506,        3.0354,        3.8509,      -11.8674,      131.7860,  303.2183,0.195945,  2.3250E-05
       -0.1300,       51.5100,       11.0000,        0.0000,        9.0000,       80.0000,        3.0000,     2024.0000,      283.1232,       12.0079,      208.7339,        0.6741,      724.4496,        0.7062,    92267.5934,        0.5280,       10.7162,      -13.6103,     -121.7479,  284.9470,0.210562,  8.1261E-06
      151.2100,      -33.8700,       39.0000,        0.0000,       12.0000,      172.0000,        6.0000,     2024.0000,      318.4293,        7.8295,        7.5571,        0.5715,     1135.9538,        0.2827,    98073.9877,        2.6091,       30.4374,       27.3474,      -75.4141,  322.5986,0.180441,  1.1116E-05
      -68.0000,      -16.5000,     3600.0000,        0.0000,       12.0000,      172.0000,        6.0000,     2024.0000,      267.9345,        1.2878,      194.2381,        0.1180,      948.5856,        0.1965,    67055.9056,        2.5914,       41.2464,      -17.2957,     -124.9355,  285.3039,0.210277,  3.0118E-06
      151.2100,      -33.8700,       39.0000,        0.0000,       12.0000,      172.0000,        6.0000,     2024.0000,      294.6168,        8.0887,       67.1992,        0.2960,      491.6051,        0.4268,    89068.2921,        2.8533,       78.5750,      -14.3666,      -25.0147,  294.6168,0.202827,  8.8977E-06
      -18.0000,       65.0000,       52.0000,        0.0000,       10.0000,      355.0000,       12.0000,     2024.0000,      247.1471,       15.2876,      167.1983,        0.6583,      400.2590,        0.6629,    94945.1885,        0.6911,       88.1872,       -2.4471,       99.8838,  247.1471,0.240802,  9.5400E-06
     -112.0700,       33.4500,      331.0000,        0.0000,       13.0000,      200.0000,        7.0000,     2024.0000,      307.5474,        9.5956,      318.0675,        0.0862,     1093.8710,        0.0740,    94106.4926,        2.7017,       54.7371,        0.4119,      110.6193,  316.8971,0.185002,  1.0694E-05
      103.8200,        1.3500,       15.0000,       30.0000,       14.0000,      120.0000,        4.0000,     2024.0000,      304.0229,        0.1711,      183.3490,        0.8270,      790.1863,        0.9425,   100541.6515,        1.5844,       32.3543,       23.6173,       11.9341,  304.9120,0.194590,  1.5073E-06
       25.0000,       23.5000,      200.0000,        0.0000,       11.0000,       90.0000,        3.0000,     2024.0000,      285.8078,       24.4912,      161.8488,        0.1877,      938.3229,        0.3961,    91975.8862,        3.1205,        9.2969,       25.3579,      114.1944,  288.3105,0.207872,  3.3805E-05
      103.8200,        1.3500,       15.0000,       30.0000,       14.0000,      120.0000,        4.0000,     2024.0000,      301.6581,        6.3766,       88.3003,        0.8668,      563.0213,        0.6904,    88248.5441,        2.5628,       12.0651,      -19.0460,       17.3796,  303.8682,0.195425,  9.7178E-06
     -112.0700,       33.4500,      331.0000,        0.0000,       13.0000,      200.0000,        7.0000,     2024.0000,      287.6983,        1.9585,      207.2151,        0.1136,     1171.0116,        0.2380,    98375.2748,        3.7460,        0.5982,       16.4951,      -27.3034,  309.8693,0.190625,  4.3380E-06
       55.3000,       25.2000,        5.0000,        0.0000,       10.0000,      280.0000,       10.0000,     2024.0000,      299.1221,       10.6742,      117.1825,        0.6988,     1286.2320,        0.1741,    99991.1257,        2.7374,       16.1973,       30.2186,       -9.1128,  308.8501,0.191440,  1.0113E-05
       -0.1300,       51.5100,       11.0000,        0.0000,        9.0000,       80.0000,        3.0000,     2024.0000,      294.0441,        7.7451,      246.4056,        0.8690,      483.2729,        0.1571,    94247.3109,        0.9474,       50.5797,      -13.9113,       34.3019,  296.7697,0.201104,  5.3360E-06
       25.0000,       23.5000,      200.0000,        0.0000,       11.0000,       90.0000,        3.0000,     2024.0000,      314.4209,       22.9773,      105.6577,        0.3843,      961.2003,        0.8516,   101322.2101,        3.1063,       19.1733,      -11.4839,       77.4568,  315.1344,0.186412,  2.9716E-05
      -18.0000,       65.0000,       52.0000,        0.0000,       10.0000,      355.0000,       12.0000,     2024.0000,      236.0519,        4.4053,      162.5853,        0.6202,      246.0996,        0.4012,    85420.2625,        2.4896,       80.4891,       15.9419,     -100.4437,  236.8686,0.249025,  4.9523E-06
      -68.0000,      -16.5000,     3600.0000,        0.0000,       12.0000,      172.0000,        6.0000,     2024.0000,      298.8166,        8.7737,      227.6309,        0.3858,      990.3736,        0.1517,    68228.8939,        3.1363,       43.4020,       27.3975,      -39.6446,  301.0990,0.197641,  9.1221E-06
       -0.1300,       51.5100,       11.0000,        0.0000,        9.0000,       80.0000,        3.0000,     2024.0000,      261.6343,        5.4374,      154.4612,        0.5349,      577.9952,        0.2467,    94349.9529,        2.8428,       42.9204,       20.0721,      120.2572,  261.6343,0.229213,  7.4902E-06
      -68.0000,      -16.5000,     3600.0000,        0.0000,       12.0000,      172.0000,        6.0000,     2024.0000,      300.5420,       11.5308,      173.2516,        0.3854,     1360.3122,        0.3669,    73140.3327,        0.5326,       28.5264,      -16.6486,       51.3556,  308.1408,0.192007,  7.5786E-06
       25.0000,       23.5000,      200.0000,        0.0000,       11.0000,       90.0000,        3.0000,     2024.0000,      284.0290,       18.0197,      199.0916,        0.1738,      766.0889,        0.8430,    97301.4226,        3.7081,        7.4756,        5.9043,       -2.1218,  284.9007,0.210599,  1.7917E-05
      -18.0000,       65.0000,       52.0000,        0.0000,       10.0000,      355.0000,       12.0000,     2024.0000,      234.9908,        4.1345,      105.2730,        0.6684,        8.6661,        0.7453,    99619.2364,        2.0296,       70.9520,       -7.8482,      108.8665,  234.9908,0.250527,  3.7486E-06
       55.3000,       25.2000,        5.0000,        0.0000,       10.0000,      280.0000,       10.0000,     2024.0000,      303.4308,        1.2406,      113.5364,        0.7169,      894.9809,        0.2512,    95122.9938,        3.1145,       45.5592,       31.4005,      -60.1835,  320.3880,0.182210,  3.5887E-06
      151.2100,      -33.8700,       39.0000,        0.0000,       12.0000,      172.0000,        6.0000,     2024.0000,      313.4217,        8.5009,      182.9075,        0.6170,     1149.7315,        0.3247,    91996.5425,        2.8201,       86.0989,       -2.5269,       30.8773,  313.4217,0.187783,  1.1119E-05
      151.2100,      -33.8700,       39.0000,        0.0000,       12.0000,      172.0000,        6.0000,     2024.0000,      316.1504,       11.4032,       13.3751,        0.7814,     1168.7403,        0.3519,    91450.6756,        2.1173,       30.7568,       -8.3390,      -74.5005,  319.6855,0.182772,  1.2645E-05
      -18.0000,       65.0000,       52.0000,        0.0000,       10.0000,      355.0000,       12.0000,     2024.0000,      263.2479,        3.3997,      203.6888,        0.9746,      451.4239,        0.5617,    99666.9809,        0.8419,       60.6022,       17.0540,     -109.9873,  263.8330,0.227454,  2.5331E-06
      -68.0000,      -16.5000,     3600.0000,        0.0000,       12.0000,      172.0000,        6.0000,     2024.0000,      257.9013,       15.4536,      232.5049,        0.2791,     1194.2068,        0.2753,    75623.2612,        2.4634,       22.7105,      -19.8713,      -47.9462,  261.9565,0.228955,  1.5994E-05
      103.8200,        1.3500,       15.0000,       30.0000,       14.0000,      120.0000,        4.0000,     2024.0000,      310.8950,        4.5510,      244.1889,        0.7340,      552.4684,        0.9782,    98262.9870,        1.1577,        2.8064,       -2.4162,        1.1775,  311.1335,0.189613,  3.9272E-06
       55.3000,       25.2000,        5.0000,        0.0000,       10.0000,      280.0000,       10.0000,     2024.0000,      278.4407,        9.5549,      191.9970,        0.1629,     1014.8067,        0.4288,    99446.3440,        3.5678,       27.2385,        0.3026,     -102.8058,  284.6400,0.210808,  9.5785E-06
       -0.1300,       51.5100,       11.0000,        0.0000,        9.0000,       80.0000,        3.0000,     2024.0000,      257.2633,       11.6540,      122.8438,        0.3505,      531.2949,        0.6985,    88086.5001,        0.8687,        4.0618,       10.6462,       65.9752,  258.3101,0.231872,  7.0209E-06
      151.2100,      -33.8700,       39.0000,        0.0000,       12.0000,      172.0000,        6.0000,     2024.0000,      264.4434,       11.8134,      174.8467,        0.3379,      793.5458,        0.5633,    97390.0861,        2.7642,       83.2002,      -13.5324,      -99.1209,  265.1632,0.226389,  1.1737E-05
       55.3000,       25.2000,        5.0000,        0.0000,       10.0000,      280.0000,       10.0000,     2024.0000,      281.0486,        0.9941,      228.3039,        0.4291,      641.2632,        0.3087,    92526.1096,        3.2084,       21.8391,      -21.4238,       92.2110,  287.0596,0.208872,  2.6866E-06
      -18.0000,       65.0000,       52.0000,        0.0000,       10.0000,      355.0000,       12.0000,     2024.0000,      235.8742,        8.5947,      153.6337,        0.5469,       51.7784,        0.3002,   100820.0790,        1.0615,       89.9784,        9.0459,      -96.3572,  236.1090,0.249633,  5.0700E-06
      103.8200,        1.3500,       15.0000,       30.0000,       14.0000,      120.0000,        4.0000,     2024.0000,      319.6468,        2.2199,      164.2865,        0.9141,      955.4122,        0.7734,    95515.0207,        1.9004,        6.4421,      -15.0870,        3.8467,  324.2328,0.179134,  3.8605E-06
     -122.0000,       37.5000,       25.0000,        0.0000,       12.0000,      172.0000,        6.0000,     2024.0000,      308.1160,       10.3150,      271.0981,        0.6886,      949.0884,        0.2807,    89943.9195,        0.7952,       17.4428,       16.3729,       -5.2658,  320.7598,0.181912,  5.7133E-06
      103.8200,        1.3500,       15.0000,       30.0000,       14.0000,      120.0000,        4.0000,     2024.0000,      305.1672,        6.8145,      150.9439,        0.8467,      837.7100,        0.8570,   100609.3576,        0.7689,       33.7785,       -9.2905,      -26.9827,  306.2233,0.193541,  5.4308E-06
     -122.0000,       37.5000,       25.0000,        0.0000,       12.0000,      172.0000,        6.0000,     2024.0000,      289.2134,        6.6315,      286.6460,        0.3369,     1064.7419,        0.0677,    98719.1780,        3.2922,       20.7483,        3.1464,        3.3853,  305.8743,0.193821,  9.0269E-06
       55.3000,       25.2000,        5.0000,        0.0000,       10.0000,      280.0000,       10.0000,     2024.0000,      317.9879,        9.8735,       56.0524,        0.3608,      840.8179,        0.2261,    89434.1096,        4.3751,       28.3853,      -17.0528,      109.3271,  320.8284,0.181857,  1.2688E-05
       -0.1300,       51.5100,       11.0000,        0.0000,        9.0000,       80.0000,        3.0000,     2024.0000,      280.8085,        2.6063,      144.5530,        0.3888,      658.7897,        0.3608,    97399.1689,        2.5316,       52.1104,       27.7798,       86.7544,  280.8085,0.213873,  3.3164E-06
       25.0000,       23.5000,      200.0000,        0.0000,       11.0000,       90.0000,        3.0000,     2024.0000,      303.3964,       24.6727,       54.3357,        0.0265,      780.9923,        0.9808,   100625.6407,        3.7850,        1.3524,      -11.3444,      -11.7023,  303.4762,0.195739,  2.8707E-05
       -0.1300,       51.5100,       11.0000,        0.0000,        9.0000,       80.0000,        3.0000,     2024.0000,      304.0635,        1.6811,      108.0800,        0.6354,      969.5721,        0.3223,   101015.4405,        0.9102,       44.6408,       26.7479,      -63.9020,  322.1649,0.180788,  2.2572E-06
      103.8200,        1.3500,       15.0000,       30.0000,       14.0000,      120.0000,        4.0000,     2024.0000,      282.9797,        6.1149,      261.7745,        0.7466,     1125.1408,        0.7158,    95911.9096,        1.0778,       22.6597,      -29.5174,        3.0101,  287.0224,0.208902,  3.2183E-06
      -18.0000,       65.0000,       52.0000,        0.0000,       10.0000,      355.0000,       12.0000,     2024.0000,      250.0083,       10.5322,      182.1971,        0.6201,        4.1214,        0.8487,    91129.2586,        1.0034,       73.0086,      -24.3948,       63.3584,  250.0083,0.238513,  5.8141E-06
      103.8200,        1.3500,       15.0000,       30.0000,       14.0000,      120.0000,        4.0000,     2024.0000,      292.5046,        9.3022,      160.8584,        0.8279,     1076.4149,        0.9981,   100318.4717,        2.5665,       28.4955,       15.7816,      -18.2703,  292.5180,0.204506,  1.0187E-05
     -112.0700,       33.4500,      331.0000,        0.0000,       13.0000,      200.0000,        7.0000,     2024.0000,      291.0363,       10.6567,      215.2189,        0.2780,     1092.9649,        0.0334,    91907.6994,        2.8556,       30.2548,       20.1608,       14.5876,  302.5335,0.196493,  1.3031E-05
      -18.0000,       65.0000,       52.0000,        0.0000,       10.0000,      355.0000,       12.0000,     2024.0000,      236.7230,       19.5658,      193.3325,        0.4909,      243.1172,        0.6387,    91161.9303,        0.9709,       67.9286,       26.4259,      -45.1369,  237.4619,0.248551,  1.0466E-05
       -0.1300,       51.5100,       11.0000,        0.0000,        9.0000,       80.0000,        3.0000,     2024.0000,      297.5435,        5.3097,      348.7039,        0.7324,     1193.9847,        0.1625,    87033.2756,        2.9206,       16.7642,       24.1320,       -5.6351,  307.9953,0.192124,  7.3633E-06
       -0.1300,       51.5100,       11.0000,        0.0000,        9.0000,       80.0000,        3.0000,     2024.0000,      261.0406,        9.7722,      337.8897,        0.4373,     1131.0577,        0.3037,    94661.6606,        1.4010,       48.1417,      -23.7086,       93.4969,  261.0406,0.229688,  9.7242E-06
      103.8200,        1.3500,       15.0000,       30.0000,       14.0000,      120.0000,        4.0000,     2024.0000,      302.4682,        5.4900,       71.2701,        0.8364,     1190.0112,        0.7030,    92664.5217,        1.9621,       21.6618,      -14.0149,       45.2107,  308.4105,0.191792,  4.9164E-06
      -18.0000,       65.0000,       52.0000,        0.0000,       10.0000,      355.0000,       12.0000,     2024.0000,      242.6444,       11.9817,       23.1737,        0.5277,      603.5975,        0.7363,    90665.9730,        2.3992,       82.6355,       14.2657,      120.2621,  242.6444,0.244405,  9.8737E-06
      -68.0000,      -16.5000,     3600.0000,        0.0000,       12.0000,      172.0000,        6.0000,     2024.0000,      251.9785,        9.8727,      219.1318,        0.0549,      901.7020,        0.2784,    76168.6513,        2.2848,       38.9588,       -1.7064,       19.2054,  253.8592,0.235433,  9.6983E-06
      103.8200,        1.3500,       15.0000,       30.0000,       14.0000,      120.0000,        4.0000,     2024.0000,      315.8169,       10.1828,       71.7459,        0.7673,      982.8476,        0.9043,    87698.5998,        1.3692,       31.2034,       17.0762,      -34.9509,  316.4118,0.185391,  1.0702E-05
     -112.0700,       33.4500,      331.0000,        0.0000,       13.0000,      200.0000,        7.0000,     2024.0000,      296.5567,        3.8085,      337.4659,        0.3102,     1030.5293,        0.0061,    86076.1249,        0.9647,       14.7387,      -19.5813,       58.3220,  323.7242,0.179541,  4.1200E-06
     -122.0000,       37.5000,       25.0000,        0.0000,       12.0000,      172.0000,        6.0000,     2024.0000,      278.9617,        9.3254,      330.9608,        0.1482,     1228.5381,        0.3951,    96903.3288,        3.1409,        1.8730,      -23.9947,      -98.6754,  287.6868,0.208371,  9.3595E-06
      -18.0000,       65.0000,       52.0000,        0.0000,       10.0000,      355.0000,       12.0000,     2024.0000,      252.1630,       11.6618,      119.4416,        0.5965,      627.7214,        0.2663,    91674.2502,        2.9860,       54.0833,        3.7651,      -43.0601,  256.0298,0.233696,  9.6500E-06
      -68.0000,      -16.5000,     3600.0000,        0.0000,       12.0000,      172.0000,        6.0000,     2024.0000,      279.7364,        1.8416,      226.5815,        0.2325,      898.2038,        0.2227,    73277.8047,        2.4476,        9.0341,      -30.9662,       -4.8445,  290.7261,0.205939,  2.9212E-06
      -68.0000,      -16.5000,     3600.0000,        0.0000,       12.0000,      172.0000,        6.0000,     2024.0000,      246.8937,        3.0794,      241.1364,        0.0792,     1357.5669,        0.0213,    73246.4102,        2.4592,        9.0328,      -31.1712,       71.3390,  266.4565,0.225355,  4.1684E-06
      151.2100,      -33.8700,       39.0000,        0.0000,       12.0000,      172.0000,        6.0000,     2024.0000,      300.6644,        7.0841,      102.1134,        0.7587,     1173.1224,        0.4616,    94509.0340,        2.5842,       67.8770,       25.3680,      -67.4941,  300.6644,0.197988,  9.9701E-06
      151.2100,      -33.8700,       39.0000,        0.0000,       12.0000,      172.0000,        6.0000,     2024.0000,      310.2807,        7.2051,       63.4867,        0.4194,      786.7679,        0.1568,    89959.3991,        2.7038,       36.2071,      -15.3961,      -18.1586,  310.2807,0.190295,  7.9626E-06
      103.8200,        1.3500,       15.0000,       30.0000,       14.0000,      120.0000,        4.0000,     2024.0000,      321.5489,        5.6556,       90.1832,        0.6888,      585.4178,        0.6867,    99051.0481,        0.6651,       14.8512,       -2.6266,       75.6957,  325.7977,0.177882,  4.0849E-06
       -0.1300,       51.5100,       11.0000,        0.0000,        9.0000,       80.0000,        3.0000,     2024.0000,      295.5344,        2.2305,      185.8662,        0.6914,      975.9983,        0.2269,    98454.2490,        0.5867,       48.6180,       29.3631,      124.6638,  295.5344,0.202092,  2.3141E-06
     -112.0700,       33.4500,      331.0000,        0.0000,       13.0000,      200.0000,        7.0000,     2024.0000,      317.8638,       10.4205,      341.5483,        0.0202,     1100.8872,        0.1072,    91882.8415,        1.7660,       31.9806,        7.2385,       98.5627,  331.8785,0.173017,  8.7035E-06
      151.2100,      -33.8700,       39.0000,        0.0000,       12.0000,      172.0000,        6.0000,     2024.0000,      315.0520,        9.9093,       38.6971,        0.7076,      506.1667,        0.1352,    98739.6133,        2.7412,       32.9623,       21.3579,      128.5637,  319.0570,0.183274,  1.2995E-05
       25.0000,       23.5000,      200.0000,        0.0000,       11.0000,       90.0000,        3.0000,     2024.0000,      299.9705,       22.0843,      193.4708,        0.3436,      579.3577,        0.8846,    95017.9081,        2.9066,       40.1852,       -3.1908,       11.7623,  300.3477,0.198242,  2.0358E-05
      -18.0000,       65.0000,       52.0000,        0.0000,       10.0000,      355.0000,       12.0000,     2024.0000,      239.0120,       18.6361,      166.7515,        0.7011,      370.3742,        0.7562,    89228.7779,        2.8232,       56.0151,      -15.1200,      -40.0562,  239.5115,0.246911,  1.4408E-05
      -18.0000,       65.0000,       52.0000,        0.0000,       10.0000,      355.0000,       12.0000,     2024.0000,      242.7520,        5.9425,      125.0923,        0.5211,      671.1134,        0.4124,    99401.6089,        2.3183,       60.4934,       22.7095,      -76.7061,  246.4815,0.241335,  6.4461E-06
      151.2100,      -33.8700,       39.0000,        0.0000,       12.0000,      172.0000,        6.0000,     2024.0000,      294.7987,        9.3693,       36.0793,        0.5411,      692.2102,        0.2545,    88946.1746,        1.1997,       81.3630,        0.2221,       77.2141,  294.7987,0.202681,  7.0469E-06
      103.8200,        1.3500,       15.0000,       30.0000,       14.0000,      120.0000,        4.0000,     2024.0000,      275.8536,        8.2318,       64.5108,        0.9891,     1356.2741,        0.9969,    91565.8163,        2.1260,       23.0894,      -27.7674,      -28.2765,  275.8845,0.217812,  7.5836E-06
     -112.0700,       33.4500,      331.0000,        0.0000,       13.0000,      200.0000,        7.0000,     2024.0000,      320.9335,        4.2820,      326.1414,        0.4411,      852.2346,        0.3204,    96650.3458,        3.4700,       49.9306,       -0.7906,       50.5196,  331.7026,0.173158,  7.4763E-06
      103.8200,        1.3500,       15.0000,       30.0000,       14.0000,      120.0000,        4.0000,     2024.0000,      294.5222,        2.2940,      122.3220,        0.7743,     1344.8306,        0.7343,    91781.1693,        1.6651,       31.0869,       24.1391,       16.9077,  300.5330,0.198094,  2.8251E-06
      151.2100,      -33.8700,       39.0000,        0.0000,       12.0000,      172.0000,        6.0000,     2024.0000,      295.3105,        5.6844,      176.0009,        0.2806,      673.4350,        0.2243,    94236.0318,        2.0863,       52.7611,       18.1867,      -74.0879,  296.7549,0.201116,  6.1656E-06
      -68.0000,      -16.5000,     3600.0000,        0.0000,       12.0000,      172.0000,        6.0000,     2024.0000,      259.0301,        0.0898,      353.1950,        0.4133,     1297.6913,        0.0165,    77065.6653,        0.5845,       23.6857,       -0.8112,      102.5552,  294.4194,0.202984,  7.8253E-07
     -122.0000,       37.5000,       25.0000,        0.0000,       12.0000,      172.0000,        6.0000,     2024.0000,      306.3515,        0.8977,      238.7514,        0.4173,     1199.3000,        0.3072,    95007.8827,        1.7717,       13.5098,       27.4788,      -46.4242,  330.7239,0.173941,  2.5070E-06
      103.8200,        1.3500,       15.0000,       30.0000,       14.0000,      120.0000,        4.0000,     2024.0000,      310.6815,        8.6042,      247.6749,        0.9785,     1238.1985,        0.9263,   100296.3973,        1.6476,        8.7044,       14.7843,      -63.8854,  311.7328,0.189134,  9.1454E-06
      151.2100,      -33.8700,       39.0000,        0.0000,       12.0000,      172.0000,        6.0000,     2024.0000,      278.4117,        5.4343,      139.6826,        0.4675,      449.0216,        0.3427,    97448.5623,        2.8001,       44.3431,      -31.3853,       30.6251,  278.4117,0.215791,  7.6595E-06
     -122.0000,       37.5000,       25.0000,        0.0000,       12.0000,      172.0000,        6.0000,     2024.0000,      285.0540,        8.5924,      202.5867,        0.3782,      886.4956,        0.1291,    94780.5661,        1.9031,       47.1481,      -24.0672,      -82.5141,  293.0454,0.204084,  9.8197E-06
     -122.0000,       37.5000,       25.0000,        0.0000,       12.0000,      172.0000,        6.0000,     2024.0000,      306.8625,        3.5848,      169.3642,        0.3802,      825.0050,        0.0194,    96809.1470,        0.8926,       45.4667,       26.7814,      -99.1488,  320.5354,0.182092,  3.2082E-06
      -68.0000,      -16.5000,     3600.0000,        0.0000,       12.0000,      172.0000,        6.0000,     2024.0000,      298.1569,        4.3928,      236.2886,        0.3134,     1153.3824,        0.1924,    60470.0594,        1.1350,        0.6267,        4.0978,       81.7775,  316.8919,0.185006,  4.6856E-06
     -122.0000,       37.5000,       25.0000,        0.0000,       12.0000,      172.0000,        6.0000,     2024.0000,      308.9315,        4.0161,      258.0041,        0.0901,      914.7671,        0.4171,    90694.4226,        3.2436,       40.5560,      -22.5734,      -91.7822,  316.8937,0.185005,  5.4151E-06
      103.8200,        1.3500,       15.0000,       30.0000,       14.0000,      120.0000,        4.0000,     2024.0000,      291.5319,        6.5567,      150.7972,        0.9822,      684.4349,        0.7723,    93597.5210,        0.8985,       12.1372,       28.0744,       95.5959,  294.3406,0.203048,  4.5746E-06
      151.2100,      -33.8700,       39.0000,        0.0000,       12.0000,      172.0000,        6.0000,     2024.0000,      295.9502,        5.4692,       82.2815,        0.2284,     1121.5021,        0.5448,    87674.0670,        2.3888,       30.8858,       13.2903,      -35.9121,  297.0687,0.200865,  6.9689E-06
      151.2100,      -33.8700,       39.0000,        0.0000,       12.0000,      172.0000,        6.0000,     2024.0000,      283.6227,        8.8204,       28.9752,        0.5007,      506.2138,        0.3308,   100922.0584,        1.0102,       36.6895,      -22.5147,     -114.2699,  287.5105,0.208512,  5.4883E-06
     -112.0700,       33.4500,      331.0000,        0.0000,       13.0000,      200.0000,        7.0000,     2024.0000,      299.2423,        5.1777,      204.8586,        0.4400,      895.2155,        0.1410,   100402.3987,        3.1224,       54.1083,       18.0370,     -130.9740,  303.5200,0.195704,  5.9433E-06
       25.0000,       23.5000,      200.0000,        0.0000,       11.0000,       90.0000,        3.0000,     2024.0000,      281.8303,       15.2909,       84.9763,        0.3537,      514.1343,        0.4619,    89760.9163,        3.9573,        1.7997,      -19.5322,      135.1931,  283.9094,0.211393,  1.7722E-05
       -0.1300,       51.5100,       11.0000,        0.0000,        9.0000,       80.0000,        3.0000,     2024.0000,      274.5778,        8.4602,      285.2954,        0.3591,      946.7159,        0.0608,   100386.4404,        2.5764,       28.0347,      -22.6919,       52.6917,  277.9110,0.216191,  9.5502E-06
     -122.0000,       37.5000,       25.0000,        0.0000,       12.0000,      172.0000,        6.0000,     2024.0000,      276.7904,        7.4616,      232.7639,        0.3076,      745.0965,        0.2351,   100403.8555,        1.7641,       51.2061,        2.1711,      -80.1917,  283.4633,0.211749,  7.2222E-06
       25.0000,       23.5000,      200.0000,        0.0000,       11.0000,       90.0000,        3.0000,     2024.0000,      307.7460,       20.8408,      157.6228,        0.1011,      717.4849,        0.9918,    90395.5862,        2.7848,       16.6226,       32.2836,      117.2928,  307.7724,0.192302,  1.9030E-05
       55.3000,       25.2000,        5.0000,        0.0000,       10.0000,      280.0000,       10.0000,     2024.0000,      290.1002,       10.7228,      122.7764,        0.7074,      658.7111,        0.1165,    91673.8957,        2.3443,        4.9547,       21.3080,      -55.3204,  295.7029,0.201958,  1.0464E-05
      103.8200,        1.3500,       15.0000,       30.0000,       14.0000,      120.0000,        4.0000,     2024.0000,      294.6611,        5.9115,      263.4066,        0.7819,     1115.8885,        0.8207,    92406.4280,        1.1138,       23.5978,       -9.6825,        3.0153,  297.5494,0.200480,  6.2154E-06
     -112.0700,       33.4500,      331.0000,        0.0000,       13.0000,      200.0000,        7.0000,     2024.0000,      305.9355,        2.8126,      337.2684,        0.0044,      951.7237,        0.2963,    89742.6240,        4.0066,       43.6139,       -3.5493,     -122.0509,  313.8365,0.187451,  4.2118E-06
     -122.0000,       37.5000,       25.0000,        0.0000,       12.0000,      172.0000,        6.0000,     2024.0000,      317.9728,        4.4509,      218.9763,        0.6807,      878.3748,        0.2411,    97771.4023,        2.5934,       19.6928,       12.1998,       25.6125,  332.1330,0.172814,  4.5746E-06
       55.3000,       25.2000,        5.0000,        0.0000,       10.0000,      280.0000,       10.0000,     2024.0000,      303.1013,        0.4126,      134.0200,        0.6805,     1006.7695,        0.1436,    87475.0290,        3.0952,        1.2236,       -3.9142,      -39.8832,  324.4474,0.178962,  2.1337E-06
       25.0000,       23.5000,      200.0000,        0.0000,       11.0000,       90.0000,        3.0000,     2024.0000,      315.2227,       22.9882,       75.3473,        0.4181,      278.9818,        0.8183,   100868.8709,        3.8622,       15.4721,       20.5039,      -12.5284,  315.5187,0.186105,  2.0604E-05
       55.3000,       25.2000,        5.0000,        0.0000,       10.0000,      280.0000,       10.0000,     2024.0000,      305.9210,        2.1875,       58.9767,        0.8220,     1138.2044,        0.2708,    92398.0752,        4.0305,       50.9549,        9.7882,      -22.3961,  326.8483,0.177041,  5.0971E-06
       55.3000,       25.2000,        5.0000,        0.0000,       10.0000,      280.0000,       10.0000,     2024.0000,      287.1516,        9.3831,      279.7070,        0.5002,      948.4489,        0.1790,    89063.1712,        3.5394,        2.7161,       -1.9084,       79.4217,  294.5094,0.202912,  1.0898E-05
     -112.0700,       33.4500,      331.0000,        0.0000,       13.0000,      200.0000,        7.0000,     2024.0000,      293.4410,        1.8607,      340.7157,        0.0520,     1010.9553,        0.1519,    97103.0954,        2.3449,       34.5322,       -6.9459,       43.9535,  316.9858,0.184931,  3.0195E-06
      -18.0000,       65.0000,       52.0000,        0.0000,       10.0000,      355.0000,       12.0000,     2024.0000,      234.0558,       10.7798,      138.0607,        0.4641,      340.7512,        0.9461,    94021.0931,        2.7914,       57.2597,      -26.6977,       47.3571,  234.0967,0.251243,  1.2327E-05
      -18.0000,       65.0000,       52.0000,        0.0000,       10.0000,      355.0000,       12.0000,     2024.0000,      233.4614,        8.4450,       47.4395,        0.8883,      324.5073,        0.6617,    89156.8262,        3.0729,       76.1813,       17.2395,      -70.5251,  234.4534,0.250957,  9.0905E-06
       25.0000,       23.5000,      200.0000,        0.0000,       11.0000,       90.0000,        3.0000,     2024.0000,      318.2431,       21.7589,      109.8513,        0.0445,      139.6827,        0.6399,    94652.7464,        4.1887,       46.2224,       17.4288,      -96.0820,  318.4986,0.183721,  2.4040E-05
      -18.0000,       65.0000,       52.0000,        0.0000,       10.0000,      355.0000,       12.0000,     2024.0000,      241.0316,       16.2960,      199.9268,        0.6474,      249.4957,        0.7398,    95496.8192,        2.3066,       64.3394,        9.6801,      109.1900,  241.0316,0.245695,  1.2455E-05
       55.3000,       25.2000,        5.0000,        0.0000,       10.0000,      280.0000,       10.0000,     2024.0000,      277.9268,        8.6516,      146.3655,        0.3767,      657.6313,        0.3060,    99939.0556,        4.1324,       23.3209,      -22.0479,       73.5309,  281.0678,0.213666,  1.0235E-05
       55.3000,       25.2000,        5.0000,        0.0000,       10.0000,      280.0000,       10.0000,     2024.0000,      274.9328,       11.3833,      278.7597,        0.7135,      811.2486,        0.1395,    93784.3068,        3.5677,       48.3359,       -9.1307,      107.0320,  275.1461,0.218403,  1.4597E-05
     -112.0700,       33.4500,      331.0000,        0.0000,       13.0000,      200.0000,        7.0000,     2024.0000,      289.6435,        5.8570,      311.0544,        0.0930,      990.2842,        0.0113,    90992.7919,        2.5570,       49.0138,       17.1402,       59.3089,  304.7165,0.194747,  7.0546E-06
       55.3000,       25.2000,        5.0000,        0.0000,       10.0000,      280.0000,       10.0000,     2024.0000,      318.9108,        7.0593,      106.4396,        0.7559,     1327.0900,        0.3858,    89572.1930,        2.4486,       30.5007,       -4.6254,      119.0975,  323.0967,0.180043,  9.9592E-06
       -0.1300,       51.5100,       11.0000,        0.0000,        9.0000,       80.0000,        3.0000,     2024.0000,      315.6824,        0.0233,      345.5507,        0.5260,      733.6978,        0.3162,    91552.2845,        1.5673,       46.9776,        6.5779,      -15.9054,  331.0733,0.173661,  1.5014E-06
      103.8200,        1.3500,       15.0000,       30.0000,       14.0000,      120.0000,        4.0000,     2024.0000,      298.5359,        9.1129,      272.2835,        0.9295,     1317.0877,        0.8932,    97556.5568,        0.6690,       37.0918,       13.0066,      122.5633,  301.3767,0.197419,  6.3295E-06
       55.3000,       25.2000,        5.0000,        0.0000,       10.0000,      280.0000,       10.0000,     2024.0000,      315.5323,        4.7815,      114.3911,        0.1848,      946.5318,        0.3048,    90793.2729,        1.6047,       29.2168,       26.6367,      -51.4149,  329.4008,0.174999,  5.9440E-06
     -112.0700,       33.4500,      331.0000,        0.0000,       13.0000,      200.0000,        7.0000,     2024.0000,      284.8601,        7.8879,      269.7950,        0.4416,      978.3867,        0.3308,    98624.6606,        1.4554,       41.7959,      -12.9802,       61.4220,  295.9532,0.201757,  6.2251E-06
       55.3000,       25.2000,        5.0000,        0.0000,       10.0000,      280.0000,       10.0000,     2024.0000,      313.4393,        8.0489,       94.7796,        0.4256,     1221.7693,        0.2728,    92348.7881,        3.6717,       39.6700,      -18.1069,      -69.3672,  325.9275,0.177778,  1.0948E-05
      151.2100,      -33.8700,       39.0000,        0.0000,       12.0000,      172.0000,        6.0000,     2024.0000,      262.3541,        0.6018,      115.3045,        0.6469,     1166.2421,        0.0834,    95562.2752,        0.7751,       47.8473,      -21.8390,      120.3354,  285.7485,0.209921,  1.0987E-06
     -122.0000,       37.5000,       25.0000,        0.0000,       12.0000,      172.0000,        6.0000,     2024.0000,      287.0039,        1.0463,      144.0412,        0.3005,     1054.4245,        0.3788,    92587.2610,        0.8993,        2.5053,       -5.5386,       98.7249,  308.6583,0.191593,  1.7009E-06
     -122.0000,       37.5000,       25.0000,        0.0000,       12.0000,      172.0000,        6.0000,     2024.0000,      314.1271,        9.5566,      333.7404,        0.3341,      796.5127,        0.1806,    86869.9033,        0.7682,        2.4696,      -21.5596,       53.1625,  326.2297,0.177536,  4.9042E-06
     -112.0700,       33.4500,      331.0000,        0.0000,       13.0000,      200.0000,        7.0000,     2024.0000,      312.3341,        5.9438,      194.2100,        0.4421,     1089.0437,        0.2473,   100794.8009,        2.2258,       35.7107,        2.8830,       72.5142,  327.8186,0.176265,  7.3888E-06
      151.2100,      -33.8700,       39.0000,        0.0000,       12.0000,      172.0000,        6.0000,     2024.0000,      284.4572,        6.6165,      171.3893,        0.4694,      698.3932,        0.2224,    89518.7996,        2.7802,       82.4166,       24.3074,       19.7467,  284.4572,0.210954,  8.8959E-06
      -18.0000,       65.0000,       52.0000,        0.0000,       10.0000,      355.0000,       12.0000,     2024.0000,      261.4565,       11.2445,       26.0161,        0.8143,      496.4995,        0.2580,    86514.4842,        0.6156,       53.8417,       -3.9235,       69.0316,  261.4565,0.229355,  6.2887E-06
       55.3000,       25.2000,        5.0000,        0.0000,       10.0000,      280.0000,       10.0000,     2024.0000,      290.6835,        5.8282,      304.4002,        0.2737,     1016.5511,        0.3338,    93533.4745,        1.8127,       14.4361,      -19.2431,       38.7580,  300.3585,0.198233,  6.9108E-06
      103.8200,        1.3500,       15.0000,       30.0000,       14.0000,      120.0000,        4.0000,     2024.0000,      313.6791,        2.9447,      168.8102,        0.8681,      743.7110,        0.9890,    90297.0381,        1.7595,       11.8441,       15.4427,      -93.6285,  313.8180,0.187466,  3.9241E-06
       25.0000,       23.5000,      200.0000,        0.0000,       11.0000,       90.0000,        3.0000,     2024.0000,      308.0596,       21.8533,      145.4476,        0.1087,      386.9818,        0.7015,    96322.7201,        3.1220,       48.3103,       -3.8464,      129.3550,  308.2898,0.191888,  2.1874E-05
      103.8200,        1.3500,       15.0000,       30.0000,       14.0000,      120.0000,        4.0000,     2024.0000,      317.9464,        4.0106,      145.4264,        0.9459,     1323.5530,        0.8445,    88969.6887,        0.8219,       36.3423,       20.5072,      122.9693,  323.4121,0.179790,  3.6121E-06
       -0.1300,       51.5100,       11.0000,        0.0000,        9.0000,       80.0000,        3.0000,     2024.0000,      262.7142,        8.4841,      198.7150,        0.4727,      405.7369,        0.2632,    95346.3372,        2.6996,       26.7065,      -12.4798,      110.3122,  262.7271,0.228338,  8.3570E-06
       -0.1300,       51.5100,       11.0000,        0.0000,        9.0000,       80.0000,        3.0000,     2024.0000,      296.4584,       13.2999,      296.8943,        0.7262,      599.7882,        0.4965,    93299.5056,        2.4291,       18.9912,       12.6544,       88.4328,  297.0585,0.200873,  1.7104E-05
       -0.1300,       51.5100,       11.0000,        0.0000,        9.0000,       80.0000,        3.0000,     2024.0000,      315.1807,        6.3696,      267.4748,        0.9133,      619.8839,        0.4684,    94293.0272,        2.9886,       13.6446,       22.8846,       85.0025,  316.6105,0.185232,  9.5271E-06
      151.2100,      -33.8700,       39.0000,        0.0000,       12.0000,      172.0000,        6.0000,     2024.0000,      288.8179,        4.7589,      174.9617,        0.2365,      942.7904,        0.5193,    97414.1790,        2.2265,       39.3792,      -30.9403,      -56.3326,  289.8305,0.206656,  5.7824E-06
      -68.0000,      -16.5000,     3600.0000,        0.0000,       12.0000,      172.0000,        6.0000,     2024.0000,      283.4128,        8.1351,      313.1651,        0.2267,     1324.1328,        0.3099,    76418.1501,        0.6442,       33.0191,      -17.2429,       12.1623,  289.1570,0.207194,  4.6723E-06
      103.8200,        1.3500,       15.0000,       30.0000,       14.0000,      120.0000,        4.0000,     2024.0000,      286.2730,       10.2316,      198.6963,        0.9600,      975.7798,        0.7069,    90994.9641,        0.9449,       18.7195,      -11.7375,       99.4792,  291.0141,0.205709,  5.8640E-06
      151.2100,      -33.8700,       39.0000,        0.0000,       12.0000,      172.0000,        6.0000,     2024.0000,      319.1559,        0.3635,      108.8518,        0.8026,      789.7772,        0.2654,    97490.8959,        2.3487,       63.9833,       -1.3552,     -106.5582,  328.2461,0.175923,  2.0594E-06
       55.3000,       25.2000,        5.0000,        0.0000,       10.0000,      280.0000,       10.0000,     2024.0000,      301.8996,        9.6870,      159.7331,        0.2536,     1220.0705,        0.0948,    90444.9552,        2.4680,       22.8813,       25.0420,      -90.1920,  314.1161,0.187227,  1.1253E-05
      103.8200,        1.3500,       15.0000,       30.0000,       14.0000,      120.0000,        4.0000,     2024.0000,      292.2744,       10.0464,      234.1318,        0.9577,     1065.6811,        0.8779,    92339.5122,        0.9667,       38.3892,        8.0028,     -115.9116,  293.0799,0.204056,  7.8042E-06
       25.0000,       23.5000,      200.0000,        0.0000,       11.0000,       90.0000,        3.0000,     2024.0000,      304.7261,       14.3890,       73.9730,        0.1909,       72.6691,        0.6260,    93297.9841,        4.4261,       18.5357,       17.2031,       72.2347,  304.9296,0.194576,  1.5369E-05
     -122.0000,       37.5000,       25.0000,        0.0000,       12.0000,      172.0000,        6.0000,     2024.0000,      309.9968,        9.8466,      326.4676,        0.3062,     1059.5621,        0.1850,    86551.1611,        1.4467,       58.2400,       23.7377,       -6.5890,  319.7240,0.182741,  9.4274E-06
       25.0000,       23.5000,      200.0000,        0.0000,       11.0000,       90.0000,        3.0000,     2024.0000,      316.5518,       19.5595,      172.2327,        0.3060,      116.9587,        0.4661,   100288.7746,        4.8460,        7.4930,      -13.1417,      -52.0961,  316.9825,0.184934,  2.5322E-05
      151.2100,      -33.8700,       39.0000,        0.0000,       12.0000,      172.0000,        6.0000,     2024.0000,      298.2658,        4.7286,       22.2712,        0.3551,      810.1934,        0.2343,    99855.0979,        3.0366,       77.2995,       21.3491,      -10.5234,  298.2658,0.199907,  6.7672E-06
     -112.0700,       33.4500,      331.0000,        0.0000,       13.0000,      200.0000,        7.0000,     2024.0000,      297.3956,        0.4495,      225.2427,        0.0694,     1217.4419,        0.2676,    89816.8940,        3.6734,        3.0194,      -30.5171,       46.8980,  321.8866,0.181011,  2.1908E-06
     -112.0700,       33.4500,      331.0000,        0.0000,       13.0000,      200.0000,        7.0000,     2024.0000,      315.1837,        9.5321,      243.9722,        0.4664,     1117.2444,        0.0818,    90507.4322,        4.0202,       23.6019,       -1.5439,       87.9356,  328.7796,0.175496,  1.3561E-05
      -68.0000,      -16.5000,     3600.0000,        0.0000,       12.0000,      172.0000,        6.0000,     2024.0000,      297.0072,        6.9463,      339.7513,        0.0470,      894.1343,        0.1962,    62579.7366,        2.0477,       29.3468,       -2.4308,      -70.7198,  304.5380,0.194890,  8.3729E-06
       -0.1300,       51.5100,       11.0000,        0.0000,        9.0000,       80.0000,        3.0000,     2024.0000,      301.1873,        7.6879,      266.9798,        0.6934,      969.9523,        0.3983,    91832.2838,        2.2595,       46.6384,       -0.7885,      -98.5868,  308.5804,0.191656,  1.0803E-05
      103.8200,        1.3500,       15.0000,       30.0000,       14.0000,      120.0000,        4.0000,     2024.0000,      288.7603,        1.3877,       60.3281,        0.8637,     1238.5666,        0.8478,    94794.5170,        1.1333,        6.2392,      -11.3645,       53.3333,  293.6050,0.203636,  2.1342E-06
      103.8200,        1.3500,       15.0000,       30.0000,       14.0000,      120.0000,        4.0000,     2024.0000,      311.8943,        4.6638,      304.2683,        0.8591,      703.8288,        0.7521,    94436.8987,        0.6843,       37.7319,       11.5315,      -76.6484,  312.9716,0.188143,  4.6656E-06
       55.3000,       25.2000,        5.0000,        0.0000,       10.0000,      280.0000,       10.0000,     2024.0000,      300.4841,        9.9709,       64.7617,        0.8342,     1164.6051,        0.0291,    89663.3506,        2.3692,       25.3836,       12.3206,       38.5267,  311.0976,0.189642,  9.4876E-06
      151.2100,      -33.8700,       39.0000,        0.0000,       12.0000,      172.0000,        6.0000,     2024.0000,      308.1978,        2.2627,      102.5196,        0.2395,     1069.1613,        0.2938,    93519.5256,        1.8811,       24.9720,      -31.3684,      -20.8211,  311.1287,0.189617,  3.9263E-06
      -68.0000,      -16.5000,     3600.0000,        0.0000,       12.0000,      172.0000,        6.0000,     2024.0000,      300.1231,        1.5804,      212.5862,        0.4904,     1306.3010,        0.2124,    63806.3919,        3.1355,       30.8768,       20.0551,     -125.2894,  323.8446,0.179444,  4.7879E-06
      -18.0000,       65.0000,       52.0000,        0.0000,       10.0000,      355.0000,       12.0000,     2024.0000,      257.3378,       14.2380,       88.0855,        0.7920,      173.5048,        0.6163,    93811.2223,        2.8970,       64.5892,       -7.2040,      -64.7636,  257.7725,0.232302,  1.5158E-05
       55.3000,       25.2000,        5.0000,        0.0000,       10.0000,      280.0000,       10.0000,     2024.0000,      299.6582,        6.4443,       69.3819,        0.8151,     1176.6172,        0.3611,    91016.0582,        3.8490,       19.3208,       17.4943,      -95.4210,  310.0580,0.190474,  6.5266E-06
      -18.0000,       65.0000,       52.0000,        0.0000,       10.0000,      355.0000,       12.0000,     2024.0000,      254.9207,       20.6199,      206.3607,        0.4831,       23.5361,        0.7785,   100544.5844,        1.3571,       83.4541,      -27.5373,        5.0007,  254.9568,0.234555,  1.5820E-05
      103.8200,        1.3500,       15.0000,       30.0000,       14.0000,      120.0000,        4.0000,     2024.0000,      287.0596,        5.3898,      186.0032,        0.7355,     1316.0787,        0.9543,    97460.6282,        0.6408,       19.8803,       -5.3739,       88.2684,  288.4907,0.207727,  4.4052E-06
      -68.0000,      -16.5000,     3600.0000,        0.0000,       12.0000,      172.0000,        6.0000,     2024.0000,      277.5382,       12.3347,      291.6469,        0.0101,     1122.6885,        0.2320,    74765.1464,        3.0914,       21.9440,       24.4794,      -95.3714,  283.6736,0.211581,  1.3596E-05
      -18.0000,       65.0000,       52.0000,        0.0000,       10.0000,      355.0000,       12.0000,     2024.0000,      254.0803,       20.3718,       68.3589,        0.9254,      231.3876,        0.8113,    88878.2515,        2.3264,       50.8922,       11.6629,       95.6552,  254.0804,0.235256,  1.9491E-05
       25.0000,       23.5000,      200.0000,        0.0000,       11.0000,       90.0000,        3.0000,     2024.0000,      301.9332,       18.5523,       21.2154,        0.0409,      921.4768,        0.6087,    89786.6769,        4.7619,       30.8663,        8.7161,       56.7080,  304.0165,0.195307,  1.9188E-05
       55.3000,       25.2000,        5.0000,        0.0000,       10.0000,      280.0000,       10.0000,     2024.0000,      315.2319,        8.4462,       68.1486,        0.6278,     1121.2180,        0.4249,    89599.0261,        3.0335,       51.0984,       10.0321,        4.6363,  322.6730,0.180382,  1.2211E-05
      103.8200,        1.3500,       15.0000,       30.0000,       14.0000,      120.0000,        4.0000,     2024.0000,      316.0323,        8.2189,      251.5450,        0.8808,     1053.1276,        0.9039,    94865.1493,        2.0041,       33.5982,      -16.2577,      -68.7084,  316.5236,0.185301,  9.3468E-06
       55.3000,       25.2000,        5.0000,        0.0000,       10.0000,      280.0000,       10.0000,     2024.0000,      287.7597,        9.9561,      243.6890,        0.7081,      886.6847,        0.1331,    96903.1971,        2.1256,       41.3570,      -18.1413,      -15.1351,  297.6468,0.200403,  1.1286E-05
      151.2100,      -33.8700,       39.0000,        0.0000,       12.0000,      172.0000,        6.0000,     2024.0000,      319.0792,        3.2602,      185.7399,        0.3357,     1163.3733,        0.1403,    94378.2495,        2.2843,       74.8960,      -17.2041,       62.7954,  319.0792,0.183257,  4.1233E-06
      -18.0000,       65.0000,       52.0000,        0.0000,       10.0000,      355.0000,       12.0000,     2024.0000,      258.6569,       15.4529,      256.8706,        0.6344,      329.8754,        0.2594,    99018.2254,        1.8320,       75.6300,       12.1607,      -56.7844,  260.7895,0.229888,  1.2976E-05
       55.3000,       25.2000,        5.0000,        0.0000,       10.0000,      280.0000,       10.0000,     2024.0000,      306.4418,        3.6930,       89.7382,        0.4849,      777.4697,        0.1409,    91419.1663,        3.5294,        8.5819,       -5.3272,     -101.2500,  318.3053,0.183876,  6.0409E-06
     -112.0700,       33.4500,      331.0000,        0.0000,       13.0000,      200.0000,        7.0000,     2024.0000,      286.5131,       10.0924,      236.7541,        0.3042,      902.5498,        0.3498,    86220.0594,        4.0541,       50.5637,      -12.0143,      -43.9606,  290.7351,0.205932,  1.2100E-05
      -18.0000,       65.0000,       52.0000,        0.0000,       10.0000,      355.0000,       12.0000,     2024.0000,      245.9345,        5.6600,      220.1351,        0.9825,      642.1863,        0.8834,    90169.2564,        1.4180,       76.3902,      -28.5925,      -17.3103,  247.2764,0.240699,  4.9636E-06
       55.3000,       25.2000,        5.0000,        0.0000,       10.0000,      280.0000,       10.0000,     2024.0000,      320.9265,        8.3725,       85.5931,        0.6808,     1244.1474,        0.4415,   100072.4130,        2.6993,       43.6140,        7.8378,      -90.4041,  330.0580,0.174474,  1.3031E-05
      151.2100,      -33.8700,       39.0000,        0.0000,       12.0000,      172.0000,        6.0000,     2024.0000,      276.5752,        8.5629,       21.9233,        0.3142,      724.0717,        0.2706,    93660.3782,        2.5994,       77.7981,      -25.3868,      -12.4922,  276.5752,0.217260,  1.1960E-05
       55.3000,       25.2000,        5.0000,        0.0000,       10.0000,      280.0000,       10.0000,     2024.0000,      318.0148,        7.9773,      268.9718,        0.2949,     1236.6609,        0.0863,    89184.6329,        4.0839,       33.7128,        1.9670,      -46.6676,  335.3710,0.170223,  1.0290E-05
       -0.1300,       51.5100,       11.0000,        0.0000,        9.0000,       80.0000,        3.0000,     2024.0000,      261.6729,       11.0305,      261.8509,        0.5532,      585.1486,        0.5346,    95387.7458,        2.3958,       11.6416,       -9.0127,      -85.2668,  263.5804,0.227656,  1.0704E-05
      -18.0000,       65.0000,       52.0000,        0.0000,       10.0000,      355.0000,       12.0000,     2024.0000,      238.1481,       19.9742,      207.6094,        0.6186,      615.2789,        0.7268,    92444.1090,        3.0067,       86.9464,       29.1671,       75.1489,  238.1481,0.248002,  1.9418E-05
       55.3000,       25.2000,        5.0000,        0.0000,       10.0000,      280.0000,       10.0000,     2024.0000,      315.7479,        0.3773,      177.2731,        0.6782,      842.6557,        0.4498,   101065.7306,        2.0229,       35.8496,       14.9883,      122.3483,  318.8487,0.183441,  2.0651E-06
     -122.0000,       37.5000,       25.0000,        0.0000,       12.0000,      172.0000,        6.0000,     2024.0000,      292.7552,        0.8598,      339.6234,        0.5715,     1317.5031,        0.1049,    91750.6749,        0.5163,       49.4192,       11.1173,      -18.7725,  326.4757,0.177339,  1.2214E-06
       55.3000,       25.2000,        5.0000,        0.0000,       10.0000,      280.0000,       10.0000,     2024.0000,      302.9263,        1.7774,      272.1438,        0.6210,     1189.5915,        0.3262,    91791.8279,        3.6172,       21.8601,        2.9555,       70.9870,  315.5282,0.186097,  2.8484E-06
       55.3000,       25.2000,        5.0000,        0.0000,       10.0000,      280.0000,       10.0000,     2024.0000,      295.8753,       11.3812,       66.0904,        0.6409,     1200.0700,        0.0604,    89247.4525,        1.4261,       33.0661,        5.8754,       96.4117,  301.2880,0.197490,  8.8944E-06
     -112.0700,       33.4500,      331.0000,        0.0000,       13.0000,      200.0000,        7.0000,     2024.0000,      293.2748,        5.9945,      194.0863,        0.1750,      898.7563,        0.1865,    92619.0205,        1.5536,       44.1013,      -15.1104,     -104.8235,  300.6466,0.198003,  5.3033E-06
     -122.0000,       37.5000,       25.0000,        0.0000,       12.0000,      172.0000,        6.0000,     2024.0000,      296.8642,       11.7865,      225.7132,        0.5777,      863.6566,        0.2479,    93552.1343,        3.2709,       15.4188,       12.7216,       73.0989,  303.7022,0.195558,  1.5764E-05
     -112.0700,       33.4500,      331.0000,        0.0000,       13.0000,      200.0000,        7.0000,     2024.0000,      289.2786,        0.4108,      229.6169,        0.1133,      973.2303,        0.1263,    96735.0971,        3.7232,       38.8953,       17.8175,       47.8228,  314.2262,0.187139,  2.3463E-06
      -18.0000,       65.0000,       52.0000,        0.0000,       10.0000,      355.0000,       12.0000,     2024.0000,      256.4772,       17.1049,       32.6130,        0.7592,       63.5153,        0.9217,    89261.9001,        2.5369,       80.0026,       21.5200,      -13.2262,  256.5136,0.233309,  1.9073E-05
     -122.0000,       37.5000,       25.0000,        0.0000,       12.0000,      172.0000,        6.0000,     2024.0000,      287.9592,        0.7063,      299.5818,        0.4340,      954.2197,        0.0232,    96793.1232,        1.6267,       42.0974,       25.5085,     -126.0429,  305.6630,0.193990,  1.6576E-06
      -18.0000,       65.0000,       52.0000,        0.0000,       10.0000,      355.0000,       12.0000,     2024.0000,      249.2393,       16.0673,      248.4457,        0.6644,      146.0925,        0.4361,    90358.7272,        2.3538,       69.8409,      -15.0305,       67.8318,  249.2393,0.239129,  1.4142E-05
      -68.0000,      -16.5000,     3600.0000,        0.0000,       12.0000,      172.0000,        6.0000,     2024.0000,      288.5832,        1.1483,      268.5197,        0.2174,     1304.0867,        0.3384,    76555.5339,        2.4052,       47.3184,       21.8764,      -74.5767,  298.2242,0.199941,  2.5793E-06
      151.2100,      -33.8700,       39.0000,        0.0000,       12.0000,      172.0000,        6.0000,     2024.0000,      274.5075,        1.2310,      191.2782,        0.4869,      774.3523,        0.1672,    96380.1678,        2.1832,       30.0944,       23.0175,      -50.2410,  278.0321,0.216094,  2.3155E-06
       -0.1300,       51.5100,       11.0000,        0.0000,        9.0000,       80.0000,        3.0000,     2024.0000,      273.0890,       11.5052,      162.7767,        0.4296,     1141.0176,        0.4761,    92164.1430,        1.3385,       48.9138,       20.5740,      -33.5219,  281.0115,0.213711,  1.0258E-05
      151.2100,      -33.8700,       39.0000,        0.0000,       12.0000,      172.0000,        6.0000,     2024.0000,      273.3168,        3.7010,       19.2012,        0.8215,     1257.1971,        0.4534,    89005.9805,        1.0714,       81.9108,      -26.1524,       66.0253,  273.3168,0.219867,  3.2217E-06
     -112.0700,       33.4500,      331.0000,        0.0000,       13.0000,      200.0000,        7.0000,     2024.0000,      293.9585,       10.4912,      260.5250,        0.2891,     1082.2968,        0.3709,   100043.1056,        2.2296,        6.3393,      -13.9072,      100.6012,  302.7503,0.196320,  1.2917E-05
      -68.0000,      -16.5000,     3600.0000,        0.0000,       12.0000,      172.0000,        6.0000,     2024.0000,      262.9866,        9.0792,      290.6768,        0.3919,      999.3161,        0.3783,    63311.8506,        2.5896,       33.0445,       13.4426,      -52.1140,  266.5266,0.225299,  8.0013E-06
      103.8200,        1.3500,       15.0000,       30.0000,       14.0000,      120.0000,        4.0000,     2024.0000,      290.3059,        5.4006,      166.1848,        0.7095,      977.1516,        0.6493,    92776.0927,        2.5338,        2.2092,      -16.3454,       97.4700,  295.4157,0.202187,  5.2897E-06
     -112.0700,       33.4500,      331.0000,        0.0000,       13.0000,      200.0000,        7.0000,     2024.0000,      290.9490,        3.0333,      335.3594,        0.2947,      880.3578,        0.3458,    89522.5998,        3.6989,       21.7375,       29.6647,      -92.5806,  300.4434,0.198165,  6.7347E-06
       25.0000,       23.5000,      200.0000,        0.0000,       11.0000,       90.0000,        3.0000,     2024.0000,      303.7398,       19.8957,      161.5539,        0.0418,      639.1498,        0.4887,    89497.8741,        2.9516,       51.9636,       18.4805,      119.8671,  304.3108,0.195071,  2.4559E-05
       55.3000,       25.2000,        5.0000,        0.0000,       10.0000,      280.0000,       10.0000,     2024.0000,      293.7111,        4.2180,       95.8758,        0.5578,     1238.2168,        0.1297,    98499.2761,        3.0165,       22.1363,        6.3237,       -6.8370,  313.8215,0.187463,  6.5058E-06
      -68.0000,      -16.5000,     3600.0000,        0.0000,       12.0000,      172.0000,        6.0000,     2024.0000,      306.3030,        0.3273,      348.7788,        0.0993,     1214.4134,        0.0290,    64434.1133,        3.3550,        5.7740,       21.1158,      -60.9468,  333.6209,0.171623,  1.7281E-06
     -112.0700,       33.4500,      331.0000,        0.0000,       13.0000,      200.0000,        7.0000,     2024.0000,      312.5907,        2.5018,      335.2165,        0.1275,     1008.1860,        0.3814,    90487.0738,        2.6290,       21.8221,       28.1390,      -36.3398,  325.5944,0.178044,  4.5042E-06
       25.0000,       23.5000,      200.0000,        0.0000,       11.0000,       90.0000,        3.0000,     2024.0000,      297.5501,       23.9499,       32.8301,        0.3534,      630.1276,        0.7552,    91297.9784,        3.4422,       13.8586,       14.6974,      -55.7187,  298.4298,0.199776,  2.4800E-05
     -122.0000,       37.5000,       25.0000,        0.0000,       12.0000,      172.0000,        6.0000,     2024.0000,      292.9854,        8.9078,      294.9763,        0.3270,     1128.1110,        0.0343,    94488.0294,        2.5959,       32.0024,      -19.7402,      -12.0876,  307.0984,0.192841,  1.4416E-05
     -122.0000,       37.5000,       25.0000,        0.0000,       12.0000,      172.0000,        6.0000,     2024.0000,      308.7017,        6.3868,      320.7903,        0.0509,     1189.0915,        0.1984,    98176.8086,        1.0419,        4.4428,      -15.8681,     -115.7440,  329.4103,0.174992,  6.7971E-06
       -0.1300,       51.5100,       11.0000,        0.0000,        9.0000,       80.0000,        3.0000,     2024.0000,      276.2574,       11.8307,      332.4104,        0.6947,      644.0566,        0.4975,    92065.4265,        2.3157,       59.3438,      -15.8152,      107.1639,  276.2574,0.217514,  1.1599E-05
      151.2100,      -33.8700,       39.0000,        0.0000,       12.0000,      172.0000,        6.0000,     2024.0000,      272.5602,        4.4043,      161.9307,        0.2480,      625.4358,        0.5598,    93840.5472,        2.2986,       35.8459,      -14.9293,       75.4635,  274.3631,0.219030,  4.0339E-06
      151.2100,      -33.8700,       39.0000,        0.0000,       12.0000,      172.0000,        6.0000,     2024.0000,      305.4578,       12.4406,      178.3227,        0.7432,     1027.5782,        0.3201,    92571.8372,        1.0537,       56.0898,      -27.0128,       66.4432,  305.6763,0.193979,  9.8220E-06
       55.3000,       25.2000,        5.0000,        0.0000,       10.0000,      280.0000,       10.0000,     2024.0000,      308.6462,        8.3629,      187.8217,        0.6588,     1082.7461,        0.1519,    96530.0527,        4.4898,       39.5131,       18.9128,      101.1055,  311.1442,0.189605,  9.7943E-06
      103.8200,        1.3500,       15.0000,       30.0000,       14.0000,      120.0000,        4.0000,     2024.0000,      276.9404,        1.4688,      259.8779,        0.7353,      659.0861,        0.9395,    92740.2654,        1.3992,       17.2059,       -0.8971,       39.2571,  277.9290,0.216177,  1.9708E-06
      151.2100,      -33.8700,       39.0000,        0.0000,       12.0000,      172.0000,        6.0000,     2024.0000,      307.1996,        9.4463,      188.8582,        0.3217,      471.2989,        0.3691,    86874.0902,        1.7293,       70.4704,      -12.5621,      -27.5794,  307.1996,0.192760,  1.1312E-05
      -68.0000,      -16.5000,     3600.0000,        0.0000,       12.0000,      172.0000,        6.0000,     2024.0000,      273.5398,        1.0895,      188.1094,        0.0775,      919.9365,        0.1432,    69909.4610,        3.4708,       24.3624,      -13.1474,       76.0951,  287.9352,0.208172,  2.2462E-06
       55.3000,       25.2000,        5.0000,        0.0000,       10.0000,      280.0000,       10.0000,     2024.0000,      304.6209,        7.6802,      111.3462,        0.3941,     1312.7256,        0.3213,    91272.1960,        2.7248,       21.6561,       26.1842,      -89.2611,  315.5548,0.186076,  1.2432E-05
       25.0000,       23.5000,      200.0000,        0.0000,       11.0000,       90.0000,        3.0000,     2024.0000,      282.4532,       18.6353,       12.9134,        0.0234,      460.6675,        0.7436,    99019.2897,        4.7623,       59.5296,       36.0363,      -71.7654,  282.9952,0.212124,  1.9295E-05
     -112.0700,       33.4500,      331.0000,        0.0000,       13.0000,      200.0000,        7.0000,     2024.0000,      318.7184,        7.6939,      225.6003,        0.3845,     1105.3543,        0.0469,    87857.5092,        1.9196,       45.2425,       -0.1262,      -20.4601,  333.1658,0.171987,  9.4300E-06
       55.3000,       25.2000,        5.0000,        0.0000,       10.0000,      280.0000,       10.0000,     2024.0000,      305.8253,        6.5351,       71.5687,        0.4129,      690.9151,        0.4158,    97386.3950,        1.6944,       24.1469,        7.6710,      -21.3706,  313.3831,0.187813,  7.1545E-06
       55.3000,       25.2000,        5.0000,        0.0000,       10.0000,      280.0000,       10.0000,     2024.0000,      292.2548,        3.1707,      236.8694,        0.2156,     1163.5611,        0.3773,    96220.3032,        3.7023,       23.0931,      -17.5634,     -100.7156,  305.8798,0.193816,  5.5790E-06
       55.3000,       25.2000,        5.0000,        0.0000,       10.0000,      280.0000,       10.0000,     2024.0000,      293.1332,        3.6235,      131.5627,        0.7951,      696.1411,        0.0938,    95466.4106,        2.9974,       44.8713,       21.7123,     -124.6061,  301.3134,0.197469,  5.4045E-06
       25.0000,       23.5000,      200.0000,        0.0000,       11.0000,       90.0000,        3.0000,     2024.0000,      300.3374,       20.6234,      170.1774,        0.2303,      346.3249,        0.5746,    93030.9447,        3.1816,       22.4087,       22.3880,        3.6444,  301.2444,0.197524,  2.4668E-05
      103.8200,        1.3500,       15.0000,       30.0000,       14.0000,      120.0000,        4.0000,     2024.0000,      316.5142,        1.8363,      284.1072,        0.9155,     1223.4398,        0.7226,    92951.2179,        2.1580,       39.7535,       16.6337,      -82.1990,  318.4555,0.183756,  3.8056E-06
       55.3000,       25.2000,        5.0000,        0.0000,       10.0000,      280.0000,       10.0000,     2024.0000,      297.4417,        2.9092,       85.5388,        0.2493,      708.0041,        0.3208,    91459.9371,        3.4577,       17.1751,       18.0993,       52.5578,  304.8951,0.194604,  5.1394E-06
      103.8200,        1.3500,       15.0000,       30.0000,       14.0000,      120.0000,        4.0000,     2024.0000,      292.2198,        3.5948,      196.9845,        0.9688,     1183.8116,        0.6936,    90907.2397,        1.7533,        8.1918,       15.4749,        6.3620,  298.8402,0.199448,  5.5066E-06
       55.3000,       25.2000,        5.0000,        0.0000,       10.0000,      280.0000,       10.0000,     2024.0000,      285.4275,        7.8505,      255.4667,        0.3208,      913.0743,        0.3613,    88804.9034,        4.4101,       43.4302,        3.1061,      -27.3949,  293.9634,0.203349,  1.0582E-05
     -112.0700,       33.4500,      331.0000,        0.0000,       13.0000,      200.0000,        7.0000,     2024.0000,      312.2537,        6.9398,      248.9226,        0.4001,     1153.3231,        0.1818,    89397.1468,        2.9044,       45.8968,      -22.5490,      109.0654,  323.6545,0.179596,  8.1263E-06
      103.8200,        1.3500,       15.0000,       30.0000,       14.0000,      120.0000,        4.0000,     2024.0000,      294.2842,        7.0094,      219.5075,        0.7888,      902.2959,        0.7827,    96664.4238,        1.0002,       32.3268,       21.5171,      122.6014,  298.2615,0.199911,  6.6001E-06
     -112.0700,       33.4500,      331.0000,        0.0000,       13.0000,      200.0000,        7.0000,     2024.0000,      320.4442,        9.9028,      325.2174,        0.0937,     1338.3203,        0.1306,    95946.7097,        3.5079,       20.8971,      -16.1518,      106.3956,  334.6427,0.170806,  1.5737E-05
      103.8200,        1.3500,       15.0000,       30.0000,       14.0000,      120.0000,        4.0000,     2024.0000,      275.4235,        6.0403,      194.5566,        0.7095,     1084.6468,        0.9774,    94706.7920,        1.4998,        3.3017,      -17.4897,      -19.4326,  275.7941,0.217885,  6.0354E-06
     -122.0000,       37.5000,       25.0000,        0.0000,       12.0000,      172.0000,        6.0000,     2024.0000,      280.1557,       12.2382,      190.0255,        0.4250,     1322.0630,        0.3303,    98716.0667,        2.8532,       51.5710,        4.5016,       93.7044,  285.7621,0.209910,  1.5297E-05
       -0.1300,       51.5100,       11.0000,        0.0000,        9.0000,       80.0000,        3.0000,     2024.0000,      296.8839,        0.9927,      192.4138,        0.5268,      947.4511,        0.4301,    97212.1946,        2.4235,       27.8928,       21.8782,      -23.0889,  308.7409,0.191527,  2.3138E-06
      103.8200,        1.3500,       15.0000,       30.0000,       14.0000,      120.0000,        4.0000,     2024.0000,      281.4526,        0.5107,      304.4562,        0.8826,     1046.0809,        0.6704,    87828.4363,        1.2843,       37.8748,       29.5499,      -41.3605,  284.1745,0.211180,  1.0676E-06
       55.3000,       25.2000,        5.0000,        0.0000,       10.0000,      280.0000,       10.0000,     2024.0000,      318.8970,        4.0312,       69.4783,        0.6548,      800.1959,        0.1825,    96354.8316,        3.9626,       15.0271,        9.7473,       86.1483,  327.3029,0.176678,  7.5369E-06
      -18.0000,       65.0000,       52.0000,        0.0000,       10.0000,      355.0000,       12.0000,     2024.0000,      250.5534,       13.6711,      242.6312,        0.4655,      448.8018,        0.3735,   100470.8638,        0.7478,       70.0020,       16.7781,     -112.1951,  250.8957,0.237803,  7.5688E-06
     -122.0000,       37.5000,       25.0000,        0.0000,       12.0000,      172.0000,        6.0000,     2024.0000,      301.3758,        0.4159,      233.0695,        0.3936,      858.8447,        0.0703,    91518.0279,        0.6070,       18.0107,       13.8908,      -34.5888,  329.8592,0.174633,  1.0150E-06
      -68.0000,      -16.5000,     3600.0000,        0.0000,       12.0000,      172.0000,        6.0000,     2024.0000,      282.0834,        2.6230,      198.8619,        0.3914,     1007.2458,        0.1367,    73114.6165,        3.3979,        1.1284,      -18.5237,      -61.4786,  297.7741,0.200301,  4.8343E-06
       55.3000,       25.2000,        5.0000,        0.0000,       10.0000,      280.0000,       10.0000,     2024.0000,      307.8963,       11.5003,      250.7156,        0.5788,      926.2851,        0.0974,    95407.8886,        3.3323,       33.7214,      -29.9519,      -71.8463,  315.9474,0.185762,  1.3853E-05
       25.0000,       23.5000,      200.0000,        0.0000,       11.0000,       90.0000,        3.0000,     2024.0000,      282.5873,       20.8285,      163.4051,        0.4174,      128.8843,        0.6352,   100181.0344,        2.7915,       16.1672,      -15.7847,      -87.1218,  282.8775,0.212218,  2.2176E-05
       25.0000,       23.5000,      200.0000,        0.0000,       11.0000,       90.0000,        3.0000,     2024.0000,      284.6211,       19.6319,      142.9613,        0.3446,      216.6247,        0.6023,    90227.3667,        4.7657,        7.3566,      -16.1835,      -12.3299,  285.1817,0.210375,  2.5623E-05
     -112.0700,       33.4500,      331.0000,        0.0000,       13.0000,      200.0000,        7.0000,     2024.0000,      297.4214,        9.3225,      275.1574,        0.4482,     1346.9933,        0.0423,    96254.4168,        3.3590,        3.0533,       -5.6420,       15.5659,  314.2948,0.187084,  1.5396E-05
      -68.0000,      -16.5000,     3600.0000,        0.0000,       12.0000,      172.0000,        6.0000,     2024.0000,      294.0442,       13.0624,      246.9909,        0.5270,      886.8921,        0.0713,    68554.2468,        3.2668,       33.6265,       -9.8241,        1.7041,  296.4144,0.201388,  1.7056E-05
       25.0000,       23.5000,      200.0000,        0.0000,       11.0000,       90.0000,        3.0000,     2024.0000,      287.1342,       19.8372,      145.1293,        0.2110,      666.5997,        0.7552,   100222.2629,        3.1784,       16.0869,        1.5899,      -74.1475,  288.2533,0.207917,  1.8822E-05
     -122.0000,       37.5000,       25.0000,        0.0000,       12.0000,      172.0000,        6.0000,     2024.0000,      315.4681,        5.1221,      264.5083,        0.1675,      982.9210,        0.4055,    95954.6925,        2.7422,       30.6504,      -28.8272,      -68.0127,  324.5279,0.178898,  7.3696E-06
       25.0000,       23.5000,      200.0000,        0.0000,       11.0000,       90.0000,        3.0000,     2024.0000,      290.7186,       16.5002,      125.9889,        0.0069,       69.6733,        0.6186,    86386.8476,        2.8858,       54.3861,       35.5076,        1.5335,  290.8620,0.205830,  2.3584E-05
      103.8200,        1.3500,       15.0000,       30.0000,       14.0000,      120.0000,        4.0000,     2024.0000,      279.3324,        3.5416,      253.0425,        0.7442,      593.7878,        0.7053,    99923.6430,        1.3711,        6.0360,        7.8791,      -11.7210,  282.6833,0.212373,  4.2549E-06
       55.3000,       25.2000,        5.0000,        0.0000,       10.0000,      280.0000,       10.0000,     2024.0000,      312.8162,       10.6312,      145.8901,        0.6409,     1200.7990,        0.2723,    88441.2131,        1.5404,       10.5721,        1.6088,       83.2715,  321.7567,0.181115,  7.5211E-06
      151.2100,      -33.8700,       39.0000,        0.0000,       12.0000,      172.0000,        6.0000,     2024.0000,      319.5096,        0.8771,       30.7645,        0.5389,      724.8754,        0.1940,    90299.6036,        2.0579,       35.3911,      -27.3002,      -85.0462,  326.3804,0.177416,  2.2055E-06
      103.8200,        1.3500,       15.0000,       30.0000,       14.0000,      120.0000,        4.0000,     2024.0000,      317.2280,        6.9111,      258.8484,        0.8528,     1126.6650,        0.7015,    89798.6143,        2.5159,       36.7670,       -4.6203,     -115.6394,  319.3629,0.183030,  8.9944E-06
      -68.0000,      -16.5000,     3600.0000,        0.0000,       12.0000,      172.0000,        6.0000,     2024.0000,      272.0341,        8.4545,      225.2684,        0.1990,     1051.7913,        0.2081,    65781.9903,        1.0005,       11.8436,      -26.7375,      -81.7498,  282.7842,0.212293,  7.9327E-06
      151.2100,      -33.8700,       39.0000,        0.0000,       12.0000,      172.0000,        6.0000,     2024.0000,      278.8987,       11.6759,       71.3841,        0.2681,      429.9983,        0.4122,    87455.3220,        0.6111,       35.1866,      -28.4442,      -18.2168,  278.8987,0.215401,  6.6872E-06
     -112.0700,       33.4500,      331.0000,        0.0000,       13.0000,      200.0000,        7.0000,     2024.0000,      291.7286,        4.0385,      201.8984,        0.2633,     1309.3653,        0.0348,    93458.2827,        2.1191,       51.0186,      -14.6119,       22.7778,  315.3954,0.186204,  6.1165E-06
       25.0000,       23.5000,      200.0000,        0.0000,       11.0000,       90.0000,        3.0000,     2024.0000,      290.0548,       19.0092,       28.5171,        0.1615,      548.6498,        0.3645,   100366.3297,        2.8147,       50.4826,       36.3326,      115.5799,  290.6572,0.205994,  2.4389E-05
      -18.0000,       65.0000,       52.0000,        0.0000,       10.0000,      355.0000,       12.0000,     2024.0000,      257.6319,       10.3212,      142.7855,        0.5775,      347.5025,        0.4351,    94921.9479,        2.8763,       83.8177,        7.8864,        1.9880,  259.6418,0.230807,  1.3029E-05
      151.2100,      -33.8700,       39.0000,        0.0000,       12.0000,      172.0000,        6.0000,     2024.0000,      316.1801,       11.4097,      199.2949,        0.2606,     1177.7936,        0.4369,    90406.6300,        1.6262,       57.1848,      -21.1506,      108.4741,  320.9811,0.181735,  1.3312E-05
     -122.0000,       37.5000,       25.0000,        0.0000,       12.0000,      172.0000,        6.0000,     2024.0000,      298.5022,       11.3967,      266.0492,        0.6455,     1162.8849,        0.3024,   100645.3479,        0.8646,       45.7933,        3.7077,     -113.3375,  307.1883,0.192769,  8.5042E-06
      103.8200,        1.3500,       15.0000,       30.0000,       14.0000,      120.0000,        4.0000,     2024.0000,      308.2009,        2.9955,       99.0782,        0.7256,     1124.4744,        0.6550,    93658.9040,        0.8677,       29.7962,      -13.6614,      -52.7450,  312.3862,0.188611,  3.6558E-06
      -68.0000,      -16.5000,     3600.0000,        0.0000,       12.0000,      172.0000,        6.0000,     2024.0000,      265.4929,        7.6487,      316.2004,        0.3160,      917.2907,        0.0522,    68950.4184,        2.9441,        4.8696,      -20.2053,      -89.1817,  274.8129,0.218670,  9.9757E-06
       -0.1300,       51.5100,       11.0000,        0.0000,        9.0000,       80.0000,        3.0000,     2024.0000,      297.5003,       10.9245,      277.1235,        0.7014,     1237.2745,        0.1344,    89441.8389,        1.8954,       54.8325,      -21.5967,       15.0784,  305.2244,0.194340,  9.4784E-06
       -0.1300,       51.5100,       11.0000,        0.0000,        9.0000,       80.0000,        3.0000,     2024.0000,      275.8950,        5.8987,      167.4065,        0.6481,      733.9291,        0.3255,    95018.8639,        0.8259,       59.1950,       -7.0282,      -22.0724,  286.4986,0.209321,  4.5853E-06
     -122.0000,       37.5000,       25.0000,        0.0000,       12.0000,      172.0000,        6.0000,     2024.0000,      287.7215,        6.1662,      162.5464,        0.5953,     1063.4305,        0.2794,    93149.9173,        0.5007,       31.6048,       21.6035,     -131.1650,  301.2156,0.197548,  4.1649E-06
     -122.0000,       37.5000,       25.0000,        0.0000,       12.0000,      172.0000,        6.0000,     2024.0000,      298.2526,        5.1361,      249.0905,        0.3639,     1029.7395,        0.0239,    86907.8241,        2.8041,       30.8967,      -26.8038,      -60.3565,  314.0049,0.187316,  7.4793E-06
      -18.0000,       65.0000,       52.0000,        0.0000,       10.0000,      355.0000,       12.0000,     2024.0000,      236.5364,       12.9088,      137.5714,        0.8505,       34.5715,        0.2817,    85380.5160,        2.6086,       73.8449,       -2.5761,       99.2612,  236.5364,0.249291,  1.0533E-05
       25.0000,       23.5000,      200.0000,        0.0000,       11.0000,       90.0000,        3.0000,     2024.0000,      311.9790,       17.3117,       96.6148,        0.2244,      613.0637,        0.6082,    90164.1202,        4.4652,       40.4946,        1.5765,       -6.8605,  313.8071,0.187474,  2.0682E-05
      151.2100,      -33.8700,       39.0000,        0.0000,       12.0000,      172.0000,        6.0000,     2024.0000,      265.9083,        4.9181,      158.1873,        0.3704,     1071.5977,        0.1375,    89018.8010,        1.8493,       81.9788,       15.8215,      -39.0177,  265.9083,0.225793,  5.3950E-06
       55.3000,       25.2000,        5.0000,        0.0000,       10.0000,      280.0000,       10.0000,     2024.0000,      276.2100,        7.1098,       72.8958,        0.3486,     1135.3493,        0.2743,    97195.0611,        3.4853,       34.3871,       20.9603,       21.3870,  285.3329,0.210254,  9.3304E-06
      103.8200,        1.3500,       15.0000,       30.0000,       14.0000,      120.0000,        4.0000,     2024.0000,      292.9368,        0.7992,      141.4708,        0.6561,      631.2160,        0.8113,    95210.1664,        1.4976,       35.6971,       17.8065,       -4.2707,  294.7106,0.202752,  1.8101E-06
      -18.0000,       65.0000,       52.0000,        0.0000,       10.0000,      355.0000,       12.0000,     2024.0000,      238.3173,        8.5584,      116.9646,        0.5750,       56.3412,        0.3295,    86483.4296,        2.2440,       58.2494,        8.8337,      -23.5277,  238.7822,0.247494,  9.4513E-06
      -68.0000,      -16.5000,     3600.0000,        0.0000,       12.0000,      172.0000,        6.0000,     2024.0000,      271.0406,        4.5828,      330.6792,        0.2175,     1313.0162,        0.1059,    74149.5162,        3.1874,       33.6113,       12.2787,       14.4131,  277.7705,0.216304,  6.4896E-06
     -112.0700,       33.4500,      331.0000,        0.0000,       13.0000,      200.0000,        7.0000,     2024.0000,      296.6719,        2.0256,      214.6324,        0.4484,      857.1933,        0.1415,   100484.8681,        3.1904,       30.1516,      -19.1224,      -12.6226,  313.5825,0.187654,  3.6429E-06
      103.8200,        1.3500,       15.0000,       30.0000,       14.0000,      120.0000,        4.0000,     2024.0000,      303.2177,        9.3025,      125.2149,        0.7059,      884.8047,        0.7370,    97019.5060,        0.7969,       34.1736,      -17.8475,       73.5528,  307.3378,0.192650,  8.0804E-06
       -0.1300,       51.5100,       11.0000,        0.0000,        9.0000,       80.0000,        3.0000,     2024.0000,      281.5898,       11.3954,      278.9383,        0.5261,     1131.4609,        0.4919,   101254.0802,        0.6491,       55.5637,        3.8505,      111.6545,  281.5898,0.213248,  7.2628E-06
      -18.0000,       65.0000,       52.0000,        0.0000,       10.0000,      355.0000,       12.0000,     2024.0000,      241.5098,       11.5625,      191.3704,        0.9656,       94.1706,        0.8972,    98753.0403,        1.9807,       75.7796,      -14.8499,       45.0754,  241.5443,0.245285,  1.1058E-05
       55.3000,       25.2000,        5.0000,        0.0000,       10.0000,      280.0000,       10.0000,     2024.0000,      280.6594,        5.0800,      251.6780,        0.5938,      630.8274,        0.3905,    97472.5722,        2.0585,        3.9934,       17.9223,      -88.5961,  286.5924,0.209246,  5.8555E-06
     -122.0000,       37.5000,       25.0000,        0.0000,       12.0000,      172.0000,        6.0000,     2024.0000,      322.7999,        3.1692,      242.8528,        0.0735,      862.0078,        0.0086,    89313.3777,        1.0246,        6.4766,       18.3397,       31.0267,  346.9576,0.160954,  3.2735E-06
       -0.1300,       51.5100,       11.0000,        0.0000,        9.0000,       80.0000,        3.0000,     2024.0000,      314.0996,       11.7536,      275.0505,        0.4253,      792.3888,        0.3092,   100227.4099,        1.2016,       41.8975,       -1.9672,      104.7639,  314.0996,0.187240,  1.0463E-05
      103.8200,        1.3500,       15.0000,       30.0000,       14.0000,      120.0000,        4.0000,     2024.0000,      288.4445,        8.1036,      224.3017,        0.9984,      800.0449,        0.9532,    91449.7517,        1.7437,       18.4423,      -28.9247,     -101.1392,  288.7716,0.207503,  8.0414E-06
      -18.0000,       65.0000,       52.0000,        0.0000,       10.0000,      355.0000,       12.0000,     2024.0000,      239.9342,       12.0488,      205.5083,        0.8917,       58.8737,        0.4653,   100813.6972,        2.2110,       63.2630,       30.8736,      -50.0359,  240.1922,0.246366,  8.7719E-06
      -68.0000,      -16.5000,     3600.0000,        0.0000,       12.0000,      172.0000,        6.0000,     2024.0000,      296.9058,        8.9388,      164.7786,        0.3643,     1148.0185,        0.2242,    77857.3986,        2.7579,       31.3741,       11.2059,        0.7379,  300.8216,0.197863,  1.1971E-05
     -112.0700,       33.4500,      331.0000,        0.0000,       13.0000,      200.0000,        7.0000,     2024.0000,      318.7795,        6.8615,      356.9131,        0.0400,     1200.7892,        0.0184,    86146.2488,        3.2534,       39.9240,        5.4292,      -13.4718,  335.2154,0.170348,  1.0227E-05
       -0.1300,       51.5100,       11.0000,        0.0000,        9.0000,       80.0000,        3.0000,     2024.0000,      302.3107,        7.5059,      169.4671,        0.6210,      602.0168,        0.3107,    95481.6661,        2.1270,       40.6656,      -16.0247,       65.1978,  302.7572,0.196314,  6.7187E-06
       55.3000,       25.2000,        5.0000,        0.0000,       10.0000,      280.0000,       10.0000,     2024.0000,      298.5714,        1.0235,      131.4153,        0.5429,     1344.0067,        0.3569,    90570.9167,        1.9202,       13.4761,       24.1739,       65.0004,  315.2436,0.186325,  2.3420E-06
       25.0000,       23.5000,      200.0000,        0.0000,       11.0000,       90.0000,        3.0000,     2024.0000,      311.7345,       18.7079,       96.1078,        0.3951,      813.8536,        0.7723,    93918.9841,        4.3724,       40.3641,      -20.6240,      -28.4449,  313.0133,0.188109,  2.4711E-05
